INSERT INTO contacts (CM_Id,CM_Type,CM_PrefTemplateRefId,CM_UIDString,CM_Last_modified,CM_ContactCreationDate,CM_Attributes,CM_ReplicationCount,CM_Header,CM_TextBlob,CM_SearchableText) VALUES (
0,
268440331,
NULL,
'00e0db497825ca28',
#07/06/2006#,
#07/06/2006#,
4,
0,
'040000007a1c01c0ff0000000000000000000200002e40001005000000145469746c651401c0ff0000000000000000200040002e4000100a000000284669727374206e616d651c01c0ff0000000000000000800080002e4000100b0000002c4d6964646c65206e616d651401c0ff00000000000000001000c0002e40001009000000244c617374206e616d651c01c0ff0000000000000000000100012e40001006000000185375666669781401ccff000000000000000002004001db390010dd390010713e00102a40001006000000184d6f62696c651401c8ff000000000000000002008001db390010dd3900102a4000100800000020486f6d652074656c1c01ccff00000000000000000000c00191170010db390010de3900102a4000100800000020486f6d65206661781c01ccff000000000000000002000002db390010dd390010723e00102a4000100a00000028486f6d652050616765721c01c8ff000000000000000002004002db390010d53900102a4000100e0000003842756c6c6574696e20426f6172641c01c8ff000000000000000002008002db390010d63900102a4000100a00000028486f6d65204d6f64656d1c01ccff00000000000000000200c002db390010dd390010d73900102a40001009000000244361722050686f6e651c01c8ff000000000000000002000003db390010d83900102a4000100900000024486f6d65204953444e1c01c8ff000000000000000002004003db390010d93900102a4000100a00000028486f6d6520566964656f1401c4ff000000000000000000408003db390010204000100a00000028486f6d6520656d61696c1c01c8ff00000000000000000000c003f44d0010db390010ea4d00100b0000002c486f6d6520504f20626f781c01c8ff000000000000000000000004f54d0010db390010eb4d00101000000040486f6d652065787420616464726573731401c4ff000000000000000040004004db3900101d4000100c00000030486f6d6520616464726573731401c8ff000000000000000000008004f64d0010db390010ec4d00100900000024486f6d6520636974791401c8ff00000000000000000000c004f74d0010db390010ed4d00100b0000002c486f6d6520726567696f6e1401c8ff000000000000000000000005f84d0010db390010ee4d00100b0000002c486f6d65207027636f64651401c8ff000000000000000000004005f94d0010db390010ef4d00100c00000030486f6d6520636f756e7472791401c8ff00000000000000000000800535400010db3900102d4000100d00000034486f6d652057656220706167651401ccff00000000000000000000c00502611f10bfa91f10db3900102e4000101000000040576972656c6573732056696c6c6167651401c4ff00000000000000000000000657d91f10b7d91f100b0000002c5365636f6e64204e616d652401c0ff00000000000000000800400626400010070000001c436f6d70616e792401c4ff000000000000000000008006989300102c40001009000000244a6f62207469746c652c01ccff00000000000000000200c006da390010dd390010713e00102a4000100b0000002c576f726b206d6f62696c652401c8ff000000000000000002000007da390010dd3900102a4000100800000020576f726b2074656c2401ccff00000000000000000000400791170010da390010de3900102a4000100800000020576f726b206661782c01c8ff000000000000000002008007723e0010da3900102a4000100a00000028576f726b2070616765722c01c8ff00000000000000000200c007da390010d53900102a400010130000004c576f726b2042756c6c6574696e20426f6172642c01c8ff000000000000000002000008da390010d63900102a4000100a00000028576f726b204d6f64656d1c01ccff000000000000000002004008da390010dd390010d73900102a4000100e00000038576f726b204361722050686f6e652c01c8ff000000000000000002008008da390010d83900102a4000100900000024576f726b204953444e2c01c8ff00000000000000000200c008da390010d93900102a4000100a00000028576f726b20566964656f2401c4ff000000000000000000400009da390010204000100a00000028576f726b20656d61696c2401c8ff00000000000000000000400935400010da3900102d4000100d00000034576f726b2057656220706167652c01c8ff000000000000000000008009f44d0010da390010ea4d00100b0000002c576f726b20504f20626f782c01c8ff00000000000000000000c009f54d0010da390010eb4d00101000000040576f726b2065787420616464726573732401c4ff00000000000000004000000ada3900101d4000100c00000030576f726b20616464726573732401c8ff00000000000000000000400af64d0010da390010ec4d00100900000024576f726b20636974792401c8ff00000000000000000000800af74d0010da390010ed4d00100b0000002c576f726b20726567696f6e2401c8ff00000000000000000000c00af84d0010da390010ee4d00100b0000002c576f726b207027636f64652401c8ff00000000000000000000000bf94d0010da390010ef4d00100c00000030576f726b20636f756e7472792511c4ff00000000040000000000400bd15d00102340001004000000104c4f474f2401ccff00000000000000000000800b02611f10bfa91f10da3900102e4000101000000040576972656c6573732056696c6c6167653c31c4ff00000000080000000000c00b344000101f400010080000002042697274686461793401c4ff00000000000000000000000c1c4000102540001005000000144e6f7465730501c0ff00000000000000000000400c2f4000100c00000030446973706c6179206e616d650511c4ff00000000100000000000800cd15d001027400010050000001450484f544f0c01c0ff00000000000000000000c00c2240001005000000144c4142454c0501c4ff00000000000000000000000d805700102e400010160000005847726f7570202f2054656d706c617465204c6162656c0401c4ff10000000000000000000400d0ad21f102e4000101c00000070437573746f6d2046696c74657261626c65206669656c64204e6f2e320401c4ff08000000000000000000800d09d21f102e4000101c00000070437573746f6d2046696c74657261626c65206669656c64204e6f2e311401c0ff00000000000000002008c00d2e40001012000000484669727374206e616d652072656164696e671401c0ff00000000000000001008000e2e40001011000000444c617374206e616d652072656164696e672401c0ff00000000000000000808400eab1520100f0000003c436f6d70616e792072656164696e671401c8ff00000000000000000000800eb04b2010c84f2010b14b20100a0000002853495020494420504f431401c8ff00000000000000000000c00eb04b2010c94f2010b14b20100b0000002c53495020494420535749531401c8ff00000000000000000000000fb04b2010ca4f2010b14b20100b0000002c53495020494420564f4950',

'0000000000000000000000000000008000000000',

'                                                                                                                    '
);

INSERT INTO identitytable (Parent_CMID,CM_FirstName,CM_LastName,CM_CompanyName,CM_Type,CM_Attributes,CM_HintField,CM_ExtHintField,CM_FirstNmPrn,CM_LastNmPrn,CM_CompanyNmPrn) VALUES (
0,
NULL,
NULL,
NULL,
268440331,
4,
0,
0,
NULL,
NULL,
NULL
);

INSERT INTO contacts (CM_Id,CM_Type,CM_PrefTemplateRefId,CM_UIDString,CM_Last_modified,CM_ContactCreationDate,CM_Attributes,CM_ReplicationCount,CM_Header,CM_TextBlob,CM_SearchableText) VALUES (
1,
268440329,
0,
'00e0db49787ea72e',
#07/06/2006#,
#07/06/2006#,
4,
0,
'0400000006140044000000000000000000200040002e4000102e4000101400c40000000000000000001000c0002e4000102e400010140280010000000000000000',

'00000000',

'        1 4 3 5 2 3 6 0 7 5 7 6 0 0 5   '
);

INSERT INTO identitytable (Parent_CMID,CM_FirstName,CM_LastName,CM_CompanyName,CM_Type,CM_Attributes,CM_HintField,CM_ExtHintField,CM_FirstNmPrn,CM_LastNmPrn,CM_CompanyNmPrn) VALUES (
1,
'Alip',
'Hanittrinke',
NULL,
268440329,
4,
84,
0,
NULL,
NULL,
NULL
);

INSERT INTO phone (CM_Id,CM_PhoneMatching,CM_ExtendedPhoneMatching) VALUES (
1,
5006757,
6325341
);

INSERT INTO contacts (CM_Id,CM_Type,CM_PrefTemplateRefId,CM_UIDString,CM_Last_modified,CM_ContactCreationDate,CM_Attributes,CM_ReplicationCount,CM_Header,CM_TextBlob,CM_SearchableText) VALUES (
2,
268440329,
0,
'00e0db49787f71d1',
#07/06/2006#,
#07/06/2006#,
4,
0,
'0400000006140044000000000000000000200040002e4000102e4000101400c40000000000000000001000c0002e4000102e400010140280010000000000000000',

'00000000',

'        6 8 0 8 2 0 6 1 2 5 5 2 0 6 1   '
);

INSERT INTO identitytable (Parent_CMID,CM_FirstName,CM_LastName,CM_CompanyName,CM_Type,CM_Attributes,CM_HintField,CM_ExtHintField,CM_FirstNmPrn,CM_LastNmPrn,CM_CompanyNmPrn) VALUES (
2,
'An',
'Kahanilopmareaveoplll',
NULL,
268440329,
4,
84,
0,
NULL,
NULL,
NULL
);

INSERT INTO phone (CM_Id,CM_PhoneMatching,CM_ExtendedPhoneMatching) VALUES (
2,
1602552,
16028086
);

INSERT INTO contacts (CM_Id,CM_Type,CM_PrefTemplateRefId,CM_UIDString,CM_Last_modified,CM_ContactCreationDate,CM_Attributes,CM_ReplicationCount,CM_Header,CM_TextBlob,CM_SearchableText) VALUES (
3,
268440329,
0,
'00e0db49787f98e1',
#07/06/2006#,
#07/06/2006#,
4,
0,
'0400000006140044000000000000000000200040002e4000102e4000101400c40000000000000000001000c0002e4000102e400010140280010000000000000000',

'00000000',

'        7 3 4 3 4 1 6 8 1 3 2 3 5 7 1   '
);

INSERT INTO identitytable (Parent_CMID,CM_FirstName,CM_LastName,CM_CompanyName,CM_Type,CM_Attributes,CM_HintField,CM_ExtHintField,CM_FirstNmPrn,CM_LastNmPrn,CM_CompanyNmPrn) VALUES (
3,
'Ia',
'Abandf',
NULL,
268440329,
4,
84,
0,
NULL,
NULL,
NULL
);

INSERT INTO phone (CM_Id,CM_PhoneMatching,CM_ExtendedPhoneMatching) VALUES (
3,
1753231,
86143437
);

INSERT INTO contacts (CM_Id,CM_Type,CM_PrefTemplateRefId,CM_UIDString,CM_Last_modified,CM_ContactCreationDate,CM_Attributes,CM_ReplicationCount,CM_Header,CM_TextBlob,CM_SearchableText) VALUES (
4,
268440329,
0,
'00e0db49787fbff1',
#07/06/2006#,
#07/06/2006#,
4,
0,
'0400000006140044000000000000000000200040002e4000102e4000101400c40000000000000000001000c0002e4000102e400010140280010000000000000000',

'00000000',

'        0 5 5 0 4 4 8 8 0 4 0 8 0 0 6   '
);

INSERT INTO identitytable (Parent_CMID,CM_FirstName,CM_LastName,CM_CompanyName,CM_Type,CM_Attributes,CM_HintField,CM_ExtHintField,CM_FirstNmPrn,CM_LastNmPrn,CM_CompanyNmPrn) VALUES (
4,
'Dasamidrin',
'Edrllbl',
NULL,
268440329,
4,
84,
0,
NULL,
NULL,
NULL
);

INSERT INTO phone (CM_Id,CM_PhoneMatching,CM_ExtendedPhoneMatching) VALUES (
4,
6008040,
88440550
);

INSERT INTO contacts (CM_Id,CM_Type,CM_PrefTemplateRefId,CM_UIDString,CM_Last_modified,CM_ContactCreationDate,CM_Attributes,CM_ReplicationCount,CM_Header,CM_TextBlob,CM_SearchableText) VALUES (
5,
268440329,
0,
'00e0db49787fd379',
#07/06/2006#,
#07/06/2006#,
4,
0,
'0400000006140044000000000000000000200040002e4000102e4000101400c40000000000000000001000c0002e4000102e400010140280010000000000000000',

'00000000',

'        3 5 4 3 4 1 0 0 5 2 3 1 8 2 6   '
);

INSERT INTO identitytable (Parent_CMID,CM_FirstName,CM_LastName,CM_CompanyName,CM_Type,CM_Attributes,CM_HintField,CM_ExtHintField,CM_FirstNmPrn,CM_LastNmPrn,CM_CompanyNmPrn) VALUES (
5,
'Antis',
'Wonynssonebsengebep',
NULL,
268440329,
4,
84,
0,
NULL,
NULL,
NULL
);

INSERT INTO phone (CM_Id,CM_PhoneMatching,CM_ExtendedPhoneMatching) VALUES (
5,
6281325,
143453
);

INSERT INTO contacts (CM_Id,CM_Type,CM_PrefTemplateRefId,CM_UIDString,CM_Last_modified,CM_ContactCreationDate,CM_Attributes,CM_ReplicationCount,CM_Header,CM_TextBlob,CM_SearchableText) VALUES (
6,
268440329,
0,
'00e0db49787ffa89',
#07/06/2006#,
#07/06/2006#,
4,
0,
'0400000006140044000000000000000000200040002e4000102e4000101400c40000000000000000001000c0002e4000102e400010140280010000000000000000',

'00000000',

'        4 4 3 4 4 3 5 0 0 4 4 1 0 7 1   '
);

INSERT INTO identitytable (Parent_CMID,CM_FirstName,CM_LastName,CM_CompanyName,CM_Type,CM_Attributes,CM_HintField,CM_ExtHintField,CM_FirstNmPrn,CM_LastNmPrn,CM_CompanyNmPrn) VALUES (
6,
'Da',
'Tris',
NULL,
268440329,
4,
84,
0,
NULL,
NULL,
NULL
);

INSERT INTO phone (CM_Id,CM_PhoneMatching,CM_ExtendedPhoneMatching) VALUES (
6,
1701440,
5344344
);

INSERT INTO contacts (CM_Id,CM_Type,CM_PrefTemplateRefId,CM_UIDString,CM_Last_modified,CM_ContactCreationDate,CM_Attributes,CM_ReplicationCount,CM_Header,CM_TextBlob,CM_SearchableText) VALUES (
7,
268440329,
0,
'00e0db49788001dc',
#07/06/2006#,
#07/06/2006#,
4,
0,
'0400000006140044000000000000000000200040002e4000102e4000101400c40000000000000000001000c0002e4000102e400010140280010000000000000000',

'00000000',

'        1 3 4 1 4 3 7 8 3 3 4 5 0 8 4   '
);

INSERT INTO identitytable (Parent_CMID,CM_FirstName,CM_LastName,CM_CompanyName,CM_Type,CM_Attributes,CM_HintField,CM_ExtHintField,CM_FirstNmPrn,CM_LastNmPrn,CM_CompanyNmPrn) VALUES (
7,
'Ko',
'Kanjaou',
NULL,
268440329,
4,
84,
0,
NULL,
NULL,
NULL
);

INSERT INTO phone (CM_Id,CM_PhoneMatching,CM_ExtendedPhoneMatching) VALUES (
7,
4805433,
87341431
);

INSERT INTO contacts (CM_Id,CM_Type,CM_PrefTemplateRefId,CM_UIDString,CM_Last_modified,CM_ContactCreationDate,CM_Attributes,CM_ReplicationCount,CM_Header,CM_TextBlob,CM_SearchableText) VALUES (
8,
268440329,
0,
'00e0db49788028ec',
#07/06/2006#,
#07/06/2006#,
4,
0,
'0400000006140044000000000000000000200040002e4000102e4000101400c40000000000000000001000c0002e4000102e400010140280010000000000000000',

'00000000',

'        8 1 7 3 4 1 1 0 4 4 7 5 1 1 0   '
);

INSERT INTO identitytable (Parent_CMID,CM_FirstName,CM_LastName,CM_CompanyName,CM_Type,CM_Attributes,CM_HintField,CM_ExtHintField,CM_FirstNmPrn,CM_LastNmPrn,CM_CompanyNmPrn) VALUES (
8,
'All',
'Lebrissortorkss',
NULL,
268440329,
4,
84,
0,
NULL,
NULL,
NULL
);

INSERT INTO phone (CM_Id,CM_PhoneMatching,CM_ExtendedPhoneMatching) VALUES (
8,
115744,
1143718
);

INSERT INTO contacts (CM_Id,CM_Type,CM_PrefTemplateRefId,CM_UIDString,CM_Last_modified,CM_ContactCreationDate,CM_Attributes,CM_ReplicationCount,CM_Header,CM_TextBlob,CM_SearchableText) VALUES (
9,
268440329,
0,
'00e0db497880526d',
#07/06/2006#,
#07/06/2006#,
4,
0,
'0400000006140044000000000000000000200040002e4000102e4000101400c40000000000000000001000c0002e4000102e400010140280010000000000000000',

'00000000',

'        2 6 8 5 5 7 8 0 5 0 4 5 2 8 0   '
);

INSERT INTO identitytable (Parent_CMID,CM_FirstName,CM_LastName,CM_CompanyName,CM_Type,CM_Attributes,CM_HintField,CM_ExtHintField,CM_FirstNmPrn,CM_LastNmPrn,CM_CompanyNmPrn) VALUES (
9,
'Antishobd',
'Band',
NULL,
268440329,
4,
84,
0,
NULL,
NULL,
NULL
);

INSERT INTO phone (CM_Id,CM_PhoneMatching,CM_ExtendedPhoneMatching) VALUES (
9,
825405,
8755862
);

INSERT INTO contacts (CM_Id,CM_Type,CM_PrefTemplateRefId,CM_UIDString,CM_Last_modified,CM_ContactCreationDate,CM_Attributes,CM_ReplicationCount,CM_Header,CM_TextBlob,CM_SearchableText) VALUES (
10,
268440329,
0,
'00e0db49788065f5',
#07/06/2006#,
#07/06/2006#,
4,
0,
'0400000006140044000000000000000000200040002e4000102e4000101400c40000000000000000001000c0002e4000102e400010140280010000000000000000',

'00000000',

'        6 4 5 2 5 7 6 3 7 8 2 1 8 6 8   '
);

INSERT INTO identitytable (Parent_CMID,CM_FirstName,CM_LastName,CM_CompanyName,CM_Type,CM_Attributes,CM_HintField,CM_ExtHintField,CM_FirstNmPrn,CM_LastNmPrn,CM_CompanyNmPrn) VALUES (
10,
'Ran',
'Humalils',
NULL,
268440329,
4,
84,
0,
NULL,
NULL,
NULL
);

INSERT INTO phone (CM_Id,CM_PhoneMatching,CM_ExtendedPhoneMatching) VALUES (
10,
8681287,
36752546
);

INSERT INTO contacts (CM_Id,CM_Type,CM_PrefTemplateRefId,CM_UIDString,CM_Last_modified,CM_ContactCreationDate,CM_Attributes,CM_ReplicationCount,CM_Header,CM_TextBlob,CM_SearchableText) VALUES (
11,
268440329,
0,
'00e0db4978808d05',
#07/06/2006#,
#07/06/2006#,
4,
0,
'0400000006140044000000000000000000200040002e4000102e4000101400c40000000000000000001000c0002e4000102e400010140280010000000000000000',

'00000000',

'        6 3 3 1 1 2 1 3 6 2 6 1 3 3 8   '
);

INSERT INTO identitytable (Parent_CMID,CM_FirstName,CM_LastName,CM_CompanyName,CM_Type,CM_Attributes,CM_HintField,CM_ExtHintField,CM_FirstNmPrn,CM_LastNmPrn,CM_CompanyNmPrn) VALUES (
11,
'Zors',
'Mo',
NULL,
268440329,
4,
84,
0,
NULL,
NULL,
NULL
);

INSERT INTO phone (CM_Id,CM_PhoneMatching,CM_ExtendedPhoneMatching) VALUES (
11,
8331626,
31211336
);

INSERT INTO contacts (CM_Id,CM_Type,CM_PrefTemplateRefId,CM_UIDString,CM_Last_modified,CM_ContactCreationDate,CM_Attributes,CM_ReplicationCount,CM_Header,CM_TextBlob,CM_SearchableText) VALUES (
12,
268440329,
0,
'00e0db497880a08d',
#07/06/2006#,
#07/06/2006#,
4,
0,
'0400000006140044000000000000000000200040002e4000102e4000101400c40000000000000000001000c0002e4000102e400010140280010000000000000000',

'00000000',

'        3 6 4 8 2 2 8 2 0 4 2 3 1 4 3   '
);

INSERT INTO identitytable (Parent_CMID,CM_FirstName,CM_LastName,CM_CompanyName,CM_Type,CM_Attributes,CM_HintField,CM_ExtHintField,CM_FirstNmPrn,CM_LastNmPrn,CM_CompanyNmPrn) VALUES (
12,
'Licobrudri',
'Ma',
NULL,
268440329,
4,
84,
0,
NULL,
NULL,
NULL
);

INSERT INTO phone (CM_Id,CM_PhoneMatching,CM_ExtendedPhoneMatching) VALUES (
12,
3413240,
28228463
);

INSERT INTO contacts (CM_Id,CM_Type,CM_PrefTemplateRefId,CM_UIDString,CM_Last_modified,CM_ContactCreationDate,CM_Attributes,CM_ReplicationCount,CM_Header,CM_TextBlob,CM_SearchableText) VALUES (
13,
268440329,
0,
'00e0db497880c79d',
#07/06/2006#,
#07/06/2006#,
4,
0,
'0400000006140044000000000000000000200040002e4000102e4000101400c40000000000000000001000c0002e4000102e400010140280010000000000000000',

'00000000',

'        2 4 2 8 5 1 6 2 5 4 2 8 5 1 4   '
);

INSERT INTO identitytable (Parent_CMID,CM_FirstName,CM_LastName,CM_CompanyName,CM_Type,CM_Attributes,CM_HintField,CM_ExtHintField,CM_FirstNmPrn,CM_LastNmPrn,CM_CompanyNmPrn) VALUES (
13,
'An',
'Mck',
NULL,
268440329,
4,
84,
0,
NULL,
NULL,
NULL
);

INSERT INTO phone (CM_Id,CM_PhoneMatching,CM_ExtendedPhoneMatching) VALUES (
13,
4158245,
26158242
);

INSERT INTO contacts (CM_Id,CM_Type,CM_PrefTemplateRefId,CM_UIDString,CM_Last_modified,CM_ContactCreationDate,CM_Attributes,CM_ReplicationCount,CM_Header,CM_TextBlob,CM_SearchableText) VALUES (
14,
268440329,
0,
'00e0db497880f600',
#07/06/2006#,
#07/06/2006#,
4,
0,
'0400000006140044000000000000000000200040002e4000102e4000101400c40000000000000000001000c0002e4000102e400010140280010000000000000000',

'00000000',

'        6 8 4 8 7 5 5 5 5 6 5 7 8 5 3   '
);

INSERT INTO identitytable (Parent_CMID,CM_FirstName,CM_LastName,CM_CompanyName,CM_Type,CM_Attributes,CM_HintField,CM_ExtHintField,CM_FirstNmPrn,CM_LastNmPrn,CM_CompanyNmPrn) VALUES (
14,
'Sin',
'Yolurkicondh',
NULL,
268440329,
4,
84,
0,
NULL,
NULL,
NULL
);

INSERT INTO phone (CM_Id,CM_PhoneMatching,CM_ExtendedPhoneMatching) VALUES (
14,
3587565,
55578486
);

INSERT INTO contacts (CM_Id,CM_Type,CM_PrefTemplateRefId,CM_UIDString,CM_Last_modified,CM_ContactCreationDate,CM_Attributes,CM_ReplicationCount,CM_Header,CM_TextBlob,CM_SearchableText) VALUES (
15,
268440329,
0,
'00e0db4978810988',
#07/06/2006#,
#07/06/2006#,
4,
0,
'0400000006140044000000000000000000200040002e4000102e4000101400c40000000000000000001000c0002e4000102e400010140280010000000000000000',

'00000000',

'        4 0 4 7 8 1 4 4 8 2 7 7 7 1 7   '
);

INSERT INTO identitytable (Parent_CMID,CM_FirstName,CM_LastName,CM_CompanyName,CM_Type,CM_Attributes,CM_HintField,CM_ExtHintField,CM_FirstNmPrn,CM_LastNmPrn,CM_CompanyNmPrn) VALUES (
15,
'An',
'Kuselsonenymss',
NULL,
268440329,
4,
84,
0,
NULL,
NULL,
NULL
);

INSERT INTO phone (CM_Id,CM_PhoneMatching,CM_ExtendedPhoneMatching) VALUES (
15,
7177728,
44187404
);

INSERT INTO contacts (CM_Id,CM_Type,CM_PrefTemplateRefId,CM_UIDString,CM_Last_modified,CM_ContactCreationDate,CM_Attributes,CM_ReplicationCount,CM_Header,CM_TextBlob,CM_SearchableText) VALUES (
16,
268440329,
0,
'00e0db4978816da1',
#07/06/2006#,
#07/06/2006#,
4,
0,
'0400000006140044000000000000000000200040002e4000102e4000101400c40000000000000000001000c0002e4000102e400010140280010000000000000000',

'00000000',

'        1 7 5 4 4 5 6 1 3 2 2 1 2 5 4   '
);

INSERT INTO identitytable (Parent_CMID,CM_FirstName,CM_LastName,CM_CompanyName,CM_Type,CM_Attributes,CM_HintField,CM_ExtHintField,CM_FirstNmPrn,CM_LastNmPrn,CM_CompanyNmPrn) VALUES (
16,
'Herug',
'WaicKaky',
NULL,
268440329,
4,
84,
0,
NULL,
NULL,
NULL
);

INSERT INTO phone (CM_Id,CM_PhoneMatching,CM_ExtendedPhoneMatching) VALUES (
16,
4521223,
16544571
);

INSERT INTO contacts (CM_Id,CM_Type,CM_PrefTemplateRefId,CM_UIDString,CM_Last_modified,CM_ContactCreationDate,CM_Attributes,CM_ReplicationCount,CM_Header,CM_TextBlob,CM_SearchableText) VALUES (
17,
268440329,
0,
'00e0db497881bbc1',
#07/06/2006#,
#07/06/2006#,
4,
0,
'0400000006140044000000000000000000200040002e4000102e4000101400c40000000000000000001000c0002e4000102e400010140280010000000000000000',

'00000000',

'        8 2 6 2 5 6 5 0 4 8 2 4 7 8 0   '
);

INSERT INTO identitytable (Parent_CMID,CM_FirstName,CM_LastName,CM_CompanyName,CM_Type,CM_Attributes,CM_HintField,CM_ExtHintField,CM_FirstNmPrn,CM_LastNmPrn,CM_CompanyNmPrn) VALUES (
17,
'Staizurg',
'Hukw',
NULL,
268440329,
4,
84,
0,
NULL,
NULL,
NULL
);

INSERT INTO phone (CM_Id,CM_PhoneMatching,CM_ExtendedPhoneMatching) VALUES (
17,
874284,
5652628
);

INSERT INTO contacts (CM_Id,CM_Type,CM_PrefTemplateRefId,CM_UIDString,CM_Last_modified,CM_ContactCreationDate,CM_Attributes,CM_ReplicationCount,CM_Header,CM_TextBlob,CM_SearchableText) VALUES (
18,
268440329,
0,
'00e0db497881cf49',
#07/06/2006#,
#07/06/2006#,
4,
0,
'0400000006140044000000000000000000200040002e4000102e4000101400c40000000000000000001000c0002e4000102e400010140280010000000000000000',

'00000000',

'        1 3 0 7 5 4 4 3 2 6 2 0 4 2 2   '
);

INSERT INTO identitytable (Parent_CMID,CM_FirstName,CM_LastName,CM_CompanyName,CM_Type,CM_Attributes,CM_HintField,CM_ExtHintField,CM_FirstNmPrn,CM_LastNmPrn,CM_CompanyNmPrn) VALUES (
18,
'Nindelicin',
'Samirush',
NULL,
268440329,
4,
84,
0,
NULL,
NULL,
NULL
);

INSERT INTO phone (CM_Id,CM_PhoneMatching,CM_ExtendedPhoneMatching) VALUES (
18,
2240262,
34457031
);

INSERT INTO contacts (CM_Id,CM_Type,CM_PrefTemplateRefId,CM_UIDString,CM_Last_modified,CM_ContactCreationDate,CM_Attributes,CM_ReplicationCount,CM_Header,CM_TextBlob,CM_SearchableText) VALUES (
19,
268440329,
0,
'00e0db497881f659',
#07/06/2006#,
#07/06/2006#,
4,
0,
'0400000006140044000000000000000000200040002e4000102e4000101400c40000000000000000001000c0002e4000102e400010140280010000000000000000',

'00000000',

'        0 1 2 0 1 2 7 8 3 1 0 6 7 4 4   '
);

INSERT INTO identitytable (Parent_CMID,CM_FirstName,CM_LastName,CM_CompanyName,CM_Type,CM_Attributes,CM_HintField,CM_ExtHintField,CM_FirstNmPrn,CM_LastNmPrn,CM_CompanyNmPrn) VALUES (
19,
'Sustiel',
'Ka',
NULL,
268440329,
4,
84,
0,
NULL,
NULL,
NULL
);

INSERT INTO phone (CM_Id,CM_PhoneMatching,CM_ExtendedPhoneMatching) VALUES (
19,
4476013,
87210210
);

INSERT INTO contacts (CM_Id,CM_Type,CM_PrefTemplateRefId,CM_UIDString,CM_Last_modified,CM_ContactCreationDate,CM_Attributes,CM_ReplicationCount,CM_Header,CM_TextBlob,CM_SearchableText) VALUES (
20,
268440329,
0,
'00e0db4978821d69',
#07/06/2006#,
#07/06/2006#,
4,
0,
'0400000006140044000000000000000000200040002e4000102e4000101400c40000000000000000001000c0002e4000102e400010140280010000000000000000',

'00000000',

'        5 1 4 4 5 6 4 0 2 0 4 1 8 5 5   '
);

INSERT INTO identitytable (Parent_CMID,CM_FirstName,CM_LastName,CM_CompanyName,CM_Type,CM_Attributes,CM_HintField,CM_ExtHintField,CM_FirstNmPrn,CM_LastNmPrn,CM_CompanyNmPrn) VALUES (
20,
'Cagetaton',
'Tu',
NULL,
268440329,
4,
84,
0,
NULL,
NULL,
NULL
);

INSERT INTO phone (CM_Id,CM_PhoneMatching,CM_ExtendedPhoneMatching) VALUES (
20,
5581402,
4654415
);

INSERT INTO contacts (CM_Id,CM_Type,CM_PrefTemplateRefId,CM_UIDString,CM_Last_modified,CM_ContactCreationDate,CM_Attributes,CM_ReplicationCount,CM_Header,CM_TextBlob,CM_SearchableText) VALUES (
21,
268440329,
0,
'00e0db49788261c5',
#07/06/2006#,
#07/06/2006#,
4,
0,
'0400000006140044000000000000000000200040002e4000102e4000101400c40000000000000000001000c0002e4000102e400010140280010000000000000000',

'00000000',

'        4 8 8 5 4 4 6 8 5 1 2 7 0 4 6   '
);

INSERT INTO identitytable (Parent_CMID,CM_FirstName,CM_LastName,CM_CompanyName,CM_Type,CM_Attributes,CM_HintField,CM_ExtHintField,CM_FirstNmPrn,CM_LastNmPrn,CM_CompanyNmPrn) VALUES (
21,
'Tan',
'Fas',
NULL,
268440329,
4,
84,
0,
NULL,
NULL,
NULL
);

INSERT INTO phone (CM_Id,CM_PhoneMatching,CM_ExtendedPhoneMatching) VALUES (
21,
6407215,
86445884
);

INSERT INTO contacts (CM_Id,CM_Type,CM_PrefTemplateRefId,CM_UIDString,CM_Last_modified,CM_ContactCreationDate,CM_Attributes,CM_ReplicationCount,CM_Header,CM_TextBlob,CM_SearchableText) VALUES (
22,
268440329,
0,
'00e0db49788288d5',
#07/06/2006#,
#07/06/2006#,
4,
0,
'0400000006140044000000000000000000200040002e4000102e4000101400c40000000000000000001000c0002e4000102e400010140280010000000000000000',

'00000000',

'        4 5 0 7 2 4 0 2 0 5 3 6 3 0 8   '
);

INSERT INTO identitytable (Parent_CMID,CM_FirstName,CM_LastName,CM_CompanyName,CM_Type,CM_Attributes,CM_HintField,CM_ExtHintField,CM_FirstNmPrn,CM_LastNmPrn,CM_CompanyNmPrn) VALUES (
22,
'Maka',
'Kus',
NULL,
268440329,
4,
84,
0,
NULL,
NULL,
NULL
);

INSERT INTO phone (CM_Id,CM_PhoneMatching,CM_ExtendedPhoneMatching) VALUES (
22,
8036350,
20427054
);

INSERT INTO contacts (CM_Id,CM_Type,CM_PrefTemplateRefId,CM_UIDString,CM_Last_modified,CM_ContactCreationDate,CM_Attributes,CM_ReplicationCount,CM_Header,CM_TextBlob,CM_SearchableText) VALUES (
23,
268440329,
0,
'00e0db4978829c5d',
#07/06/2006#,
#07/06/2006#,
4,
0,
'0400000006140044000000000000000000200040002e4000102e4000101400c40000000000000000001000c0002e4000102e400010140280010000000000000000',

'00000000',

'        7 2 7 1 5 1 8 2 1 7 7 2 2 0 0   '
);

INSERT INTO identitytable (Parent_CMID,CM_FirstName,CM_LastName,CM_CompanyName,CM_Type,CM_Attributes,CM_HintField,CM_ExtHintField,CM_FirstNmPrn,CM_LastNmPrn,CM_CompanyNmPrn) VALUES (
23,
'Be',
'G',
NULL,
268440329,
4,
84,
0,
NULL,
NULL,
NULL
);

INSERT INTO phone (CM_Id,CM_PhoneMatching,CM_ExtendedPhoneMatching) VALUES (
23,
22771,
28151727
);

INSERT INTO contacts (CM_Id,CM_Type,CM_PrefTemplateRefId,CM_UIDString,CM_Last_modified,CM_ContactCreationDate,CM_Attributes,CM_ReplicationCount,CM_Header,CM_TextBlob,CM_SearchableText) VALUES (
24,
268440329,
0,
'00e0db497882c36d',
#07/06/2006#,
#07/06/2006#,
4,
0,
'0400000006140044000000000000000000200040002e4000102e4000101400c40000000000000000001000c0002e4000102e400010140280010000000000000000',

'00000000',

'        0 7 0 8 3 7 2 3 5 6 6 7 7 6 6   '
);

INSERT INTO identitytable (Parent_CMID,CM_FirstName,CM_LastName,CM_CompanyName,CM_Type,CM_Attributes,CM_HintField,CM_ExtHintField,CM_FirstNmPrn,CM_LastNmPrn,CM_CompanyNmPrn) VALUES (
24,
'Chellaicard',
'Judey',
NULL,
268440329,
4,
84,
0,
NULL,
NULL,
NULL
);

INSERT INTO phone (CM_Id,CM_PhoneMatching,CM_ExtendedPhoneMatching) VALUES (
24,
6677665,
32738070
);

INSERT INTO contacts (CM_Id,CM_Type,CM_PrefTemplateRefId,CM_UIDString,CM_Last_modified,CM_ContactCreationDate,CM_Attributes,CM_ReplicationCount,CM_Header,CM_TextBlob,CM_SearchableText) VALUES (
25,
268440329,
0,
'00e0db497882d6f5',
#07/06/2006#,
#07/06/2006#,
4,
0,
'0400000006140044000000000000000000200040002e4000102e4000101400c40000000000000000001000c0002e4000102e400010140280010000000000000000',

'00000000',

'        5 6 5 3 1 1 0 1 4 8 7 7 5 0 6   '
);

INSERT INTO identitytable (Parent_CMID,CM_FirstName,CM_LastName,CM_CompanyName,CM_Type,CM_Attributes,CM_HintField,CM_ExtHintField,CM_FirstNmPrn,CM_LastNmPrn,CM_CompanyNmPrn) VALUES (
25,
'Freleral',
'Mckurkerooners',
NULL,
268440329,
4,
84,
0,
NULL,
NULL,
NULL
);

INSERT INTO phone (CM_Id,CM_PhoneMatching,CM_ExtendedPhoneMatching) VALUES (
25,
6057784,
10113565
);

INSERT INTO contacts (CM_Id,CM_Type,CM_PrefTemplateRefId,CM_UIDString,CM_Last_modified,CM_ContactCreationDate,CM_Attributes,CM_ReplicationCount,CM_Header,CM_TextBlob,CM_SearchableText) VALUES (
26,
268440329,
0,
'00e0db497882fe05',
#07/06/2006#,
#07/06/2006#,
4,
0,
'0400000006140044000000000000000000200040002e4000102e4000101400c40000000000000000001000c0002e4000102e400010140280010000000000000000',

'00000000',

'        8 7 3 7 0 6 3 5 0 4 8 1 5 1 3   '
);

INSERT INTO identitytable (Parent_CMID,CM_FirstName,CM_LastName,CM_CompanyName,CM_Type,CM_Attributes,CM_HintField,CM_ExtHintField,CM_FirstNmPrn,CM_LastNmPrn,CM_CompanyNmPrn) VALUES (
26,
'Teril',
'Tamaw',
NULL,
268440329,
4,
84,
0,
NULL,
NULL,
NULL
);

INSERT INTO phone (CM_Id,CM_PhoneMatching,CM_ExtendedPhoneMatching) VALUES (
26,
3151840,
53607378
);

INSERT INTO contacts (CM_Id,CM_Type,CM_PrefTemplateRefId,CM_UIDString,CM_Last_modified,CM_ContactCreationDate,CM_Attributes,CM_ReplicationCount,CM_Header,CM_TextBlob,CM_SearchableText) VALUES (
27,
268440329,
0,
'00e0db4978836971',
#07/06/2006#,
#07/06/2006#,
4,
0,
'0400000006140044000000000000000000200040002e4000102e4000101400c40000000000000000001000c0002e4000102e400010140280010000000000000000',

'00000000',

'        8 2 5 4 3 1 7 6 6 8 0 1 8 0 4   '
);

INSERT INTO identitytable (Parent_CMID,CM_FirstName,CM_LastName,CM_CompanyName,CM_Type,CM_Attributes,CM_HintField,CM_ExtHintField,CM_FirstNmPrn,CM_LastNmPrn,CM_CompanyNmPrn) VALUES (
27,
'Ketusstiruhavopph',
'DaralantttUss',
NULL,
268440329,
4,
84,
0,
NULL,
NULL,
NULL
);

INSERT INTO phone (CM_Id,CM_PhoneMatching,CM_ExtendedPhoneMatching) VALUES (
27,
4081086,
67134528
);

INSERT INTO contacts (CM_Id,CM_Type,CM_PrefTemplateRefId,CM_UIDString,CM_Last_modified,CM_ContactCreationDate,CM_Attributes,CM_ReplicationCount,CM_Header,CM_TextBlob,CM_SearchableText) VALUES (
28,
268440329,
0,
'00e0db4978874ffa',
#07/06/2006#,
#07/06/2006#,
4,
0,
'0400000006140044000000000000000000200040002e4000102e4000101400c40000000000000000001000c0002e4000102e400010140280010000000000000000',

'00000000',

'        7 1 3 7 4 6 4 2 0 7 0 3 0 6 5   '
);

INSERT INTO identitytable (Parent_CMID,CM_FirstName,CM_LastName,CM_CompanyName,CM_Type,CM_Attributes,CM_HintField,CM_ExtHintField,CM_FirstNmPrn,CM_LastNmPrn,CM_CompanyNmPrn) VALUES (
28,
'Mavetegn',
'Da',
NULL,
268440329,
4,
84,
0,
NULL,
NULL,
NULL
);

INSERT INTO phone (CM_Id,CM_PhoneMatching,CM_ExtendedPhoneMatching) VALUES (
28,
5603070,
24647317
);

INSERT INTO contacts (CM_Id,CM_Type,CM_PrefTemplateRefId,CM_UIDString,CM_Last_modified,CM_ContactCreationDate,CM_Attributes,CM_ReplicationCount,CM_Header,CM_TextBlob,CM_SearchableText) VALUES (
29,
268440329,
0,
'00e0db49788a7815',
#07/06/2006#,
#07/06/2006#,
4,
0,
'0400000006140044000000000000000000200040002e4000102e4000101400c40000000000000000001000c0002e4000102e400010140280010000000000000000',

'00000000',

'        4 5 5 5 2 8 7 0 7 2 4 4 8 7 6   '
);

INSERT INTO identitytable (Parent_CMID,CM_FirstName,CM_LastName,CM_CompanyName,CM_Type,CM_Attributes,CM_HintField,CM_ExtHintField,CM_FirstNmPrn,CM_LastNmPrn,CM_CompanyNmPrn) VALUES (
29,
'Sthurar',
'Kisons',
NULL,
268440329,
4,
84,
0,
NULL,
NULL,
NULL
);

INSERT INTO phone (CM_Id,CM_PhoneMatching,CM_ExtendedPhoneMatching) VALUES (
29,
6784427,
7825554
);

INSERT INTO contacts (CM_Id,CM_Type,CM_PrefTemplateRefId,CM_UIDString,CM_Last_modified,CM_ContactCreationDate,CM_Attributes,CM_ReplicationCount,CM_Header,CM_TextBlob,CM_SearchableText) VALUES (
30,
268440329,
0,
'00e0db49788dbfed',
#07/06/2006#,
#07/06/2006#,
4,
0,
'0400000006140044000000000000000000200040002e4000102e4000101400c40000000000000000001000c0002e4000102e400010140280010000000000000000',

'00000000',

'        0 8 3 4 7 8 3 4 2 5 4 6 8 3 8   '
);

INSERT INTO identitytable (Parent_CMID,CM_FirstName,CM_LastName,CM_CompanyName,CM_Type,CM_Attributes,CM_HintField,CM_ExtHintField,CM_FirstNmPrn,CM_LastNmPrn,CM_CompanyNmPrn) VALUES (
30,
'Ja',
'R',
NULL,
268440329,
4,
84,
0,
NULL,
NULL,
NULL
);

INSERT INTO phone (CM_Id,CM_PhoneMatching,CM_ExtendedPhoneMatching) VALUES (
30,
8386452,
43874380
);

INSERT INTO contacts (CM_Id,CM_Type,CM_PrefTemplateRefId,CM_UIDString,CM_Last_modified,CM_ContactCreationDate,CM_Attributes,CM_ReplicationCount,CM_Header,CM_TextBlob,CM_SearchableText) VALUES (
31,
268440329,
0,
'00e0db497898f223',
#07/06/2006#,
#07/06/2006#,
4,
0,
'0400000006140044000000000000000000200040002e4000102e4000101400c40000000000000000001000c0002e4000102e400010140280010000000000000000',

'00000000',

'        0 6 2 3 3 5 4 7 7 4 2 1 4 1 8   '
);

INSERT INTO identitytable (Parent_CMID,CM_FirstName,CM_LastName,CM_CompanyName,CM_Type,CM_Attributes,CM_HintField,CM_ExtHintField,CM_FirstNmPrn,CM_LastNmPrn,CM_CompanyNmPrn) VALUES (
31,
'Hethahristinnninge',
'Har',
NULL,
268440329,
4,
84,
0,
NULL,
NULL,
NULL
);

INSERT INTO phone (CM_Id,CM_PhoneMatching,CM_ExtendedPhoneMatching) VALUES (
31,
8141247,
74533260
);

INSERT INTO contacts (CM_Id,CM_Type,CM_PrefTemplateRefId,CM_UIDString,CM_Last_modified,CM_ContactCreationDate,CM_Attributes,CM_ReplicationCount,CM_Header,CM_TextBlob,CM_SearchableText) VALUES (
32,
268440329,
0,
'00e0db49789ead6c',
#07/06/2006#,
#07/06/2006#,
4,
0,
'0400000006140044000000000000000000200040002e4000102e4000101400c40000000000000000001000c0002e4000102e400010140280010000000000000000',

'00000000',

'        2 8 0 5 4 8 0 3 1 4 3 7 8 1 5   '
);

INSERT INTO identitytable (Parent_CMID,CM_FirstName,CM_LastName,CM_CompanyName,CM_Type,CM_Attributes,CM_HintField,CM_ExtHintField,CM_FirstNmPrn,CM_LastNmPrn,CM_CompanyNmPrn) VALUES (
32,
'Jobe',
'Muinrsogtzutrs',
NULL,
268440329,
4,
84,
0,
NULL,
NULL,
NULL
);

INSERT INTO phone (CM_Id,CM_PhoneMatching,CM_ExtendedPhoneMatching) VALUES (
32,
5187341,
30845082
);

INSERT INTO contacts (CM_Id,CM_Type,CM_PrefTemplateRefId,CM_UIDString,CM_Last_modified,CM_ContactCreationDate,CM_Attributes,CM_ReplicationCount,CM_Header,CM_TextBlob,CM_SearchableText) VALUES (
33,
268440329,
0,
'00e0db4978a5e320',
#07/06/2006#,
#07/06/2006#,
4,
0,
'0400000006140044000000000000000000200040002e4000102e4000101400c40000000000000000001000c0002e4000102e400010140280010000000000000000',

'00000000',

'        1 1 8 0 7 6 2 1 0 5 3 6 8 1 8   '
);

INSERT INTO identitytable (Parent_CMID,CM_FirstName,CM_LastName,CM_CompanyName,CM_Type,CM_Attributes,CM_HintField,CM_ExtHintField,CM_FirstNmPrn,CM_LastNmPrn,CM_CompanyNmPrn) VALUES (
33,
'Ga',
'Fal',
NULL,
268440329,
4,
84,
0,
NULL,
NULL,
NULL
);

INSERT INTO phone (CM_Id,CM_PhoneMatching,CM_ExtendedPhoneMatching) VALUES (
33,
8186350,
12670811
);

INSERT INTO contacts (CM_Id,CM_Type,CM_PrefTemplateRefId,CM_UIDString,CM_Last_modified,CM_ContactCreationDate,CM_Attributes,CM_ReplicationCount,CM_Header,CM_TextBlob,CM_SearchableText) VALUES (
34,
268440329,
0,
'00e0db4978a86055',
#07/06/2006#,
#07/06/2006#,
4,
0,
'0400000006140044000000000000000000200040002e4000102e4000101400c40000000000000000001000c0002e4000102e400010140280010000000000000000',

'00000000',

'        4 0 4 7 3 4 1 6 1 4 1 7 4 3 4   '
);

INSERT INTO identitytable (Parent_CMID,CM_FirstName,CM_LastName,CM_CompanyName,CM_Type,CM_Attributes,CM_HintField,CM_ExtHintField,CM_FirstNmPrn,CM_LastNmPrn,CM_CompanyNmPrn) VALUES (
34,
'Joepary',
'Girayms',
NULL,
268440329,
4,
84,
0,
NULL,
NULL,
NULL
);

INSERT INTO phone (CM_Id,CM_PhoneMatching,CM_ExtendedPhoneMatching) VALUES (
34,
4347141,
61437404
);

INSERT INTO contacts (CM_Id,CM_Type,CM_PrefTemplateRefId,CM_UIDString,CM_Last_modified,CM_ContactCreationDate,CM_Attributes,CM_ReplicationCount,CM_Header,CM_TextBlob,CM_SearchableText) VALUES (
35,
268440329,
0,
'00e0db4978a9101d',
#07/06/2006#,
#07/06/2006#,
4,
0,
'0400000006140044000000000000000000200040002e4000102e4000101400c40000000000000000001000c0002e4000102e400010140280010000000000000000',

'00000000',

'        7 2 7 8 5 0 3 3 8 3 6 6 4 5 4   '
);

INSERT INTO identitytable (Parent_CMID,CM_FirstName,CM_LastName,CM_CompanyName,CM_Type,CM_Attributes,CM_HintField,CM_ExtHintField,CM_FirstNmPrn,CM_LastNmPrn,CM_CompanyNmPrn) VALUES (
35,
'Akustimbinnan',
'Lar',
NULL,
268440329,
4,
84,
0,
NULL,
NULL,
NULL
);

INSERT INTO phone (CM_Id,CM_PhoneMatching,CM_ExtendedPhoneMatching) VALUES (
35,
4546638,
33058727
);

INSERT INTO contacts (CM_Id,CM_Type,CM_PrefTemplateRefId,CM_UIDString,CM_Last_modified,CM_ContactCreationDate,CM_Attributes,CM_ReplicationCount,CM_Header,CM_TextBlob,CM_SearchableText) VALUES (
36,
268440329,
0,
'00e0db4978a923a5',
#07/06/2006#,
#07/06/2006#,
4,
0,
'0400000006140044000000000000000000200040002e4000102e4000101400c40000000000000000001000c0002e4000102e400010140280010000000000000000',

'00000000',

'        4 5 1 5 2 1 3 2 2 6 8 1 1 4 6   '
);

INSERT INTO identitytable (Parent_CMID,CM_FirstName,CM_LastName,CM_CompanyName,CM_Type,CM_Attributes,CM_HintField,CM_ExtHintField,CM_FirstNmPrn,CM_LastNmPrn,CM_CompanyNmPrn) VALUES (
36,
'Main',
'Stonstc',
NULL,
268440329,
4,
84,
0,
NULL,
NULL,
NULL
);

INSERT INTO phone (CM_Id,CM_PhoneMatching,CM_ExtendedPhoneMatching) VALUES (
36,
6411862,
23125154
);

INSERT INTO contacts (CM_Id,CM_Type,CM_PrefTemplateRefId,CM_UIDString,CM_Last_modified,CM_ContactCreationDate,CM_Attributes,CM_ReplicationCount,CM_Header,CM_TextBlob,CM_SearchableText) VALUES (
37,
268440329,
0,
'00e0db4978a94ab5',
#07/06/2006#,
#07/06/2006#,
4,
0,
'0400000006140044000000000000000000200040002e4000102e4000101400c40000000000000000001000c0002e4000102e400010140280010000000000000000',

'00000000',

'        3 2 2 3 7 4 3 6 1 2 5 7 8 5 4   '
);

INSERT INTO identitytable (Parent_CMID,CM_FirstName,CM_LastName,CM_CompanyName,CM_Type,CM_Attributes,CM_HintField,CM_ExtHintField,CM_FirstNmPrn,CM_LastNmPrn,CM_CompanyNmPrn) VALUES (
37,
'Ram',
'Ewonssongund',
NULL,
268440329,
4,
84,
0,
NULL,
NULL,
NULL
);

INSERT INTO phone (CM_Id,CM_PhoneMatching,CM_ExtendedPhoneMatching) VALUES (
37,
4587521,
63473223
);

INSERT INTO contacts (CM_Id,CM_Type,CM_PrefTemplateRefId,CM_UIDString,CM_Last_modified,CM_ContactCreationDate,CM_Attributes,CM_ReplicationCount,CM_Header,CM_TextBlob,CM_SearchableText) VALUES (
38,
268440329,
0,
'00e0db4978a95e3d',
#07/06/2006#,
#07/06/2006#,
4,
0,
'0400000006140044000000000000000000200040002e4000102e4000101400c40000000000000000001000c0002e4000102e400010140280010000000000000000',

'00000000',

'        8 5 3 3 6 0 7 7 8 3 5 7 8 0 8   '
);

INSERT INTO identitytable (Parent_CMID,CM_FirstName,CM_LastName,CM_CompanyName,CM_Type,CM_Attributes,CM_HintField,CM_ExtHintField,CM_FirstNmPrn,CM_LastNmPrn,CM_CompanyNmPrn) VALUES (
38,
'Manorachas',
'Jongld',
NULL,
268440329,
4,
84,
0,
NULL,
NULL,
NULL
);

INSERT INTO phone (CM_Id,CM_PhoneMatching,CM_ExtendedPhoneMatching) VALUES (
38,
8087538,
77063358
);

INSERT INTO contacts (CM_Id,CM_Type,CM_PrefTemplateRefId,CM_UIDString,CM_Last_modified,CM_ContactCreationDate,CM_Attributes,CM_ReplicationCount,CM_Header,CM_TextBlob,CM_SearchableText) VALUES (
39,
268440329,
0,
'00e0db4978a9854d',
#07/06/2006#,
#07/06/2006#,
4,
0,
'0400000006140044000000000000000000200040002e4000102e4000101400c40000000000000000001000c0002e4000102e400010140280010000000000000000',

'00000000',

'        0 7 0 7 6 2 3 7 3 6 7 7 8 8 5   '
);

INSERT INTO identitytable (Parent_CMID,CM_FirstName,CM_LastName,CM_CompanyName,CM_Type,CM_Attributes,CM_HintField,CM_ExtHintField,CM_FirstNmPrn,CM_LastNmPrn,CM_CompanyNmPrn) VALUES (
39,
'Jel',
'Iy',
NULL,
268440329,
4,
84,
0,
NULL,
NULL,
NULL
);

INSERT INTO phone (CM_Id,CM_PhoneMatching,CM_ExtendedPhoneMatching) VALUES (
39,
5887763,
73267070
);

INSERT INTO contacts (CM_Id,CM_Type,CM_PrefTemplateRefId,CM_UIDString,CM_Last_modified,CM_ContactCreationDate,CM_Attributes,CM_ReplicationCount,CM_Header,CM_TextBlob,CM_SearchableText) VALUES (
40,
268440329,
0,
'00e0db4978a998d5',
#07/06/2006#,
#07/06/2006#,
4,
0,
'0400000006140044000000000000000000200040002e4000102e4000101400c40000000000000000001000c0002e4000102e400010140280010000000000000000',

'00000000',

'        5 5 0 1 1 5 2 5 4 2 5 1 5 2 6   '
);

INSERT INTO identitytable (Parent_CMID,CM_FirstName,CM_LastName,CM_CompanyName,CM_Type,CM_Attributes,CM_HintField,CM_ExtHintField,CM_FirstNmPrn,CM_LastNmPrn,CM_CompanyNmPrn) VALUES (
40,
'Jareristte',
'BuphatUstslllgs',
NULL,
268440329,
4,
84,
0,
NULL,
NULL,
NULL
);

INSERT INTO phone (CM_Id,CM_PhoneMatching,CM_ExtendedPhoneMatching) VALUES (
40,
6251524,
52511055
);

INSERT INTO contacts (CM_Id,CM_Type,CM_PrefTemplateRefId,CM_UIDString,CM_Last_modified,CM_ContactCreationDate,CM_Attributes,CM_ReplicationCount,CM_Header,CM_TextBlob,CM_SearchableText) VALUES (
41,
268440329,
0,
'00e0db4978a9bfe5',
#07/06/2006#,
#07/06/2006#,
4,
0,
'0400000006140044000000000000000000200040002e4000102e4000101400c40000000000000000001000c0002e4000102e400010140280010000000000000000',

'00000000',

'        6 3 4 2 4 7 1 0 4 2 2 2 4 7 7   '
);

INSERT INTO identitytable (Parent_CMID,CM_FirstName,CM_LastName,CM_CompanyName,CM_Type,CM_Attributes,CM_HintField,CM_ExtHintField,CM_FirstNmPrn,CM_LastNmPrn,CM_CompanyNmPrn) VALUES (
41,
'Ja',
'Beetth',
NULL,
268440329,
4,
84,
0,
NULL,
NULL,
NULL
);

INSERT INTO phone (CM_Id,CM_PhoneMatching,CM_ExtendedPhoneMatching) VALUES (
41,
7742224,
1742436
);

INSERT INTO contacts (CM_Id,CM_Type,CM_PrefTemplateRefId,CM_UIDString,CM_Last_modified,CM_ContactCreationDate,CM_Attributes,CM_ReplicationCount,CM_Header,CM_TextBlob,CM_SearchableText) VALUES (
42,
268440329,
0,
'00e0db4978a9e6f5',
#07/06/2006#,
#07/06/2006#,
4,
0,
'0400000006140044000000000000000000200040002e4000102e4000101400c40000000000000000001000c0002e4000102e400010140280010000000000000000',

'00000000',

'        0 7 8 0 4 7 5 1 1 8 2 4 5 1 6   '
);

INSERT INTO identitytable (Parent_CMID,CM_FirstName,CM_LastName,CM_CompanyName,CM_Type,CM_Attributes,CM_HintField,CM_ExtHintField,CM_FirstNmPrn,CM_LastNmPrn,CM_CompanyNmPrn) VALUES (
42,
'Game',
'Grinness',
NULL,
268440329,
4,
84,
0,
NULL,
NULL,
NULL
);

INSERT INTO phone (CM_Id,CM_PhoneMatching,CM_ExtendedPhoneMatching) VALUES (
42,
6154281,
15740870
);

INSERT INTO contacts (CM_Id,CM_Type,CM_PrefTemplateRefId,CM_UIDString,CM_Last_modified,CM_ContactCreationDate,CM_Attributes,CM_ReplicationCount,CM_Header,CM_TextBlob,CM_SearchableText) VALUES (
43,
268440329,
0,
'00e0db4978a9fa7d',
#07/06/2006#,
#07/06/2006#,
4,
0,
'0400000006140044000000000000000000200040002e4000102e4000101400c40000000000000000001000c0002e4000102e400010140280010000000000000000',

'00000000',

'        5 2 5 0 5 2 8 8 3 8 6 0 8 0 4   '
);

INSERT INTO identitytable (Parent_CMID,CM_FirstName,CM_LastName,CM_CompanyName,CM_Type,CM_Attributes,CM_HintField,CM_ExtHintField,CM_FirstNmPrn,CM_LastNmPrn,CM_CompanyNmPrn) VALUES (
43,
'Jel',
'Frr',
NULL,
268440329,
4,
84,
0,
NULL,
NULL,
NULL
);

INSERT INTO phone (CM_Id,CM_PhoneMatching,CM_ExtendedPhoneMatching) VALUES (
43,
4080683,
88250525
);

INSERT INTO contacts (CM_Id,CM_Type,CM_PrefTemplateRefId,CM_UIDString,CM_Last_modified,CM_ContactCreationDate,CM_Attributes,CM_ReplicationCount,CM_Header,CM_TextBlob,CM_SearchableText) VALUES (
44,
268440329,
0,
'00e0db4978aa218d',
#07/06/2006#,
#07/06/2006#,
4,
0,
'0400000006140044000000000000000000200040002e4000102e4000101400c40000000000000000001000c0002e4000102e400010140280010000000000000000',

'00000000',

'        7 2 1 0 7 4 2 7 2 8 2 4 2 7 5   '
);

INSERT INTO identitytable (Parent_CMID,CM_FirstName,CM_LastName,CM_CompanyName,CM_Type,CM_Attributes,CM_HintField,CM_ExtHintField,CM_FirstNmPrn,CM_LastNmPrn,CM_CompanyNmPrn) VALUES (
44,
'Kerk',
'Masenstecheiders',
NULL,
268440329,
4,
84,
0,
NULL,
NULL,
NULL
);

INSERT INTO phone (CM_Id,CM_PhoneMatching,CM_ExtendedPhoneMatching) VALUES (
44,
5724282,
72470127
);

INSERT INTO contacts (CM_Id,CM_Type,CM_PrefTemplateRefId,CM_UIDString,CM_Last_modified,CM_ContactCreationDate,CM_Attributes,CM_ReplicationCount,CM_Header,CM_TextBlob,CM_SearchableText) VALUES (
45,
268440329,
0,
'00e0db4978aa3515',
#07/06/2006#,
#07/06/2006#,
4,
0,
'0400000006140044000000000000000000200040002e4000102e4000101400c40000000000000000001000c0002e4000102e400010140280010000000000000000',

'00000000',

'        8 7 7 8 6 1 4 8 1 6 7 1 8 1 7   '
);

INSERT INTO identitytable (Parent_CMID,CM_FirstName,CM_LastName,CM_CompanyName,CM_Type,CM_Attributes,CM_HintField,CM_ExtHintField,CM_FirstNmPrn,CM_LastNmPrn,CM_CompanyNmPrn) VALUES (
45,
'Dertrry',
'Miches',
NULL,
268440329,
4,
84,
0,
NULL,
NULL,
NULL
);

INSERT INTO phone (CM_Id,CM_PhoneMatching,CM_ExtendedPhoneMatching) VALUES (
45,
7181761,
84168778
);

INSERT INTO contacts (CM_Id,CM_Type,CM_PrefTemplateRefId,CM_UIDString,CM_Last_modified,CM_ContactCreationDate,CM_Attributes,CM_ReplicationCount,CM_Header,CM_TextBlob,CM_SearchableText) VALUES (
46,
268440329,
0,
'00e0db4978aa5c25',
#07/06/2006#,
#07/06/2006#,
4,
0,
'0400000006140044000000000000000000200040002e4000102e4000101400c40000000000000000001000c0002e4000102e400010140280010000000000000000',

'00000000',

'        5 7 2 0 2 0 5 7 0 5 6 7 0 2 1   '
);

INSERT INTO identitytable (Parent_CMID,CM_FirstName,CM_LastName,CM_CompanyName,CM_Type,CM_Attributes,CM_HintField,CM_ExtHintField,CM_FirstNmPrn,CM_LastNmPrn,CM_CompanyNmPrn) VALUES (
46,
'Ne',
'Stethorus',
NULL,
268440329,
4,
84,
0,
NULL,
NULL,
NULL
);

INSERT INTO phone (CM_Id,CM_PhoneMatching,CM_ExtendedPhoneMatching) VALUES (
46,
1207650,
75020275
);

INSERT INTO contacts (CM_Id,CM_Type,CM_PrefTemplateRefId,CM_UIDString,CM_Last_modified,CM_ContactCreationDate,CM_Attributes,CM_ReplicationCount,CM_Header,CM_TextBlob,CM_SearchableText) VALUES (
47,
268440329,
0,
'00e0db4978aa96bd',
#07/06/2006#,
#07/06/2006#,
4,
0,
'0400000006140044000000000000000000200040002e4000102e4000101400c40000000000000000001000c0002e4000102e400010140280010000000000000000',

'00000000',

'        7 3 0 1 0 7 4 3 4 0 4 7 1 0 0   '
);

INSERT INTO identitytable (Parent_CMID,CM_FirstName,CM_LastName,CM_CompanyName,CM_Type,CM_Attributes,CM_HintField,CM_ExtHintField,CM_FirstNmPrn,CM_LastNmPrn,CM_CompanyNmPrn) VALUES (
47,
'Gan',
'Teteng',
NULL,
268440329,
4,
84,
0,
NULL,
NULL,
NULL
);

INSERT INTO phone (CM_Id,CM_PhoneMatching,CM_ExtendedPhoneMatching) VALUES (
47,
17404,
34701037
);

INSERT INTO contacts (CM_Id,CM_Type,CM_PrefTemplateRefId,CM_UIDString,CM_Last_modified,CM_ContactCreationDate,CM_Attributes,CM_ReplicationCount,CM_Header,CM_TextBlob,CM_SearchableText) VALUES (
48,
268440329,
0,
'00e0db4978aabdcd',
#07/06/2006#,
#07/06/2006#,
4,
0,
'0400000006140044000000000000000000200040002e4000102e4000101400c40000000000000000001000c0002e4000102e400010140280010000000000000000',

'00000000',

'        3 8 4 5 6 5 1 7 1 1 2 1 1 1 3   '
);

INSERT INTO identitytable (Parent_CMID,CM_FirstName,CM_LastName,CM_CompanyName,CM_Type,CM_Attributes,CM_HintField,CM_ExtHintField,CM_FirstNmPrn,CM_LastNmPrn,CM_CompanyNmPrn) VALUES (
48,
'Jo',
'Hus',
NULL,
268440329,
4,
84,
0,
NULL,
NULL,
NULL
);

INSERT INTO phone (CM_Id,CM_PhoneMatching,CM_ExtendedPhoneMatching) VALUES (
48,
3111211,
71565483
);

INSERT INTO contacts (CM_Id,CM_Type,CM_PrefTemplateRefId,CM_UIDString,CM_Last_modified,CM_ContactCreationDate,CM_Attributes,CM_ReplicationCount,CM_Header,CM_TextBlob,CM_SearchableText) VALUES (
49,
268440329,
0,
'00e0db4978aae4dd',
#07/06/2006#,
#07/06/2006#,
4,
0,
'0400000006140044000000000000000000200040002e4000102e4000101400c40000000000000000001000c0002e4000102e400010140280010000000000000000',

'00000000',

'        2 4 8 8 2 0 0 2 8 1 8 6 1 6 5   '
);

INSERT INTO identitytable (Parent_CMID,CM_FirstName,CM_LastName,CM_CompanyName,CM_Type,CM_Attributes,CM_HintField,CM_ExtHintField,CM_FirstNmPrn,CM_LastNmPrn,CM_CompanyNmPrn) VALUES (
49,
'Tan-',
'Sonagutlly',
NULL,
268440329,
4,
84,
0,
NULL,
NULL,
NULL
);

INSERT INTO phone (CM_Id,CM_PhoneMatching,CM_ExtendedPhoneMatching) VALUES (
49,
5616818,
20028842
);

INSERT INTO contacts (CM_Id,CM_Type,CM_PrefTemplateRefId,CM_UIDString,CM_Last_modified,CM_ContactCreationDate,CM_Attributes,CM_ReplicationCount,CM_Header,CM_TextBlob,CM_SearchableText) VALUES (
50,
268440329,
0,
'00e0db4978ab0bed',
#07/06/2006#,
#07/06/2006#,
4,
0,
'0400000006140044000000000000000000200040002e4000102e4000101400c40000000000000000001000c0002e4000102e400010140280010000000000000000',

'00000000',

'        4 6 6 6 5 5 5 8 4 5 2 0 7 6 8   '
);

INSERT INTO identitytable (Parent_CMID,CM_FirstName,CM_LastName,CM_CompanyName,CM_Type,CM_Attributes,CM_HintField,CM_ExtHintField,CM_FirstNmPrn,CM_LastNmPrn,CM_CompanyNmPrn) VALUES (
50,
'Alateegelan',
'Mi',
NULL,
268440329,
4,
84,
0,
NULL,
NULL,
NULL
);

INSERT INTO phone (CM_Id,CM_PhoneMatching,CM_ExtendedPhoneMatching) VALUES (
50,
8670254,
85556664
);

INSERT INTO contacts (CM_Id,CM_Type,CM_PrefTemplateRefId,CM_UIDString,CM_Last_modified,CM_ContactCreationDate,CM_Attributes,CM_ReplicationCount,CM_Header,CM_TextBlob,CM_SearchableText) VALUES (
51,
268440329,
0,
'00e0db4978ab1f75',
#07/06/2006#,
#07/06/2006#,
4,
0,
'0400000006140044000000000000000000200040002e4000102e4000101400c40000000000000000001000c0002e4000102e400010140280010000000000000000',

'00000000',

'        4 0 1 3 7 6 2 3 6 5 8 6 0 6 5   '
);

INSERT INTO identitytable (Parent_CMID,CM_FirstName,CM_LastName,CM_CompanyName,CM_Type,CM_Attributes,CM_HintField,CM_ExtHintField,CM_FirstNmPrn,CM_LastNmPrn,CM_CompanyNmPrn) VALUES (
51,
'Lented',
'Alllsofinar',
NULL,
268440329,
4,
84,
0,
NULL,
NULL,
NULL
);

INSERT INTO phone (CM_Id,CM_PhoneMatching,CM_ExtendedPhoneMatching) VALUES (
51,
5606856,
32673104
);

INSERT INTO contacts (CM_Id,CM_Type,CM_PrefTemplateRefId,CM_UIDString,CM_Last_modified,CM_ContactCreationDate,CM_Attributes,CM_ReplicationCount,CM_Header,CM_TextBlob,CM_SearchableText) VALUES (
52,
268440329,
0,
'00e0db4978ab4685',
#07/06/2006#,
#07/06/2006#,
4,
0,
'0400000006140044000000000000000000200040002e4000102e4000101400c40000000000000000001000c0002e4000102e400010140280010000000000000000',

'00000000',

'        2 3 0 6 4 1 0 5 8 5 5 2 3 0 6   '
);

INSERT INTO identitytable (Parent_CMID,CM_FirstName,CM_LastName,CM_CompanyName,CM_Type,CM_Attributes,CM_HintField,CM_ExtHintField,CM_FirstNmPrn,CM_LastNmPrn,CM_CompanyNmPrn) VALUES (
52,
'Hatemimage',
'Hu',
NULL,
268440329,
4,
84,
0,
NULL,
NULL,
NULL
);

INSERT INTO phone (CM_Id,CM_PhoneMatching,CM_ExtendedPhoneMatching) VALUES (
52,
6032558,
50146032
);

INSERT INTO contacts (CM_Id,CM_Type,CM_PrefTemplateRefId,CM_UIDString,CM_Last_modified,CM_ContactCreationDate,CM_Attributes,CM_ReplicationCount,CM_Header,CM_TextBlob,CM_SearchableText) VALUES (
53,
268440329,
0,
'00e0db4978ab5a0d',
#07/06/2006#,
#07/06/2006#,
4,
0,
'0400000006140044000000000000000000200040002e4000102e4000101400c40000000000000000001000c0002e4000102e400010140280010000000000000000',

'00000000',

'        6 6 6 1 8 6 6 2 2 5 5 0 6 6 1   '
);

INSERT INTO identitytable (Parent_CMID,CM_FirstName,CM_LastName,CM_CompanyName,CM_Type,CM_Attributes,CM_HintField,CM_ExtHintField,CM_FirstNmPrn,CM_LastNmPrn,CM_CompanyNmPrn) VALUES (
53,
'Mazianer',
'Wi',
NULL,
268440329,
4,
84,
0,
NULL,
NULL,
NULL
);

INSERT INTO phone (CM_Id,CM_PhoneMatching,CM_ExtendedPhoneMatching) VALUES (
53,
1660552,
26681666
);

INSERT INTO contacts (CM_Id,CM_Type,CM_PrefTemplateRefId,CM_UIDString,CM_Last_modified,CM_ContactCreationDate,CM_Attributes,CM_ReplicationCount,CM_Header,CM_TextBlob,CM_SearchableText) VALUES (
54,
268440329,
0,
'00e0db4978ab811d',
#07/06/2006#,
#07/06/2006#,
4,
0,
'0400000006140044000000000000000000200040002e4000102e4000101400c40000000000000000001000c0002e4000102e400010140280010000000000000000',

'00000000',

'        3 2 0 3 0 1 1 1 1 6 4 4 4 0 4   '
);

INSERT INTO identitytable (Parent_CMID,CM_FirstName,CM_LastName,CM_CompanyName,CM_Type,CM_Attributes,CM_HintField,CM_ExtHintField,CM_FirstNmPrn,CM_LastNmPrn,CM_CompanyNmPrn) VALUES (
54,
'Jau',
'Laguss',
NULL,
268440329,
4,
84,
0,
NULL,
NULL,
NULL
);

INSERT INTO phone (CM_Id,CM_PhoneMatching,CM_ExtendedPhoneMatching) VALUES (
54,
4044461,
11103023
);

INSERT INTO contacts (CM_Id,CM_Type,CM_PrefTemplateRefId,CM_UIDString,CM_Last_modified,CM_ContactCreationDate,CM_Attributes,CM_ReplicationCount,CM_Header,CM_TextBlob,CM_SearchableText) VALUES (
55,
268440329,
0,
'00e0db4978aba82d',
#07/06/2006#,
#07/06/2006#,
4,
0,
'0400000006140044000000000000000000200040002e4000102e4000101400c40000000000000000001000c0002e4000102e400010140280010000000000000000',

'00000000',

'        8 4 2 7 2 4 6 3 2 7 2 1 4 4 8   '
);

INSERT INTO identitytable (Parent_CMID,CM_FirstName,CM_LastName,CM_CompanyName,CM_Type,CM_Attributes,CM_HintField,CM_ExtHintField,CM_FirstNmPrn,CM_LastNmPrn,CM_CompanyNmPrn) VALUES (
55,
'Olk',
'Waneert',
NULL,
268440329,
4,
84,
0,
NULL,
NULL,
NULL
);

INSERT INTO phone (CM_Id,CM_PhoneMatching,CM_ExtendedPhoneMatching) VALUES (
55,
8441272,
36427248
);

INSERT INTO contacts (CM_Id,CM_Type,CM_PrefTemplateRefId,CM_UIDString,CM_Last_modified,CM_ContactCreationDate,CM_Attributes,CM_ReplicationCount,CM_Header,CM_TextBlob,CM_SearchableText) VALUES (
56,
268440329,
0,
'00e0db4978abbbb5',
#07/06/2006#,
#07/06/2006#,
4,
0,
'0400000006140044000000000000000000200040002e4000102e4000101400c40000000000000000001000c0002e4000102e400010140280010000000000000000',

'00000000',

'        4 7 6 6 8 5 0 8 1 1 5 3 5 7 7   '
);

INSERT INTO identitytable (Parent_CMID,CM_FirstName,CM_LastName,CM_CompanyName,CM_Type,CM_Attributes,CM_HintField,CM_ExtHintField,CM_FirstNmPrn,CM_LastNmPrn,CM_CompanyNmPrn) VALUES (
56,
'An',
'McDaiterichaucl',
NULL,
268440329,
4,
84,
0,
NULL,
NULL,
NULL
);

INSERT INTO phone (CM_Id,CM_PhoneMatching,CM_ExtendedPhoneMatching) VALUES (
56,
7753511,
80586674
);

INSERT INTO contacts (CM_Id,CM_Type,CM_PrefTemplateRefId,CM_UIDString,CM_Last_modified,CM_ContactCreationDate,CM_Attributes,CM_ReplicationCount,CM_Header,CM_TextBlob,CM_SearchableText) VALUES (
57,
268440329,
0,
'00e0db4978abe2c5',
#07/06/2006#,
#07/06/2006#,
4,
0,
'0400000006140044000000000000000000200040002e4000102e4000101400c40000000000000000001000c0002e4000102e400010140280010000000000000000',

'00000000',

'        0 6 6 5 2 6 4 5 6 4 2 6 0 7 2   '
);

INSERT INTO identitytable (Parent_CMID,CM_FirstName,CM_LastName,CM_CompanyName,CM_Type,CM_Attributes,CM_HintField,CM_ExtHintField,CM_FirstNmPrn,CM_LastNmPrn,CM_CompanyNmPrn) VALUES (
57,
'Kesadrin',
'Swixohar',
NULL,
268440329,
4,
84,
0,
NULL,
NULL,
NULL
);

INSERT INTO phone (CM_Id,CM_PhoneMatching,CM_ExtendedPhoneMatching) VALUES (
57,
2706246,
54625660
);

INSERT INTO contacts (CM_Id,CM_Type,CM_PrefTemplateRefId,CM_UIDString,CM_Last_modified,CM_ContactCreationDate,CM_Attributes,CM_ReplicationCount,CM_Header,CM_TextBlob,CM_SearchableText) VALUES (
58,
268440329,
0,
'00e0db4978abf64d',
#07/06/2006#,
#07/06/2006#,
4,
0,
'0400000006140044000000000000000000200040002e4000102e4000101400c40000000000000000001000c0002e4000102e400010140280010000000000000000',

'00000000',

'        3 3 4 4 3 6 3 8 4 8 1 7 6 1 7   '
);

INSERT INTO identitytable (Parent_CMID,CM_FirstName,CM_LastName,CM_CompanyName,CM_Type,CM_Attributes,CM_HintField,CM_ExtHintField,CM_FirstNmPrn,CM_LastNmPrn,CM_CompanyNmPrn) VALUES (
58,
'Jot',
'Rok',
NULL,
268440329,
4,
84,
0,
NULL,
NULL,
NULL
);

INSERT INTO phone (CM_Id,CM_PhoneMatching,CM_ExtendedPhoneMatching) VALUES (
58,
7167184,
83634433
);

INSERT INTO contacts (CM_Id,CM_Type,CM_PrefTemplateRefId,CM_UIDString,CM_Last_modified,CM_ContactCreationDate,CM_Attributes,CM_ReplicationCount,CM_Header,CM_TextBlob,CM_SearchableText) VALUES (
59,
268440329,
0,
'00e0db4978ac1d5d',
#07/06/2006#,
#07/06/2006#,
4,
0,
'0400000006140044000000000000000000200040002e4000102e4000101400c40000000000000000001000c0002e4000102e400010140280010000000000000000',

'00000000',

'        0 4 2 8 3 4 7 1 2 8 5 3 7 1 0   '
);

INSERT INTO identitytable (Parent_CMID,CM_FirstName,CM_LastName,CM_CompanyName,CM_Type,CM_Attributes,CM_HintField,CM_ExtHintField,CM_FirstNmPrn,CM_LastNmPrn,CM_CompanyNmPrn) VALUES (
59,
'Miam',
'S',
NULL,
268440329,
4,
84,
0,
NULL,
NULL,
NULL
);

INSERT INTO phone (CM_Id,CM_PhoneMatching,CM_ExtendedPhoneMatching) VALUES (
59,
173582,
17438240
);

INSERT INTO contacts (CM_Id,CM_Type,CM_PrefTemplateRefId,CM_UIDString,CM_Last_modified,CM_ContactCreationDate,CM_Attributes,CM_ReplicationCount,CM_Header,CM_TextBlob,CM_SearchableText) VALUES (
60,
268440329,
0,
'00e0db4978ac446d',
#07/06/2006#,
#07/06/2006#,
4,
0,
'0400000006140044000000000000000000200040002e4000102e4000101400c40000000000000000001000c0002e4000102e400010140280010000000000000000',

'00000000',

'        0 8 3 0 5 2 5 4 0 2 7 4 0 3 0   '
);

INSERT INTO identitytable (Parent_CMID,CM_FirstName,CM_LastName,CM_CompanyName,CM_Type,CM_Attributes,CM_HintField,CM_ExtHintField,CM_FirstNmPrn,CM_LastNmPrn,CM_CompanyNmPrn) VALUES (
60,
'Vl',
'BatUstzumadlithnnsockepand',
NULL,
268440329,
4,
84,
0,
NULL,
NULL,
NULL
);

INSERT INTO phone (CM_Id,CM_PhoneMatching,CM_ExtendedPhoneMatching) VALUES (
60,
304720,
45250380
);

INSERT INTO contacts (CM_Id,CM_Type,CM_PrefTemplateRefId,CM_UIDString,CM_Last_modified,CM_ContactCreationDate,CM_Attributes,CM_ReplicationCount,CM_Header,CM_TextBlob,CM_SearchableText) VALUES (
61,
268440329,
0,
'00e0db4978ac57f5',
#07/06/2006#,
#07/06/2006#,
4,
0,
'0400000006140044000000000000000000200040002e4000102e4000101400c40000000000000000001000c0002e4000102e400010140280010000000000000000',

'00000000',

'        2 8 5 4 7 7 4 6 5 8 7 3 0 4 3   '
);

INSERT INTO identitytable (Parent_CMID,CM_FirstName,CM_LastName,CM_CompanyName,CM_Type,CM_Attributes,CM_HintField,CM_ExtHintField,CM_FirstNmPrn,CM_LastNmPrn,CM_CompanyNmPrn) VALUES (
61,
'Lon',
'Fonernginire',
NULL,
268440329,
4,
84,
0,
NULL,
NULL,
NULL
);

INSERT INTO phone (CM_Id,CM_PhoneMatching,CM_ExtendedPhoneMatching) VALUES (
61,
3403785,
64774582
);

INSERT INTO contacts (CM_Id,CM_Type,CM_PrefTemplateRefId,CM_UIDString,CM_Last_modified,CM_ContactCreationDate,CM_Attributes,CM_ReplicationCount,CM_Header,CM_TextBlob,CM_SearchableText) VALUES (
62,
268440329,
0,
'00e0db4978ac928d',
#07/06/2006#,
#07/06/2006#,
4,
0,
'0400000006140044000000000000000000200040002e4000102e4000101400c40000000000000000001000c0002e4000102e400010140280010000000000000000',

'00000000',

'        3 5 8 8 2 0 4 0 2 6 8 1 8 2 4   '
);

INSERT INTO identitytable (Parent_CMID,CM_FirstName,CM_LastName,CM_CompanyName,CM_Type,CM_Attributes,CM_HintField,CM_ExtHintField,CM_FirstNmPrn,CM_LastNmPrn,CM_CompanyNmPrn) VALUES (
62,
'Mobinyle',
'Sudide',
NULL,
268440329,
4,
84,
0,
NULL,
NULL,
NULL
);

INSERT INTO phone (CM_Id,CM_PhoneMatching,CM_ExtendedPhoneMatching) VALUES (
62,
4281862,
4028853
);

INSERT INTO contacts (CM_Id,CM_Type,CM_PrefTemplateRefId,CM_UIDString,CM_Last_modified,CM_ContactCreationDate,CM_Attributes,CM_ReplicationCount,CM_Header,CM_TextBlob,CM_SearchableText) VALUES (
63,
268440329,
0,
'00e0db4978acb99d',
#07/06/2006#,
#07/06/2006#,
4,
0,
'0400000006140044000000000000000000200040002e4000102e4000101400c40000000000000000001000c0002e4000102e400010140280010000000000000000',

'00000000',

'        6 4 3 3 8 2 8 6 5 0 5 5 5 8 3   '
);

INSERT INTO identitytable (Parent_CMID,CM_FirstName,CM_LastName,CM_CompanyName,CM_Type,CM_Attributes,CM_HintField,CM_ExtHintField,CM_FirstNmPrn,CM_LastNmPrn,CM_CompanyNmPrn) VALUES (
63,
'Mucia',
'Kawarrde',
NULL,
268440329,
4,
84,
0,
NULL,
NULL,
NULL
);

INSERT INTO phone (CM_Id,CM_PhoneMatching,CM_ExtendedPhoneMatching) VALUES (
63,
3855505,
68283346
);


INSERT INTO contacts (CM_Id,CM_Type,CM_PrefTemplateRefId,CM_UIDString,CM_Last_modified,CM_ContactCreationDate,CM_Attributes,CM_ReplicationCount,CM_Header,CM_TextBlob,CM_SearchableText) VALUES (
64,
268440329,
0,
'00e0db4978ace0ad',
#07/06/2006#,
#07/06/2006#,
4,
0,
'0400000006140044000000000000000000200040002e4000102e4000101400c40000000000000000001000c0002e4000102e400010140280010000000000000000',

'00000000',

'        4 3 2 7 8 3 2 7 4 3 7 5 0 8 8   '
);

INSERT INTO identitytable (Parent_CMID,CM_FirstName,CM_LastName,CM_CompanyName,CM_Type,CM_Attributes,CM_HintField,CM_ExtHintField,CM_FirstNmPrn,CM_LastNmPrn,CM_CompanyNmPrn) VALUES (
64,
'Jakin',
'Ra',
NULL,
268440329,
4,
84,
0,
NULL,
NULL,
NULL
);

INSERT INTO phone (CM_Id,CM_PhoneMatching,CM_ExtendedPhoneMatching) VALUES (
64,
8805734,
72387234
);

INSERT INTO contacts (CM_Id,CM_Type,CM_PrefTemplateRefId,CM_UIDString,CM_Last_modified,CM_ContactCreationDate,CM_Attributes,CM_ReplicationCount,CM_Header,CM_TextBlob,CM_SearchableText) VALUES (
65,
268440329,
0,
'00e0db4978ad07bd',
#07/06/2006#,
#07/06/2006#,
4,
0,
'0400000006140044000000000000000000200040002e4000102e4000101400c40000000000000000001000c0002e4000102e400010140280010000000000000000',

'00000000',

'        0 7 7 2 3 1 0 4 8 4 2 8 0 2 2   '
);

INSERT INTO identitytable (Parent_CMID,CM_FirstName,CM_LastName,CM_CompanyName,CM_Type,CM_Attributes,CM_HintField,CM_ExtHintField,CM_FirstNmPrn,CM_LastNmPrn,CM_CompanyNmPrn) VALUES (
65,
'Brrk',
'El',
NULL,
268440329,
4,
84,
0,
NULL,
NULL,
NULL
);

INSERT INTO phone (CM_Id,CM_PhoneMatching,CM_ExtendedPhoneMatching) VALUES (
65,
2208248,
40132770
);

INSERT INTO contacts (CM_Id,CM_Type,CM_PrefTemplateRefId,CM_UIDString,CM_Last_modified,CM_ContactCreationDate,CM_Attributes,CM_ReplicationCount,CM_Header,CM_TextBlob,CM_SearchableText) VALUES (
66,
268440329,
0,
'00e0db4978ad1b45',
#07/06/2006#,
#07/06/2006#,
4,
0,
'0400000006140044000000000000000000200040002e4000102e4000101400c40000000000000000001000c0002e4000102e400010140280010000000000000000',

'00000000',

'        4 4 5 8 1 8 5 1 4 4 7 8 2 5 0   '
);

INSERT INTO identitytable (Parent_CMID,CM_FirstName,CM_LastName,CM_CompanyName,CM_Type,CM_Attributes,CM_HintField,CM_ExtHintField,CM_FirstNmPrn,CM_LastNmPrn,CM_CompanyNmPrn) VALUES (
66,
'Matietengn',
'Wit',
NULL,
268440329,
4,
84,
0,
NULL,
NULL,
NULL
);

INSERT INTO phone (CM_Id,CM_PhoneMatching,CM_ExtendedPhoneMatching) VALUES (
66,
528744,
15818544
);

INSERT INTO contacts (CM_Id,CM_Type,CM_PrefTemplateRefId,CM_UIDString,CM_Last_modified,CM_ContactCreationDate,CM_Attributes,CM_ReplicationCount,CM_Header,CM_TextBlob,CM_SearchableText) VALUES (
67,
268440329,
0,
'00e0db4978ad4255',
#07/06/2006#,
#07/06/2006#,
4,
0,
'0400000006140044000000000000000000200040002e4000102e4000101400c40000000000000000001000c0002e4000102e400010140280010000000000000000',

'00000000',

'        8 2 4 0 2 2 7 7 6 5 5 3 4 4 8   '
);

INSERT INTO identitytable (Parent_CMID,CM_FirstName,CM_LastName,CM_CompanyName,CM_Type,CM_Attributes,CM_HintField,CM_ExtHintField,CM_FirstNmPrn,CM_LastNmPrn,CM_CompanyNmPrn) VALUES (
67,
'Toslelen',
'Baingarkerd',
NULL,
268440329,
4,
84,
0,
NULL,
NULL,
NULL
);

INSERT INTO phone (CM_Id,CM_PhoneMatching,CM_ExtendedPhoneMatching) VALUES (
67,
8443556,
77220428
);

INSERT INTO contacts (CM_Id,CM_Type,CM_PrefTemplateRefId,CM_UIDString,CM_Last_modified,CM_ContactCreationDate,CM_Attributes,CM_ReplicationCount,CM_Header,CM_TextBlob,CM_SearchableText) VALUES (
68,
268440329,
0,
'00e0db4978ad6965',
#07/06/2006#,
#07/06/2006#,
4,
0,
'0400000006140044000000000000000000200040002e4000102e4000101400c40000000000000000001000c0002e4000102e400010140280010000000000000000',

'00000000',

'        8 6 2 4 6 5 4 5 8 2 1 6 8 6 3   '
);

INSERT INTO identitytable (Parent_CMID,CM_FirstName,CM_LastName,CM_CompanyName,CM_Type,CM_Attributes,CM_HintField,CM_ExtHintField,CM_FirstNmPrn,CM_LastNmPrn,CM_CompanyNmPrn) VALUES (
68,
'Iat',
'Maf',
NULL,
268440329,
4,
84,
0,
NULL,
NULL,
NULL
);

INSERT INTO phone (CM_Id,CM_PhoneMatching,CM_ExtendedPhoneMatching) VALUES (
68,
3686128,
54564268
);

INSERT INTO contacts (CM_Id,CM_Type,CM_PrefTemplateRefId,CM_UIDString,CM_Last_modified,CM_ContactCreationDate,CM_Attributes,CM_ReplicationCount,CM_Header,CM_TextBlob,CM_SearchableText) VALUES (
69,
268440329,
0,
'00e0db4978ad9075',
#07/06/2006#,
#07/06/2006#,
4,
0,
'0400000006140044000000000000000000200040002e4000102e4000101400c40000000000000000001000c0002e4000102e400010140280010000000000000000',

'00000000',

'        8 3 3 8 7 5 6 3 6 1 7 3 3 8 5   '
);

INSERT INTO identitytable (Parent_CMID,CM_FirstName,CM_LastName,CM_CompanyName,CM_Type,CM_Attributes,CM_HintField,CM_ExtHintField,CM_FirstNmPrn,CM_LastNmPrn,CM_CompanyNmPrn) VALUES (
69,
'So',
'Thanas',
NULL,
268440329,
4,
84,
0,
NULL,
NULL,
NULL
);

INSERT INTO phone (CM_Id,CM_PhoneMatching,CM_ExtendedPhoneMatching) VALUES (
69,
5833716,
36578338
);

INSERT INTO contacts (CM_Id,CM_Type,CM_PrefTemplateRefId,CM_UIDString,CM_Last_modified,CM_ContactCreationDate,CM_Attributes,CM_ReplicationCount,CM_Header,CM_TextBlob,CM_SearchableText) VALUES (
70,
268440329,
0,
'00e0db4978ada3fd',
#07/06/2006#,
#07/06/2006#,
4,
0,
'0400000006140044000000000000000000200040002e4000102e4000101400c40000000000000000001000c0002e4000102e400010140280010000000000000000',

'00000000',

'        0 1 0 8 6 1 0 5 8 4 6 7 8 2 1   '
);

INSERT INTO identitytable (Parent_CMID,CM_FirstName,CM_LastName,CM_CompanyName,CM_Type,CM_Attributes,CM_HintField,CM_ExtHintField,CM_FirstNmPrn,CM_LastNmPrn,CM_CompanyNmPrn) VALUES (
70,
'R',
'uidiarsomarnishe',
NULL,
268440329,
4,
84,
0,
NULL,
NULL,
NULL
);

INSERT INTO phone (CM_Id,CM_PhoneMatching,CM_ExtendedPhoneMatching) VALUES (
70,
1287648,
50168010
);

INSERT INTO contacts (CM_Id,CM_Type,CM_PrefTemplateRefId,CM_UIDString,CM_Last_modified,CM_ContactCreationDate,CM_Attributes,CM_ReplicationCount,CM_Header,CM_TextBlob,CM_SearchableText) VALUES (
71,
268440329,
0,
'00e0db4978adcb0d',
#07/06/2006#,
#07/06/2006#,
4,
0,
'0400000006140044000000000000000000200040002e4000102e4000101400c40000000000000000001000c0002e4000102e400010140280010000000000000000',

'00000000',

'        6 0 6 4 0 0 3 6 4 4 7 5 2 3 7   '
);

INSERT INTO identitytable (Parent_CMID,CM_FirstName,CM_LastName,CM_CompanyName,CM_Type,CM_Attributes,CM_HintField,CM_ExtHintField,CM_FirstNmPrn,CM_LastNmPrn,CM_CompanyNmPrn) VALUES (
71,
'Can',
'Hanameand',
NULL,
268440329,
4,
84,
0,
NULL,
NULL,
NULL
);

INSERT INTO phone (CM_Id,CM_PhoneMatching,CM_ExtendedPhoneMatching) VALUES (
71,
7325744,
63004606
);

INSERT INTO contacts (CM_Id,CM_Type,CM_PrefTemplateRefId,CM_UIDString,CM_Last_modified,CM_ContactCreationDate,CM_Attributes,CM_ReplicationCount,CM_Header,CM_TextBlob,CM_SearchableText) VALUES (
72,
268440329,
0,
'00e0db4978adde95',
#07/06/2006#,
#07/06/2006#,
4,
0,
'0400000006140044000000000000000000200040002e4000102e4000101400c40000000000000000001000c0002e4000102e400010140280010000000000000000',

'00000000',

'        7 5 7 8 5 2 5 0 7 4 5 8 6 2 5   '
);

INSERT INTO identitytable (Parent_CMID,CM_FirstName,CM_LastName,CM_CompanyName,CM_Type,CM_Attributes,CM_HintField,CM_ExtHintField,CM_FirstNmPrn,CM_LastNmPrn,CM_CompanyNmPrn) VALUES (
72,
'Le',
'Malesowo',
NULL,
268440329,
4,
84,
0,
NULL,
NULL,
NULL
);

INSERT INTO phone (CM_Id,CM_PhoneMatching,CM_ExtendedPhoneMatching) VALUES (
72,
5268547,
5258757
);

INSERT INTO contacts (CM_Id,CM_Type,CM_PrefTemplateRefId,CM_UIDString,CM_Last_modified,CM_ContactCreationDate,CM_Attributes,CM_ReplicationCount,CM_Header,CM_TextBlob,CM_SearchableText) VALUES (
73,
268440329,
0,
'00e0db4978ae05a5',
#07/06/2006#,
#07/06/2006#,
4,
0,
'0400000006140044000000000000000000200040002e4000102e4000101400c40000000000000000001000c0002e4000102e400010140280010000000000000000',

'00000000',

'        8 7 8 6 8 4 3 7 0 7 7 3 6 8 1   '
);

INSERT INTO identitytable (Parent_CMID,CM_FirstName,CM_LastName,CM_CompanyName,CM_Type,CM_Attributes,CM_HintField,CM_ExtHintField,CM_FirstNmPrn,CM_LastNmPrn,CM_CompanyNmPrn) VALUES (
73,
'Dan',
'Sy',
NULL,
268440329,
4,
84,
0,
NULL,
NULL,
NULL
);

INSERT INTO phone (CM_Id,CM_PhoneMatching,CM_ExtendedPhoneMatching) VALUES (
73,
1863770,
73486878
);

INSERT INTO contacts (CM_Id,CM_Type,CM_PrefTemplateRefId,CM_UIDString,CM_Last_modified,CM_ContactCreationDate,CM_Attributes,CM_ReplicationCount,CM_Header,CM_TextBlob,CM_SearchableText) VALUES (
74,
268440329,
0,
'00e0db4978ae2cb5',
#07/06/2006#,
#07/06/2006#,
4,
0,
'0400000006140044000000000000000000200040002e4000102e4000101400c40000000000000000001000c0002e4000102e400010140280010000000000000000',

'00000000',

'        1 7 0 4 7 3 1 7 6 7 4 3 3 8 6   '
);

INSERT INTO identitytable (Parent_CMID,CM_FirstName,CM_LastName,CM_CompanyName,CM_Type,CM_Attributes,CM_HintField,CM_ExtHintField,CM_FirstNmPrn,CM_LastNmPrn,CM_CompanyNmPrn) VALUES (
74,
'Clicartif',
'Sandhinth',
NULL,
268440329,
4,
84,
0,
NULL,
NULL,
NULL
);

INSERT INTO phone (CM_Id,CM_PhoneMatching,CM_ExtendedPhoneMatching) VALUES (
74,
6833476,
71374071
);

INSERT INTO contacts (CM_Id,CM_Type,CM_PrefTemplateRefId,CM_UIDString,CM_Last_modified,CM_ContactCreationDate,CM_Attributes,CM_ReplicationCount,CM_Header,CM_TextBlob,CM_SearchableText) VALUES (
75,
268440329,
0,
'00e0db4978ae403d',
#07/06/2006#,
#07/06/2006#,
4,
0,
'0400000006140044000000000000000000200040002e4000102e4000101400c40000000000000000001000c0002e4000102e400010140280010000000000000000',

'00000000',

'        4 5 2 5 0 4 3 8 3 0 0 2 1 2 5   '
);

INSERT INTO identitytable (Parent_CMID,CM_FirstName,CM_LastName,CM_CompanyName,CM_Type,CM_Attributes,CM_HintField,CM_ExtHintField,CM_FirstNmPrn,CM_LastNmPrn,CM_CompanyNmPrn) VALUES (
75,
'Ma',
'Robirss',
NULL,
268440329,
4,
84,
0,
NULL,
NULL,
NULL
);

INSERT INTO phone (CM_Id,CM_PhoneMatching,CM_ExtendedPhoneMatching) VALUES (
75,
5212003,
83405254
);

INSERT INTO contacts (CM_Id,CM_Type,CM_PrefTemplateRefId,CM_UIDString,CM_Last_modified,CM_ContactCreationDate,CM_Attributes,CM_ReplicationCount,CM_Header,CM_TextBlob,CM_SearchableText) VALUES (
76,
268440329,
0,
'00e0db4978ae674d',
#07/06/2006#,
#07/06/2006#,
4,
0,
'0400000006140044000000000000000000200040002e4000102e4000101400c40000000000000000001000c0002e4000102e400010140280010000000000000000',

'00000000',

'        8 4 5 8 8 6 2 6 5 0 2 8 6 3 4   '
);

INSERT INTO identitytable (Parent_CMID,CM_FirstName,CM_LastName,CM_CompanyName,CM_Type,CM_Attributes,CM_HintField,CM_ExtHintField,CM_FirstNmPrn,CM_LastNmPrn,CM_CompanyNmPrn) VALUES (
76,
'Roy',
'Sitrenirappurrtevayant',
NULL,
268440329,
4,
84,
0,
NULL,
NULL,
NULL
);

INSERT INTO phone (CM_Id,CM_PhoneMatching,CM_ExtendedPhoneMatching) VALUES (
76,
4368205,
62688548
);

INSERT INTO contacts (CM_Id,CM_Type,CM_PrefTemplateRefId,CM_UIDString,CM_Last_modified,CM_ContactCreationDate,CM_Attributes,CM_ReplicationCount,CM_Header,CM_TextBlob,CM_SearchableText) VALUES (
77,
268440329,
0,
'00e0db4978aebcc0',
#07/06/2006#,
#07/06/2006#,
4,
0,
'0400000006140044000000000000000000200040002e4000102e4000101400c40000000000000000001000c0002e4000102e400010140280010000000000000000',

'00000000',

'        8 0 3 3 2 7 3 1 4 8 0 3 2 0 4   '
);

INSERT INTO identitytable (Parent_CMID,CM_FirstName,CM_LastName,CM_CompanyName,CM_Type,CM_Attributes,CM_HintField,CM_ExtHintField,CM_FirstNmPrn,CM_LastNmPrn,CM_CompanyNmPrn) VALUES (
77,
'An',
'Maritttt',
NULL,
268440329,
4,
84,
0,
NULL,
NULL,
NULL
);

INSERT INTO phone (CM_Id,CM_PhoneMatching,CM_ExtendedPhoneMatching) VALUES (
77,
4023084,
13723308
);

INSERT INTO contacts (CM_Id,CM_Type,CM_PrefTemplateRefId,CM_UIDString,CM_Last_modified,CM_ContactCreationDate,CM_Attributes,CM_ReplicationCount,CM_Header,CM_TextBlob,CM_SearchableText) VALUES (
78,
268440329,
0,
'00e0db4978aee3d0',
#07/06/2006#,
#07/06/2006#,
4,
0,
'0400000006140044000000000000000000200040002e4000102e4000101400c40000000000000000001000c0002e4000102e400010140280010000000000000000',

'00000000',

'        1 8 8 7 4 6 4 4 6 4 2 3 5 8 1   '
);

INSERT INTO identitytable (Parent_CMID,CM_FirstName,CM_LastName,CM_CompanyName,CM_Type,CM_Attributes,CM_HintField,CM_ExtHintField,CM_FirstNmPrn,CM_LastNmPrn,CM_CompanyNmPrn) VALUES (
78,
'Dan',
'Brl',
NULL,
268440329,
4,
84,
0,
NULL,
NULL,
NULL
);

INSERT INTO phone (CM_Id,CM_PhoneMatching,CM_ExtendedPhoneMatching) VALUES (
78,
1853246,
44647881
);

INSERT INTO contacts (CM_Id,CM_Type,CM_PrefTemplateRefId,CM_UIDString,CM_Last_modified,CM_ContactCreationDate,CM_Attributes,CM_ReplicationCount,CM_Header,CM_TextBlob,CM_SearchableText) VALUES (
79,
268440329,
0,
'00e0db4978aef758',
#07/06/2006#,
#07/06/2006#,
4,
0,
'0400000006140044000000000000000000200040002e4000102e4000101400c40000000000000000001000c0002e4000102e400010140280010000000000000000',

'00000000',

'        6 8 1 7 6 8 0 1 7 3 2 3 0 2 6   '
);

INSERT INTO identitytable (Parent_CMID,CM_FirstName,CM_LastName,CM_CompanyName,CM_Type,CM_Attributes,CM_HintField,CM_ExtHintField,CM_FirstNmPrn,CM_LastNmPrn,CM_CompanyNmPrn) VALUES (
79,
'Saen',
'Me',
NULL,
268440329,
4,
84,
0,
NULL,
NULL,
NULL
);

INSERT INTO phone (CM_Id,CM_PhoneMatching,CM_ExtendedPhoneMatching) VALUES (
79,
6203237,
10867186
);

INSERT INTO contacts (CM_Id,CM_Type,CM_PrefTemplateRefId,CM_UIDString,CM_Last_modified,CM_ContactCreationDate,CM_Attributes,CM_ReplicationCount,CM_Header,CM_TextBlob,CM_SearchableText) VALUES (
80,
268440329,
0,
'00e0db4978af1e68',
#07/06/2006#,
#07/06/2006#,
4,
0,
'0400000006140044000000000000000000200040002e4000102e4000101400c40000000000000000001000c0002e4000102e400010140280010000000000000000',

'00000000',

'        0 5 6 6 6 7 7 5 4 0 3 7 2 3 0   '
);

INSERT INTO identitytable (Parent_CMID,CM_FirstName,CM_LastName,CM_CompanyName,CM_Type,CM_Attributes,CM_HintField,CM_ExtHintField,CM_FirstNmPrn,CM_LastNmPrn,CM_CompanyNmPrn) VALUES (
80,
'Gaw',
'Qurss',
NULL,
268440329,
4,
84,
0,
NULL,
NULL,
NULL
);

INSERT INTO phone (CM_Id,CM_PhoneMatching,CM_ExtendedPhoneMatching) VALUES (
80,
327304,
57766650
);

INSERT INTO contacts (CM_Id,CM_Type,CM_PrefTemplateRefId,CM_UIDString,CM_Last_modified,CM_ContactCreationDate,CM_Attributes,CM_ReplicationCount,CM_Header,CM_TextBlob,CM_SearchableText) VALUES (
81,
268440329,
0,
'00e0db4978af4578',
#07/06/2006#,
#07/06/2006#,
4,
0,
'0400000006140044000000000000000000200040002e4000102e4000101400c40000000000000000001000c0002e4000102e400010140280010000000000000000',

'00000000',

'        2 1 3 2 4 7 0 5 8 1 0 3 5 8 4   '
);

INSERT INTO identitytable (Parent_CMID,CM_FirstName,CM_LastName,CM_CompanyName,CM_Type,CM_Attributes,CM_HintField,CM_ExtHintField,CM_FirstNmPrn,CM_LastNmPrn,CM_CompanyNmPrn) VALUES (
81,
'Y',
'Werrgeykynitipranmumerusownndbarte',
NULL,
268440329,
4,
84,
0,
NULL,
NULL,
NULL
);

INSERT INTO phone (CM_Id,CM_PhoneMatching,CM_ExtendedPhoneMatching) VALUES (
81,
4853018,
50742312
);

INSERT INTO contacts (CM_Id,CM_Type,CM_PrefTemplateRefId,CM_UIDString,CM_Last_modified,CM_ContactCreationDate,CM_Attributes,CM_ReplicationCount,CM_Header,CM_TextBlob,CM_SearchableText) VALUES (
82,
268440329,
0,
'00e0db4978af6c88',
#07/06/2006#,
#07/06/2006#,
4,
0,
'0400000006140044000000000000000000200040002e4000102e4000101400c40000000000000000001000c0002e4000102e400010140280010000000000000000',

'00000000',

'        8 3 2 6 0 3 8 8 1 1 7 0 5 2 3   '
);

INSERT INTO identitytable (Parent_CMID,CM_FirstName,CM_LastName,CM_CompanyName,CM_Type,CM_Attributes,CM_HintField,CM_ExtHintField,CM_FirstNmPrn,CM_LastNmPrn,CM_CompanyNmPrn) VALUES (
82,
'An',
'Danss',
NULL,
268440329,
4,
84,
0,
NULL,
NULL,
NULL
);

INSERT INTO phone (CM_Id,CM_PhoneMatching,CM_ExtendedPhoneMatching) VALUES (
82,
3250711,
88306238
);

INSERT INTO contacts (CM_Id,CM_Type,CM_PrefTemplateRefId,CM_UIDString,CM_Last_modified,CM_ContactCreationDate,CM_Attributes,CM_ReplicationCount,CM_Header,CM_TextBlob,CM_SearchableText) VALUES (
83,
268440329,
0,
'00e0db4978af8010',
#07/06/2006#,
#07/06/2006#,
4,
0,
'0400000006140044000000000000000000200040002e4000102e4000101400c40000000000000000001000c0002e4000102e400010140280010000000000000000',

'00000000',

'        0 7 0 1 4 6 8 8 8 8 3 2 0 2 0   '
);

INSERT INTO identitytable (Parent_CMID,CM_FirstName,CM_LastName,CM_CompanyName,CM_Type,CM_Attributes,CM_HintField,CM_ExtHintField,CM_FirstNmPrn,CM_LastNmPrn,CM_CompanyNmPrn) VALUES (
83,
'Ane',
'Mcond',
NULL,
268440329,
4,
84,
0,
NULL,
NULL,
NULL
);

INSERT INTO phone (CM_Id,CM_PhoneMatching,CM_ExtendedPhoneMatching) VALUES (
83,
202388,
88641070
);

INSERT INTO contacts (CM_Id,CM_Type,CM_PrefTemplateRefId,CM_UIDString,CM_Last_modified,CM_ContactCreationDate,CM_Attributes,CM_ReplicationCount,CM_Header,CM_TextBlob,CM_SearchableText) VALUES (
84,
268440329,
0,
'00e0db4978afa720',
#07/06/2006#,
#07/06/2006#,
4,
0,
'0400000006140044000000000000000000200040002e4000102e4000101400c40000000000000000001000c0002e4000102e400010140280010000000000000000',

'00000000',

'        6 5 4 8 5 1 6 7 7 7 1 3 1 0 2   '
);

INSERT INTO identitytable (Parent_CMID,CM_FirstName,CM_LastName,CM_CompanyName,CM_Type,CM_Attributes,CM_HintField,CM_ExtHintField,CM_FirstNmPrn,CM_LastNmPrn,CM_CompanyNmPrn) VALUES (
84,
'Gew',
'Tamm',
NULL,
268440329,
4,
84,
0,
NULL,
NULL,
NULL
);

INSERT INTO phone (CM_Id,CM_PhoneMatching,CM_ExtendedPhoneMatching) VALUES (
84,
2013177,
76158456
);

INSERT INTO contacts (CM_Id,CM_Type,CM_PrefTemplateRefId,CM_UIDString,CM_Last_modified,CM_ContactCreationDate,CM_Attributes,CM_ReplicationCount,CM_Header,CM_TextBlob,CM_SearchableText) VALUES (
85,
268440329,
0,
'00e0db4978afce30',
#07/06/2006#,
#07/06/2006#,
4,
0,
'0400000006140044000000000000000000200040002e4000102e4000101400c40000000000000000001000c0002e4000102e400010140280010000000000000000',

'00000000',

'        6 3 5 0 4 2 6 6 6 5 5 2 3 1 5   '
);

INSERT INTO identitytable (Parent_CMID,CM_FirstName,CM_LastName,CM_CompanyName,CM_Type,CM_Attributes,CM_HintField,CM_ExtHintField,CM_FirstNmPrn,CM_LastNmPrn,CM_CompanyNmPrn) VALUES (
85,
'Vicy',
'Rand',
NULL,
268440329,
4,
84,
0,
NULL,
NULL,
NULL
);

INSERT INTO phone (CM_Id,CM_PhoneMatching,CM_ExtendedPhoneMatching) VALUES (
85,
5132556,
66240536
);

INSERT INTO contacts (CM_Id,CM_Type,CM_PrefTemplateRefId,CM_UIDString,CM_Last_modified,CM_ContactCreationDate,CM_Attributes,CM_ReplicationCount,CM_Header,CM_TextBlob,CM_SearchableText) VALUES (
86,
268440329,
0,
'00e0db4978aff540',
#07/06/2006#,
#07/06/2006#,
4,
0,
'0400000006140044000000000000000000200040002e4000102e4000101400c40000000000000000001000c0002e4000102e400010140280010000000000000000',

'00000000',

'        5 7 5 6 0 1 2 6 6 4 5 2 0 0 1   '
);

INSERT INTO identitytable (Parent_CMID,CM_FirstName,CM_LastName,CM_CompanyName,CM_Type,CM_Attributes,CM_HintField,CM_ExtHintField,CM_FirstNmPrn,CM_LastNmPrn,CM_CompanyNmPrn) VALUES (
86,
'Uma',
'Ah',
NULL,
268440329,
4,
84,
0,
NULL,
NULL,
NULL
);

INSERT INTO phone (CM_Id,CM_PhoneMatching,CM_ExtendedPhoneMatching) VALUES (
86,
1002546,
62106575
);

INSERT INTO contacts (CM_Id,CM_Type,CM_PrefTemplateRefId,CM_UIDString,CM_Last_modified,CM_ContactCreationDate,CM_Attributes,CM_ReplicationCount,CM_Header,CM_TextBlob,CM_SearchableText) VALUES (
87,
268440329,
0,
'00e0db4978b008c8',
#07/06/2006#,
#07/06/2006#,
4,
0,
'0400000006140044000000000000000000200040002e4000102e4000101400c40000000000000000001000c0002e4000102e400010140280010000000000000000',

'00000000',

'        2 0 7 4 0 8 8 5 2 3 3 3 3 1 4   '
);

INSERT INTO identitytable (Parent_CMID,CM_FirstName,CM_LastName,CM_CompanyName,CM_Type,CM_Attributes,CM_HintField,CM_ExtHintField,CM_FirstNmPrn,CM_LastNmPrn,CM_CompanyNmPrn) VALUES (
87,
'Y',
'Gianstes',
NULL,
268440329,
4,
84,
0,
NULL,
NULL,
NULL
);

INSERT INTO phone (CM_Id,CM_PhoneMatching,CM_ExtendedPhoneMatching) VALUES (
87,
4133332,
58804702
);

INSERT INTO contacts (CM_Id,CM_Type,CM_PrefTemplateRefId,CM_UIDString,CM_Last_modified,CM_ContactCreationDate,CM_Attributes,CM_ReplicationCount,CM_Header,CM_TextBlob,CM_SearchableText) VALUES (
88,
268440329,
0,
'00e0db4978b02fd8',
#07/06/2006#,
#07/06/2006#,
4,
0,
'0400000006140044000000000000000000200040002e4000102e4000101400c40000000000000000001000c0002e4000102e400010140280010000000000000000',

'00000000',

'        0 3 2 1 2 0 3 7 1 4 4 8 8 6 8   '
);

INSERT INTO identitytable (Parent_CMID,CM_FirstName,CM_LastName,CM_CompanyName,CM_Type,CM_Attributes,CM_HintField,CM_ExtHintField,CM_FirstNmPrn,CM_LastNmPrn,CM_CompanyNmPrn) VALUES (
88,
'Che',
'Vans',
NULL,
268440329,
4,
84,
0,
NULL,
NULL,
NULL
);

INSERT INTO phone (CM_Id,CM_PhoneMatching,CM_ExtendedPhoneMatching) VALUES (
88,
8688441,
73021230
);

INSERT INTO contacts (CM_Id,CM_Type,CM_PrefTemplateRefId,CM_UIDString,CM_Last_modified,CM_ContactCreationDate,CM_Attributes,CM_ReplicationCount,CM_Header,CM_TextBlob,CM_SearchableText) VALUES (
89,
268440329,
0,
'00e0db4978b056e8',
#07/06/2006#,
#07/06/2006#,
4,
0,
'0400000006140044000000000000000000200040002e4000102e4000101400c40000000000000000001000c0002e4000102e400010140280010000000000000000',

'00000000',

'        8 2 6 8 1 6 8 5 6 4 1 7 7 5 8   '
);

INSERT INTO identitytable (Parent_CMID,CM_FirstName,CM_LastName,CM_CompanyName,CM_Type,CM_Attributes,CM_HintField,CM_ExtHintField,CM_FirstNmPrn,CM_LastNmPrn,CM_CompanyNmPrn) VALUES (
89,
'Hese',
'Katid',
NULL,
268440329,
4,
84,
0,
NULL,
NULL,
NULL
);

INSERT INTO phone (CM_Id,CM_PhoneMatching,CM_ExtendedPhoneMatching) VALUES (
89,
8577146,
58618628
);

INSERT INTO contacts (CM_Id,CM_Type,CM_PrefTemplateRefId,CM_UIDString,CM_Last_modified,CM_ContactCreationDate,CM_Attributes,CM_ReplicationCount,CM_Header,CM_TextBlob,CM_SearchableText) VALUES (
90,
268440329,
0,
'00e0db4978b07df8',
#07/06/2006#,
#07/06/2006#,
4,
0,
'0400000006140044000000000000000000200040002e4000102e4000101400c40000000000000000001000c0002e4000102e400010140280010000000000000000',

'00000000',

'        6 7 5 1 1 2 8 5 0 0 3 0 1 4 5   '
);

INSERT INTO identitytable (Parent_CMID,CM_FirstName,CM_LastName,CM_CompanyName,CM_Type,CM_Attributes,CM_HintField,CM_ExtHintField,CM_FirstNmPrn,CM_LastNmPrn,CM_CompanyNmPrn) VALUES (
90,
'Emon',
'Siderarchrrall',
NULL,
268440329,
4,
84,
0,
NULL,
NULL,
NULL
);

INSERT INTO phone (CM_Id,CM_PhoneMatching,CM_ExtendedPhoneMatching) VALUES (
90,
5410300,
58211576
);

INSERT INTO contacts (CM_Id,CM_Type,CM_PrefTemplateRefId,CM_UIDString,CM_Last_modified,CM_ContactCreationDate,CM_Attributes,CM_ReplicationCount,CM_Header,CM_TextBlob,CM_SearchableText) VALUES (
91,
268440329,
0,
'00e0db4978b0a508',
#07/06/2006#,
#07/06/2006#,
4,
0,
'0400000006140044000000000000000000200040002e4000102e4000101400c40000000000000000001000c0002e4000102e400010140280010000000000000000',

'00000000',

'        2 4 3 7 8 5 1 0 4 6 6 0 3 5 6   '
);

INSERT INTO identitytable (Parent_CMID,CM_FirstName,CM_LastName,CM_CompanyName,CM_Type,CM_Attributes,CM_HintField,CM_ExtHintField,CM_FirstNmPrn,CM_LastNmPrn,CM_CompanyNmPrn) VALUES (
91,
'Man',
'S',
NULL,
268440329,
4,
84,
0,
NULL,
NULL,
NULL
);

INSERT INTO phone (CM_Id,CM_PhoneMatching,CM_ExtendedPhoneMatching) VALUES (
91,
6530664,
1587342
);

INSERT INTO contacts (CM_Id,CM_Type,CM_PrefTemplateRefId,CM_UIDString,CM_Last_modified,CM_ContactCreationDate,CM_Attributes,CM_ReplicationCount,CM_Header,CM_TextBlob,CM_SearchableText) VALUES (
92,
268440329,
0,
'00e0db4978b21820',
#07/06/2006#,
#07/06/2006#,
4,
0,
'0400000006140044000000000000000000200040002e4000102e4000101400c40000000000000000001000c0002e4000102e400010140280010000000000000000',

'00000000',

'        2 0 4 1 0 0 7 5 5 3 6 0 4 0 2   '
);

INSERT INTO identitytable (Parent_CMID,CM_FirstName,CM_LastName,CM_CompanyName,CM_Type,CM_Attributes,CM_HintField,CM_ExtHintField,CM_FirstNmPrn,CM_LastNmPrn,CM_CompanyNmPrn) VALUES (
92,
'Rohany',
'Edkm',
NULL,
268440329,
4,
84,
0,
NULL,
NULL,
NULL
);

INSERT INTO phone (CM_Id,CM_PhoneMatching,CM_ExtendedPhoneMatching) VALUES (
92,
2040635,
57001402
);

INSERT INTO contacts (CM_Id,CM_Type,CM_PrefTemplateRefId,CM_UIDString,CM_Last_modified,CM_ContactCreationDate,CM_Attributes,CM_ReplicationCount,CM_Header,CM_TextBlob,CM_SearchableText) VALUES (
93,
268440329,
0,
'00e0db4978b23f30',
#07/06/2006#,
#07/06/2006#,
4,
0,
'0400000006140044000000000000000000200040002e4000102e4000101400c40000000000000000001000c0002e4000102e400010140280010000000000000000',

'00000000',

'        8 1 4 4 6 2 7 3 2 3 8 5 1 3 1   '
);

INSERT INTO identitytable (Parent_CMID,CM_FirstName,CM_LastName,CM_CompanyName,CM_Type,CM_Attributes,CM_HintField,CM_ExtHintField,CM_FirstNmPrn,CM_LastNmPrn,CM_CompanyNmPrn) VALUES (
93,
'Nai',
'Addonms',
NULL,
268440329,
4,
84,
0,
NULL,
NULL,
NULL
);

INSERT INTO phone (CM_Id,CM_PhoneMatching,CM_ExtendedPhoneMatching) VALUES (
93,
1315832,
37264418
);

INSERT INTO contacts (CM_Id,CM_Type,CM_PrefTemplateRefId,CM_UIDString,CM_Last_modified,CM_ContactCreationDate,CM_Attributes,CM_ReplicationCount,CM_Header,CM_TextBlob,CM_SearchableText) VALUES (
94,
268440329,
0,
'00e0db4978b252b8',
#07/06/2006#,
#07/06/2006#,
4,
0,
'0400000006140044000000000000000000200040002e4000102e4000101400c40000000000000000001000c0002e4000102e400010140280010000000000000000',

'00000000',

'        0 0 6 7 1 3 7 6 5 7 4 1 4 2 4   '
);

INSERT INTO identitytable (Parent_CMID,CM_FirstName,CM_LastName,CM_CompanyName,CM_Type,CM_Attributes,CM_HintField,CM_ExtHintField,CM_FirstNmPrn,CM_LastNmPrn,CM_CompanyNmPrn) VALUES (
94,
'Conus',
'Basolsoddd',
NULL,
268440329,
4,
84,
0,
NULL,
NULL,
NULL
);

INSERT INTO phone (CM_Id,CM_PhoneMatching,CM_ExtendedPhoneMatching) VALUES (
94,
4241475,
67317600
);

INSERT INTO contacts (CM_Id,CM_Type,CM_PrefTemplateRefId,CM_UIDString,CM_Last_modified,CM_ContactCreationDate,CM_Attributes,CM_ReplicationCount,CM_Header,CM_TextBlob,CM_SearchableText) VALUES (
95,
268440329,
0,
'00e0db4978b279c8',
#07/06/2006#,
#07/06/2006#,
4,
0,
'0400000006140044000000000000000000200040002e4000102e4000101400c40000000000000000001000c0002e4000102e400010140280010000000000000000',

'00000000',

'        3 5 5 3 2 4 4 1 7 2 3 4 2 0 0   '
);

INSERT INTO identitytable (Parent_CMID,CM_FirstName,CM_LastName,CM_CompanyName,CM_Type,CM_Attributes,CM_HintField,CM_ExtHintField,CM_FirstNmPrn,CM_LastNmPrn,CM_CompanyNmPrn) VALUES (
95,
'Ums',
'Ronss',
NULL,
268440329,
4,
84,
0,
NULL,
NULL,
NULL
);

INSERT INTO phone (CM_Id,CM_PhoneMatching,CM_ExtendedPhoneMatching) VALUES (
95,
24327,
14423553
);

INSERT INTO contacts (CM_Id,CM_Type,CM_PrefTemplateRefId,CM_UIDString,CM_Last_modified,CM_ContactCreationDate,CM_Attributes,CM_ReplicationCount,CM_Header,CM_TextBlob,CM_SearchableText) VALUES (
96,
268440329,
0,
'00e0db4978b2a0d8',
#07/06/2006#,
#07/06/2006#,
4,
0,
'0400000006140044000000000000000000200040002e4000102e4000101400c40000000000000000001000c0002e4000102e400010140280010000000000000000',

'00000000',

'        0 5 1 0 2 8 1 5 6 7 0 6 3 5 8   '
);

INSERT INTO identitytable (Parent_CMID,CM_FirstName,CM_LastName,CM_CompanyName,CM_Type,CM_Attributes,CM_HintField,CM_ExtHintField,CM_FirstNmPrn,CM_LastNmPrn,CM_CompanyNmPrn) VALUES (
96,
'Is',
'Gu',
NULL,
268440329,
4,
84,
0,
NULL,
NULL,
NULL
);

INSERT INTO phone (CM_Id,CM_PhoneMatching,CM_ExtendedPhoneMatching) VALUES (
96,
8536076,
51820150
);

INSERT INTO contacts (CM_Id,CM_Type,CM_PrefTemplateRefId,CM_UIDString,CM_Last_modified,CM_ContactCreationDate,CM_Attributes,CM_ReplicationCount,CM_Header,CM_TextBlob,CM_SearchableText) VALUES (
97,
268440329,
0,
'00e0db4978b2c7e8',
#07/06/2006#,
#07/06/2006#,
4,
0,
'0400000006140044000000000000000000200040002e4000102e4000101400c40000000000000000001000c0002e4000102e400010140280010000000000000000',

'00000000',

'        3 7 3 4 3 4 8 8 3 8 3 3 0 4 0   '
);

INSERT INTO identitytable (Parent_CMID,CM_FirstName,CM_LastName,CM_CompanyName,CM_Type,CM_Attributes,CM_HintField,CM_ExtHintField,CM_FirstNmPrn,CM_LastNmPrn,CM_CompanyNmPrn) VALUES (
97,
'Ch',
'Inrinez',
NULL,
268440329,
4,
84,
0,
NULL,
NULL,
NULL
);

INSERT INTO phone (CM_Id,CM_PhoneMatching,CM_ExtendedPhoneMatching) VALUES (
97,
403383,
88434373
);

INSERT INTO contacts (CM_Id,CM_Type,CM_PrefTemplateRefId,CM_UIDString,CM_Last_modified,CM_ContactCreationDate,CM_Attributes,CM_ReplicationCount,CM_Header,CM_TextBlob,CM_SearchableText) VALUES (
98,
268440329,
0,
'00e0db4978b2eef8',
#07/06/2006#,
#07/06/2006#,
4,
0,
'0400000006140044000000000000000000200040002e4000102e4000101400c40000000000000000001000c0002e4000102e400010140280010000000000000000',

'00000000',

'        5 5 2 6 4 5 0 2 5 1 4 1 2 0 7   '
);

INSERT INTO identitytable (Parent_CMID,CM_FirstName,CM_LastName,CM_CompanyName,CM_Type,CM_Attributes,CM_HintField,CM_ExtHintField,CM_FirstNmPrn,CM_LastNmPrn,CM_CompanyNmPrn) VALUES (
98,
'Sthaharex',
'Va',
NULL,
268440329,
4,
84,
0,
NULL,
NULL,
NULL
);

INSERT INTO phone (CM_Id,CM_PhoneMatching,CM_ExtendedPhoneMatching) VALUES (
98,
7021415,
20546255
);

INSERT INTO contacts (CM_Id,CM_Type,CM_PrefTemplateRefId,CM_UIDString,CM_Last_modified,CM_ContactCreationDate,CM_Attributes,CM_ReplicationCount,CM_Header,CM_TextBlob,CM_SearchableText) VALUES (
99,
268440329,
0,
'00e0db4978b31608',
#07/06/2006#,
#07/06/2006#,
4,
0,
'0400000006140044000000000000000000200040002e4000102e4000101400c40000000000000000001000c0002e4000102e400010140280010000000000000000',

'00000000',

'        0 0 0 5 2 3 8 8 1 8 5 0 7 0 3   '
);

INSERT INTO identitytable (Parent_CMID,CM_FirstName,CM_LastName,CM_CompanyName,CM_Type,CM_Attributes,CM_HintField,CM_ExtHintField,CM_FirstNmPrn,CM_LastNmPrn,CM_CompanyNmPrn) VALUES (
99,
'Ga',
'Fepoher',
NULL,
268440329,
4,
84,
0,
NULL,
NULL,
NULL
);

INSERT INTO phone (CM_Id,CM_PhoneMatching,CM_ExtendedPhoneMatching) VALUES (
99,
3070581,
88325000
);

INSERT INTO contacts (CM_Id,CM_Type,CM_PrefTemplateRefId,CM_UIDString,CM_Last_modified,CM_ContactCreationDate,CM_Attributes,CM_ReplicationCount,CM_Header,CM_TextBlob,CM_SearchableText) VALUES (
100,
268440329,
0,
'00e0db4978b32990',
#07/06/2006#,
#07/06/2006#,
4,
0,
'0400000006140044000000000000000000200040002e4000102e4000101400c40000000000000000001000c0002e4000102e400010140280010000000000000000',

'00000000',

'        5 7 3 2 1 7 4 6 2 6 4 1 4 0 5   '
);

INSERT INTO identitytable (Parent_CMID,CM_FirstName,CM_LastName,CM_CompanyName,CM_Type,CM_Attributes,CM_HintField,CM_ExtHintField,CM_FirstNmPrn,CM_LastNmPrn,CM_CompanyNmPrn) VALUES (
100,
'Datelaly',
'DicDe',
NULL,
268440329,
4,
84,
0,
NULL,
NULL,
NULL
);

INSERT INTO phone (CM_Id,CM_PhoneMatching,CM_ExtendedPhoneMatching) VALUES (
100,
5041462,
64712375
);

INSERT INTO contacts (CM_Id,CM_Type,CM_PrefTemplateRefId,CM_UIDString,CM_Last_modified,CM_ContactCreationDate,CM_Attributes,CM_ReplicationCount,CM_Header,CM_TextBlob,CM_SearchableText) VALUES (
101,
268440329,
0,
'00e0db4978b350a0',
#07/06/2006#,
#07/06/2006#,
4,
0,
'0400000006140044000000000000000000200040002e4000102e4000101400c40000000000000000001000c0002e4000102e400010140280010000000000000000',

'00000000',

'        1 5 5 6 2 3 2 8 6 8 4 2 5 1 5   '
);

INSERT INTO identitytable (Parent_CMID,CM_FirstName,CM_LastName,CM_CompanyName,CM_Type,CM_Attributes,CM_HintField,CM_ExtHintField,CM_FirstNmPrn,CM_LastNmPrn,CM_CompanyNmPrn) VALUES (
101,
'Shewas',
'Al',
NULL,
268440329,
4,
84,
0,
NULL,
NULL,
NULL
);

INSERT INTO phone (CM_Id,CM_PhoneMatching,CM_ExtendedPhoneMatching) VALUES (
101,
5152486,
82326551
);

INSERT INTO contacts (CM_Id,CM_Type,CM_PrefTemplateRefId,CM_UIDString,CM_Last_modified,CM_ContactCreationDate,CM_Attributes,CM_ReplicationCount,CM_Header,CM_TextBlob,CM_SearchableText) VALUES (
102,
268440329,
0,
'00e0db4978b377b0',
#07/06/2006#,
#07/06/2006#,
4,
0,
'0400000006140044000000000000000000200040002e4000102e4000101400c40000000000000000001000c0002e4000102e400010140280010000000000000000',

'00000000',

'        0 2 6 3 6 3 7 8 1 1 7 6 6 6 4   '
);

INSERT INTO identitytable (Parent_CMID,CM_FirstName,CM_LastName,CM_CompanyName,CM_Type,CM_Attributes,CM_HintField,CM_ExtHintField,CM_FirstNmPrn,CM_LastNmPrn,CM_CompanyNmPrn) VALUES (
102,
'D',
'Siarudi',
NULL,
268440329,
4,
84,
0,
NULL,
NULL,
NULL
);

INSERT INTO phone (CM_Id,CM_PhoneMatching,CM_ExtendedPhoneMatching) VALUES (
102,
4666711,
87363620
);

INSERT INTO contacts (CM_Id,CM_Type,CM_PrefTemplateRefId,CM_UIDString,CM_Last_modified,CM_ContactCreationDate,CM_Attributes,CM_ReplicationCount,CM_Header,CM_TextBlob,CM_SearchableText) VALUES (
103,
268440329,
0,
'00e0db4978b39ec0',
#07/06/2006#,
#07/06/2006#,
4,
0,
'0400000006140044000000000000000000200040002e4000102e4000101400c40000000000000000001000c0002e4000102e400010140280010000000000000000',

'00000000',

'        4 2 2 1 3 1 7 0 2 8 6 7 7 2 8   '
);

INSERT INTO identitytable (Parent_CMID,CM_FirstName,CM_LastName,CM_CompanyName,CM_Type,CM_Attributes,CM_HintField,CM_ExtHintField,CM_FirstNmPrn,CM_LastNmPrn,CM_CompanyNmPrn) VALUES (
103,
'Kura',
'Sj',
NULL,
268440329,
4,
84,
0,
NULL,
NULL,
NULL
);

INSERT INTO phone (CM_Id,CM_PhoneMatching,CM_ExtendedPhoneMatching) VALUES (
103,
8277682,
7131224
);

INSERT INTO contacts (CM_Id,CM_Type,CM_PrefTemplateRefId,CM_UIDString,CM_Last_modified,CM_ContactCreationDate,CM_Attributes,CM_ReplicationCount,CM_Header,CM_TextBlob,CM_SearchableText) VALUES (
104,
268440329,
0,
'00e0db4978b3b248',
#07/06/2006#,
#07/06/2006#,
4,
0,
'0400000006140044000000000000000000200040002e4000102e4000101400c40000000000000000001000c0002e4000102e400010140280010000000000000000',

'00000000',

'        6 4 7 1 7 7 2 0 6 2 0 6 6 2 8   '
);

INSERT INTO identitytable (Parent_CMID,CM_FirstName,CM_LastName,CM_CompanyName,CM_Type,CM_Attributes,CM_HintField,CM_ExtHintField,CM_FirstNmPrn,CM_LastNmPrn,CM_CompanyNmPrn) VALUES (
104,
'Daileliarary',
'Brore',
NULL,
268440329,
4,
84,
0,
NULL,
NULL,
NULL
);

INSERT INTO phone (CM_Id,CM_PhoneMatching,CM_ExtendedPhoneMatching) VALUES (
104,
8266026,
2771746
);

INSERT INTO contacts (CM_Id,CM_Type,CM_PrefTemplateRefId,CM_UIDString,CM_Last_modified,CM_ContactCreationDate,CM_Attributes,CM_ReplicationCount,CM_Header,CM_TextBlob,CM_SearchableText) VALUES (
105,
268440329,
0,
'00e0db4978b3d958',
#07/06/2006#,
#07/06/2006#,
4,
0,
'0400000006140044000000000000000000200040002e4000102e4000101400c40000000000000000001000c0002e4000102e400010140280010000000000000000',

'00000000',

'        6 3 6 1 3 8 1 0 1 2 7 5 2 1 2   '
);

INSERT INTO identitytable (Parent_CMID,CM_FirstName,CM_LastName,CM_CompanyName,CM_Type,CM_Attributes,CM_HintField,CM_ExtHintField,CM_FirstNmPrn,CM_LastNmPrn,CM_CompanyNmPrn) VALUES (
105,
'Ken',
'Tekshwinneor',
NULL,
268440329,
4,
84,
0,
NULL,
NULL,
NULL
);

INSERT INTO phone (CM_Id,CM_PhoneMatching,CM_ExtendedPhoneMatching) VALUES (
105,
2125721,
1831636
);

INSERT INTO contacts (CM_Id,CM_Type,CM_PrefTemplateRefId,CM_UIDString,CM_Last_modified,CM_ContactCreationDate,CM_Attributes,CM_ReplicationCount,CM_Header,CM_TextBlob,CM_SearchableText) VALUES (
106,
268440329,
0,
'00e0db4978b40068',
#07/06/2006#,
#07/06/2006#,
4,
0,
'0400000006140044000000000000000000200040002e4000102e4000101400c40000000000000000001000c0002e4000102e400010140280010000000000000000',

'00000000',

'        6 4 4 1 7 4 5 6 3 5 0 4 3 7 4   '
);

INSERT INTO identitytable (Parent_CMID,CM_FirstName,CM_LastName,CM_CompanyName,CM_Type,CM_Attributes,CM_HintField,CM_ExtHintField,CM_FirstNmPrn,CM_LastNmPrn,CM_CompanyNmPrn) VALUES (
106,
'Mahew',
'Svand',
NULL,
268440329,
4,
84,
0,
NULL,
NULL,
NULL
);

INSERT INTO phone (CM_Id,CM_PhoneMatching,CM_ExtendedPhoneMatching) VALUES (
106,
4734053,
65471446
);

INSERT INTO contacts (CM_Id,CM_Type,CM_PrefTemplateRefId,CM_UIDString,CM_Last_modified,CM_ContactCreationDate,CM_Attributes,CM_ReplicationCount,CM_Header,CM_TextBlob,CM_SearchableText) VALUES (
107,
268440329,
0,
'00e0db4978b43b00',
#07/06/2006#,
#07/06/2006#,
4,
0,
'0400000006140044000000000000000000200040002e4000102e4000101400c40000000000000000001000c0002e4000102e400010140280010000000000000000',

'00000000',

'        1 3 1 8 5 6 8 6 2 8 1 5 4 3 3   '
);

INSERT INTO identitytable (Parent_CMID,CM_FirstName,CM_LastName,CM_CompanyName,CM_Type,CM_Attributes,CM_HintField,CM_ExtHintField,CM_FirstNmPrn,CM_LastNmPrn,CM_CompanyNmPrn) VALUES (
107,
'Gerik',
'Mawoshar',
NULL,
268440329,
4,
84,
0,
NULL,
NULL,
NULL
);

INSERT INTO phone (CM_Id,CM_PhoneMatching,CM_ExtendedPhoneMatching) VALUES (
107,
3345182,
68658131
);

INSERT INTO contacts (CM_Id,CM_Type,CM_PrefTemplateRefId,CM_UIDString,CM_Last_modified,CM_ContactCreationDate,CM_Attributes,CM_ReplicationCount,CM_Header,CM_TextBlob,CM_SearchableText) VALUES (
108,
268440329,
0,
'00e0db4978b46210',
#07/06/2006#,
#07/06/2006#,
4,
0,
'0400000006140044000000000000000000200040002e4000102e4000101400c40000000000000000001000c0002e4000102e400010140280010000000000000000',

'00000000',

'        2 6 5 0 2 1 4 6 4 8 6 5 8 4 2   '
);

INSERT INTO identitytable (Parent_CMID,CM_FirstName,CM_LastName,CM_CompanyName,CM_Type,CM_Attributes,CM_HintField,CM_ExtHintField,CM_FirstNmPrn,CM_LastNmPrn,CM_CompanyNmPrn) VALUES (
108,
'Muliatin',
'Furoutmtokasshmaroner',
NULL,
268440329,
4,
84,
0,
NULL,
NULL,
NULL
);

INSERT INTO phone (CM_Id,CM_PhoneMatching,CM_ExtendedPhoneMatching) VALUES (
108,
2485684,
64120562
);

INSERT INTO contacts (CM_Id,CM_Type,CM_PrefTemplateRefId,CM_UIDString,CM_Last_modified,CM_ContactCreationDate,CM_Attributes,CM_ReplicationCount,CM_Header,CM_TextBlob,CM_SearchableText) VALUES (
109,
268440329,
0,
'00e0db4978b48920',
#07/06/2006#,
#07/06/2006#,
4,
0,
'0400000006140044000000000000000000200040002e4000102e4000101400c40000000000000000001000c0002e4000102e400010140280010000000000000000',

'00000000',

'        5 3 8 3 7 4 5 8 4 8 0 3 8 5 7   '
);

INSERT INTO identitytable (Parent_CMID,CM_FirstName,CM_LastName,CM_CompanyName,CM_Type,CM_Attributes,CM_HintField,CM_ExtHintField,CM_FirstNmPrn,CM_LastNmPrn,CM_CompanyNmPrn) VALUES (
109,
'Iare',
'Mcers',
NULL,
268440329,
4,
84,
0,
NULL,
NULL,
NULL
);

INSERT INTO phone (CM_Id,CM_PhoneMatching,CM_ExtendedPhoneMatching) VALUES (
109,
7583084,
85473835
);

INSERT INTO contacts (CM_Id,CM_Type,CM_PrefTemplateRefId,CM_UIDString,CM_Last_modified,CM_ContactCreationDate,CM_Attributes,CM_ReplicationCount,CM_Header,CM_TextBlob,CM_SearchableText) VALUES (
110,
268440329,
0,
'00e0db4978b4b030',
#07/06/2006#,
#07/06/2006#,
4,
0,
'0400000006140044000000000000000000200040002e4000102e4000101400c40000000000000000001000c0002e4000102e400010140280010000000000000000',

'00000000',

'        7 5 0 8 7 6 4 6 6 6 1 6 8 2 3   '
);

INSERT INTO identitytable (Parent_CMID,CM_FirstName,CM_LastName,CM_CompanyName,CM_Type,CM_Attributes,CM_HintField,CM_ExtHintField,CM_FirstNmPrn,CM_LastNmPrn,CM_CompanyNmPrn) VALUES (
110,
'An',
'Eva',
NULL,
268440329,
4,
84,
0,
NULL,
NULL,
NULL
);

INSERT INTO phone (CM_Id,CM_PhoneMatching,CM_ExtendedPhoneMatching) VALUES (
110,
3286166,
64678057
);

INSERT INTO contacts (CM_Id,CM_Type,CM_PrefTemplateRefId,CM_UIDString,CM_Last_modified,CM_ContactCreationDate,CM_Attributes,CM_ReplicationCount,CM_Header,CM_TextBlob,CM_SearchableText) VALUES (
111,
268440329,
0,
'00e0db4978b4c3b8',
#07/06/2006#,
#07/06/2006#,
4,
0,
'0400000006140044000000000000000000200040002e4000102e4000101400c40000000000000000001000c0002e4000102e400010140280010000000000000000',

'00000000',

'        4 3 1 8 5 7 2 2 7 0 1 7 1 8 0   '
);

INSERT INTO identitytable (Parent_CMID,CM_FirstName,CM_LastName,CM_CompanyName,CM_Type,CM_Attributes,CM_HintField,CM_ExtHintField,CM_FirstNmPrn,CM_LastNmPrn,CM_CompanyNmPrn) VALUES (
111,
'Jare',
'Trningende',
NULL,
268440329,
4,
84,
0,
NULL,
NULL,
NULL
);

INSERT INTO phone (CM_Id,CM_PhoneMatching,CM_ExtendedPhoneMatching) VALUES (
111,
817107,
22758134
);

INSERT INTO contacts (CM_Id,CM_Type,CM_PrefTemplateRefId,CM_UIDString,CM_Last_modified,CM_ContactCreationDate,CM_Attributes,CM_ReplicationCount,CM_Header,CM_TextBlob,CM_SearchableText) VALUES (
112,
268440329,
0,
'00e0db4978b4eac8',
#07/06/2006#,
#07/06/2006#,
4,
0,
'0400000006140044000000000000000000200040002e4000102e4000101400c40000000000000000001000c0002e4000102e400010140280010000000000000000',

'00000000',

'        6 5 3 1 6 7 7 2 3 4 3 3 1 6 1   '
);

INSERT INTO identitytable (Parent_CMID,CM_FirstName,CM_LastName,CM_CompanyName,CM_Type,CM_Attributes,CM_HintField,CM_ExtHintField,CM_FirstNmPrn,CM_LastNmPrn,CM_CompanyNmPrn) VALUES (
112,
'Wamosishes',
'Bupewialy',
NULL,
268440329,
4,
84,
0,
NULL,
NULL,
NULL
);

INSERT INTO phone (CM_Id,CM_PhoneMatching,CM_ExtendedPhoneMatching) VALUES (
112,
1613343,
27761356
);

INSERT INTO contacts (CM_Id,CM_Type,CM_PrefTemplateRefId,CM_UIDString,CM_Last_modified,CM_ContactCreationDate,CM_Attributes,CM_ReplicationCount,CM_Header,CM_TextBlob,CM_SearchableText) VALUES (
113,
268440329,
0,
'00e0db4978b52560',
#07/06/2006#,
#07/06/2006#,
4,
0,
'0400000006140044000000000000000000200040002e4000102e4000101400c40000000000000000001000c0002e4000102e400010140280010000000000000000',

'00000000',

'        2 8 0 4 0 4 2 5 4 4 7 5 7 5 7   '
);

INSERT INTO identitytable (Parent_CMID,CM_FirstName,CM_LastName,CM_CompanyName,CM_Type,CM_Attributes,CM_HintField,CM_ExtHintField,CM_FirstNmPrn,CM_LastNmPrn,CM_CompanyNmPrn) VALUES (
113,
'Pau',
'Ta',
NULL,
268440329,
4,
84,
0,
NULL,
NULL,
NULL
);

INSERT INTO phone (CM_Id,CM_PhoneMatching,CM_ExtendedPhoneMatching) VALUES (
113,
7575744,
52404082
);

INSERT INTO contacts (CM_Id,CM_Type,CM_PrefTemplateRefId,CM_UIDString,CM_Last_modified,CM_ContactCreationDate,CM_Attributes,CM_ReplicationCount,CM_Header,CM_TextBlob,CM_SearchableText) VALUES (
114,
268440329,
0,
'00e0db4978b538e8',
#07/06/2006#,
#07/06/2006#,
4,
0,
'0400000006140044000000000000000000200040002e4000102e4000101400c40000000000000000001000c0002e4000102e400010140280010000000000000000',

'00000000',

'        8 0 8 0 6 7 2 1 3 3 3 4 3 4 2   '
);

INSERT INTO identitytable (Parent_CMID,CM_FirstName,CM_LastName,CM_CompanyName,CM_Type,CM_Attributes,CM_HintField,CM_ExtHintField,CM_FirstNmPrn,CM_LastNmPrn,CM_CompanyNmPrn) VALUES (
114,
'Iarlirtoubrera',
'Kionnckeld',
NULL,
268440329,
4,
84,
0,
NULL,
NULL,
NULL
);

INSERT INTO phone (CM_Id,CM_PhoneMatching,CM_ExtendedPhoneMatching) VALUES (
114,
2434333,
12760808
);

INSERT INTO contacts (CM_Id,CM_Type,CM_PrefTemplateRefId,CM_UIDString,CM_Last_modified,CM_ContactCreationDate,CM_Attributes,CM_ReplicationCount,CM_Header,CM_TextBlob,CM_SearchableText) VALUES (
115,
268440329,
0,
'00e0db4978b55ff8',
#07/06/2006#,
#07/06/2006#,
4,
0,
'0400000006140044000000000000000000200040002e4000102e4000101400c40000000000000000001000c0002e4000102e400010140280010000000000000000',

'00000000',

'        7 1 3 5 8 2 8 0 7 0 6 0 0 3 7   '
);

INSERT INTO identitytable (Parent_CMID,CM_FirstName,CM_LastName,CM_CompanyName,CM_Type,CM_Attributes,CM_HintField,CM_ExtHintField,CM_FirstNmPrn,CM_LastNmPrn,CM_CompanyNmPrn) VALUES (
115,
'San',
'Ba',
NULL,
268440329,
4,
84,
0,
NULL,
NULL,
NULL
);

INSERT INTO phone (CM_Id,CM_PhoneMatching,CM_ExtendedPhoneMatching) VALUES (
115,
7300607,
8285317
);

INSERT INTO contacts (CM_Id,CM_Type,CM_PrefTemplateRefId,CM_UIDString,CM_Last_modified,CM_ContactCreationDate,CM_Attributes,CM_ReplicationCount,CM_Header,CM_TextBlob,CM_SearchableText) VALUES (
116,
268440329,
0,
'00e0db4978b58708',
#07/06/2006#,
#07/06/2006#,
4,
0,
'0400000006140044000000000000000000200040002e4000102e4000101400c40000000000000000001000c0002e4000102e400010140280010000000000000000',

'00000000',

'        5 7 3 5 3 0 3 8 8 1 5 0 3 8 0   '
);

INSERT INTO identitytable (Parent_CMID,CM_FirstName,CM_LastName,CM_CompanyName,CM_Type,CM_Attributes,CM_HintField,CM_ExtHintField,CM_FirstNmPrn,CM_LastNmPrn,CM_CompanyNmPrn) VALUES (
116,
'Justik',
'Yachl',
NULL,
268440329,
4,
84,
0,
NULL,
NULL,
NULL
);

INSERT INTO phone (CM_Id,CM_PhoneMatching,CM_ExtendedPhoneMatching) VALUES (
116,
830518,
83035375
);

INSERT INTO contacts (CM_Id,CM_Type,CM_PrefTemplateRefId,CM_UIDString,CM_Last_modified,CM_ContactCreationDate,CM_Attributes,CM_ReplicationCount,CM_Header,CM_TextBlob,CM_SearchableText) VALUES (
117,
268440329,
0,
'00e0db4978b5ae18',
#07/06/2006#,
#07/06/2006#,
4,
0,
'0400000006140044000000000000000000200040002e4000102e4000101400c40000000000000000001000c0002e4000102e400010140280010000000000000000',

'00000000',

'        7 2 5 5 8 8 1 3 2 5 8 0 8 1 5   '
);

INSERT INTO identitytable (Parent_CMID,CM_FirstName,CM_LastName,CM_CompanyName,CM_Type,CM_Attributes,CM_HintField,CM_ExtHintField,CM_FirstNmPrn,CM_LastNmPrn,CM_CompanyNmPrn) VALUES (
117,
'Alar',
'Matsksksonsoumpac',
NULL,
268440329,
4,
84,
0,
NULL,
NULL,
NULL
);

INSERT INTO phone (CM_Id,CM_PhoneMatching,CM_ExtendedPhoneMatching) VALUES (
117,
5180852,
31885527
);

INSERT INTO contacts (CM_Id,CM_Type,CM_PrefTemplateRefId,CM_UIDString,CM_Last_modified,CM_ContactCreationDate,CM_Attributes,CM_ReplicationCount,CM_Header,CM_TextBlob,CM_SearchableText) VALUES (
118,
268440329,
0,
'00e0db4978b5c1a0',
#07/06/2006#,
#07/06/2006#,
4,
0,
'0400000006140044000000000000000000200040002e4000102e4000101400c40000000000000000001000c0002e4000102e400010140280010000000000000000',

'00000000',

'        2 5 0 7 6 5 2 5 6 4 3 0 2 1 6   '
);

INSERT INTO identitytable (Parent_CMID,CM_FirstName,CM_LastName,CM_CompanyName,CM_Type,CM_Attributes,CM_HintField,CM_ExtHintField,CM_FirstNmPrn,CM_LastNmPrn,CM_CompanyNmPrn) VALUES (
118,
'Nobrd',
'Kerokilirtsoug',
NULL,
268440329,
4,
84,
0,
NULL,
NULL,
NULL
);

INSERT INTO phone (CM_Id,CM_PhoneMatching,CM_ExtendedPhoneMatching) VALUES (
118,
6120346,
52567052
);

INSERT INTO contacts (CM_Id,CM_Type,CM_PrefTemplateRefId,CM_UIDString,CM_Last_modified,CM_ContactCreationDate,CM_Attributes,CM_ReplicationCount,CM_Header,CM_TextBlob,CM_SearchableText) VALUES (
119,
268440329,
0,
'00e0db4978b5e8b0',
#07/06/2006#,
#07/06/2006#,
4,
0,
'0400000006140044000000000000000000200040002e4000102e4000101400c40000000000000000001000c0002e4000102e400010140280010000000000000000',

'00000000',

'        8 5 1 6 6 8 3 5 6 4 7 1 0 3 8   '
);

INSERT INTO identitytable (Parent_CMID,CM_FirstName,CM_LastName,CM_CompanyName,CM_Type,CM_Attributes,CM_HintField,CM_ExtHintField,CM_FirstNmPrn,CM_LastNmPrn,CM_CompanyNmPrn) VALUES (
119,
'Ad',
'ToncDony',
NULL,
268440329,
4,
84,
0,
NULL,
NULL,
NULL
);

INSERT INTO phone (CM_Id,CM_PhoneMatching,CM_ExtendedPhoneMatching) VALUES (
119,
8301746,
53866158
);

INSERT INTO contacts (CM_Id,CM_Type,CM_PrefTemplateRefId,CM_UIDString,CM_Last_modified,CM_ContactCreationDate,CM_Attributes,CM_ReplicationCount,CM_Header,CM_TextBlob,CM_SearchableText) VALUES (
120,
268440329,
0,
'00e0db4978b60fc0',
#07/06/2006#,
#07/06/2006#,
4,
0,
'0400000006140044000000000000000000200040002e4000102e4000101400c40000000000000000001000c0002e4000102e400010140280010000000000000000',

'00000000',

'        7 1 0 6 7 2 8 3 7 5 7 4 1 6 6   '
);

INSERT INTO identitytable (Parent_CMID,CM_FirstName,CM_LastName,CM_CompanyName,CM_Type,CM_Attributes,CM_HintField,CM_ExtHintField,CM_FirstNmPrn,CM_LastNmPrn,CM_CompanyNmPrn) VALUES (
120,
'Cona',
'Hayale',
NULL,
268440329,
4,
84,
0,
NULL,
NULL,
NULL
);

INSERT INTO phone (CM_Id,CM_PhoneMatching,CM_ExtendedPhoneMatching) VALUES (
120,
6614757,
38276017
);

INSERT INTO contacts (CM_Id,CM_Type,CM_PrefTemplateRefId,CM_UIDString,CM_Last_modified,CM_ContactCreationDate,CM_Attributes,CM_ReplicationCount,CM_Header,CM_TextBlob,CM_SearchableText) VALUES (
121,
268440329,
0,
'00e0db4978b636d0',
#07/06/2006#,
#07/06/2006#,
4,
0,
'0400000006140044000000000000000000200040002e4000102e4000101400c40000000000000000001000c0002e4000102e400010140280010000000000000000',

'00000000',

'        2 7 8 8 7 2 6 1 0 2 3 0 8 3 2   '
);

INSERT INTO identitytable (Parent_CMID,CM_FirstName,CM_LastName,CM_CompanyName,CM_Type,CM_Attributes,CM_HintField,CM_ExtHintField,CM_FirstNmPrn,CM_LastNmPrn,CM_CompanyNmPrn) VALUES (
121,
'Ha',
'Ewidekilom',
NULL,
268440329,
4,
84,
0,
NULL,
NULL,
NULL
);

INSERT INTO phone (CM_Id,CM_PhoneMatching,CM_ExtendedPhoneMatching) VALUES (
121,
2380320,
16278872
);

INSERT INTO contacts (CM_Id,CM_Type,CM_PrefTemplateRefId,CM_UIDString,CM_Last_modified,CM_ContactCreationDate,CM_Attributes,CM_ReplicationCount,CM_Header,CM_TextBlob,CM_SearchableText) VALUES (
122,
268440329,
0,
'00e0db4978b67168',
#07/06/2006#,
#07/06/2006#,
4,
0,
'0400000006140044000000000000000000200040002e4000102e4000101400c40000000000000000001000c0002e4000102e400010140280010000000000000000',

'00000000',

'        8 8 8 7 3 8 8 6 8 6 6 7 6 8 7   '
);

INSERT INTO identitytable (Parent_CMID,CM_FirstName,CM_LastName,CM_CompanyName,CM_Type,CM_Attributes,CM_HintField,CM_ExtHintField,CM_FirstNmPrn,CM_LastNmPrn,CM_CompanyNmPrn) VALUES (
122,
'Zobd',
'Fuste',
NULL,
268440329,
4,
84,
0,
NULL,
NULL,
NULL
);

INSERT INTO phone (CM_Id,CM_PhoneMatching,CM_ExtendedPhoneMatching) VALUES (
122,
7867668,
68837888
);

INSERT INTO contacts (CM_Id,CM_Type,CM_PrefTemplateRefId,CM_UIDString,CM_Last_modified,CM_ContactCreationDate,CM_Attributes,CM_ReplicationCount,CM_Header,CM_TextBlob,CM_SearchableText) VALUES (
123,
268440329,
0,
'00e0db4978b69878',
#07/06/2006#,
#07/06/2006#,
4,
0,
'0400000006140044000000000000000000200040002e4000102e4000101400c40000000000000000001000c0002e4000102e400010140280010000000000000000',

'00000000',

'        4 1 7 6 3 0 1 3 6 6 5 7 2 7 4   '
);

INSERT INTO identitytable (Parent_CMID,CM_FirstName,CM_LastName,CM_CompanyName,CM_Type,CM_Attributes,CM_HintField,CM_ExtHintField,CM_FirstNmPrn,CM_LastNmPrn,CM_CompanyNmPrn) VALUES (
123,
'Jylilan',
'Jorghirinckalond',
NULL,
268440329,
4,
84,
0,
NULL,
NULL,
NULL
);

INSERT INTO phone (CM_Id,CM_PhoneMatching,CM_ExtendedPhoneMatching) VALUES (
123,
4727566,
31036714
);

INSERT INTO contacts (CM_Id,CM_Type,CM_PrefTemplateRefId,CM_UIDString,CM_Last_modified,CM_ContactCreationDate,CM_Attributes,CM_ReplicationCount,CM_Header,CM_TextBlob,CM_SearchableText) VALUES (
124,
268440329,
0,
'00e0db4978b6bf88',
#07/06/2006#,
#07/06/2006#,
4,
0,
'0400000006140044000000000000000000200040002e4000102e4000101400c40000000000000000001000c0002e4000102e400010140280010000000000000000',

'00000000',

'        5 7 5 4 2 0 7 3 3 1 7 6 3 3 0   '
);

INSERT INTO identitytable (Parent_CMID,CM_FirstName,CM_LastName,CM_CompanyName,CM_Type,CM_Attributes,CM_HintField,CM_ExtHintField,CM_FirstNmPrn,CM_LastNmPrn,CM_CompanyNmPrn) VALUES (
124,
'Olen',
'Gogarroy',
NULL,
268440329,
4,
84,
0,
NULL,
NULL,
NULL
);

INSERT INTO phone (CM_Id,CM_PhoneMatching,CM_ExtendedPhoneMatching) VALUES (
124,
336713,
37024575
);

INSERT INTO contacts (CM_Id,CM_Type,CM_PrefTemplateRefId,CM_UIDString,CM_Last_modified,CM_ContactCreationDate,CM_Attributes,CM_ReplicationCount,CM_Header,CM_TextBlob,CM_SearchableText) VALUES (
125,
268440329,
0,
'00e0db4978b6e698',
#07/06/2006#,
#07/06/2006#,
4,
0,
'0400000006140044000000000000000000200040002e4000102e4000101400c40000000000000000001000c0002e4000102e400010140280010000000000000000',

'00000000',

'        5 4 0 8 2 6 6 4 1 8 8 4 0 3 8   '
);

INSERT INTO identitytable (Parent_CMID,CM_FirstName,CM_LastName,CM_CompanyName,CM_Type,CM_Attributes,CM_HintField,CM_ExtHintField,CM_FirstNmPrn,CM_LastNmPrn,CM_CompanyNmPrn) VALUES (
125,
'Y',
'Bat',
NULL,
268440329,
4,
84,
0,
NULL,
NULL,
NULL
);

INSERT INTO phone (CM_Id,CM_PhoneMatching,CM_ExtendedPhoneMatching) VALUES (
125,
8304881,
46628045
);

INSERT INTO contacts (CM_Id,CM_Type,CM_PrefTemplateRefId,CM_UIDString,CM_Last_modified,CM_ContactCreationDate,CM_Attributes,CM_ReplicationCount,CM_Header,CM_TextBlob,CM_SearchableText) VALUES (
126,
268440329,
0,
'00e0db4978b6fa20',
#07/06/2006#,
#07/06/2006#,
4,
0,
'0400000006140044000000000000000000200040002e4000102e4000101400c40000000000000000001000c0002e4000102e400010140280010000000000000000',

'00000000',

'        8 3 5 8 1 3 3 7 6 5 4 4 6 8 3   '
);

INSERT INTO identitytable (Parent_CMID,CM_FirstName,CM_LastName,CM_CompanyName,CM_Type,CM_Attributes,CM_HintField,CM_ExtHintField,CM_FirstNmPrn,CM_LastNmPrn,CM_CompanyNmPrn) VALUES (
126,
'Trit',
'Anes',
NULL,
268440329,
4,
84,
0,
NULL,
NULL,
NULL
);

INSERT INTO phone (CM_Id,CM_PhoneMatching,CM_ExtendedPhoneMatching) VALUES (
126,
3864456,
73318538
);

INSERT INTO contacts (CM_Id,CM_Type,CM_PrefTemplateRefId,CM_UIDString,CM_Last_modified,CM_ContactCreationDate,CM_Attributes,CM_ReplicationCount,CM_Header,CM_TextBlob,CM_SearchableText) VALUES (
127,
268440329,
0,
'00e0db4978b72130',
#07/06/2006#,
#07/06/2006#,
4,
0,
'0400000006140044000000000000000000200040002e4000102e4000101400c40000000000000000001000c0002e4000102e400010140280010000000000000000',

'00000000',

'        1 0 7 8 2 8 5 1 1 0 3 3 0 0 8   '
);

INSERT INTO identitytable (Parent_CMID,CM_FirstName,CM_LastName,CM_CompanyName,CM_Type,CM_Attributes,CM_HintField,CM_ExtHintField,CM_FirstNmPrn,CM_LastNmPrn,CM_CompanyNmPrn) VALUES (
127,
'Pela',
'Barso',
NULL,
268440329,
4,
84,
0,
NULL,
NULL,
NULL
);

INSERT INTO phone (CM_Id,CM_PhoneMatching,CM_ExtendedPhoneMatching) VALUES (
127,
8003301,
15828701
);


INSERT INTO contacts (CM_Id,CM_Type,CM_PrefTemplateRefId,CM_UIDString,CM_Last_modified,CM_ContactCreationDate,CM_Attributes,CM_ReplicationCount,CM_Header,CM_TextBlob,CM_SearchableText) VALUES (
128,
268440329,
0,
'00e0db4978b75204',
#07/06/2006#,
#07/06/2006#,
4,
0,
'0400000006140044000000000000000000200040002e4000102e4000101400c40000000000000000001000c0002e4000102e400010140280010000000000000000',

'00000000',

'        4 0 3 7 0 4 8 3 7 6 7 5 0 0 1   '
);

INSERT INTO identitytable (Parent_CMID,CM_FirstName,CM_LastName,CM_CompanyName,CM_Type,CM_Attributes,CM_HintField,CM_ExtHintField,CM_FirstNmPrn,CM_LastNmPrn,CM_CompanyNmPrn) VALUES (
128,
'Sil',
'Hanta',
NULL,
268440329,
4,
84,
0,
NULL,
NULL,
NULL
);

INSERT INTO phone (CM_Id,CM_PhoneMatching,CM_ExtendedPhoneMatching) VALUES (
128,
1005767,
38407304
);

INSERT INTO contacts (CM_Id,CM_Type,CM_PrefTemplateRefId,CM_UIDString,CM_Last_modified,CM_ContactCreationDate,CM_Attributes,CM_ReplicationCount,CM_Header,CM_TextBlob,CM_SearchableText) VALUES (
129,
268440329,
0,
'00e0db4978b77914',
#07/06/2006#,
#07/06/2006#,
4,
0,
'0400000006140044000000000000000000200040002e4000102e4000101400c40000000000000000001000c0002e4000102e400010140280010000000000000000',

'00000000',

'        1 4 5 4 2 6 1 1 1 1 0 6 7 6 4   '
);

INSERT INTO identitytable (Parent_CMID,CM_FirstName,CM_LastName,CM_CompanyName,CM_Type,CM_Attributes,CM_HintField,CM_ExtHintField,CM_FirstNmPrn,CM_LastNmPrn,CM_CompanyNmPrn) VALUES (
129,
'Keph',
'Kidololgors',
NULL,
268440329,
4,
84,
0,
NULL,
NULL,
NULL
);

INSERT INTO phone (CM_Id,CM_PhoneMatching,CM_ExtendedPhoneMatching) VALUES (
129,
4676011,
11624541
);

INSERT INTO contacts (CM_Id,CM_Type,CM_PrefTemplateRefId,CM_UIDString,CM_Last_modified,CM_ContactCreationDate,CM_Attributes,CM_ReplicationCount,CM_Header,CM_TextBlob,CM_SearchableText) VALUES (
130,
268440329,
0,
'00e0db4978b7a295',
#07/06/2006#,
#07/06/2006#,
4,
0,
'0400000006140044000000000000000000200040002e4000102e4000101400c40000000000000000001000c0002e4000102e400010140280010000000000000000',

'00000000',

'        4 5 5 7 2 3 3 0 8 5 0 4 6 7 1   '
);

INSERT INTO identitytable (Parent_CMID,CM_FirstName,CM_LastName,CM_CompanyName,CM_Type,CM_Attributes,CM_HintField,CM_ExtHintField,CM_FirstNmPrn,CM_LastNmPrn,CM_CompanyNmPrn) VALUES (
130,
'Frbidennen',
'Okeedhe',
NULL,
268440329,
4,
84,
0,
NULL,
NULL,
NULL
);

INSERT INTO phone (CM_Id,CM_PhoneMatching,CM_ExtendedPhoneMatching) VALUES (
130,
1764058,
3327554
);

INSERT INTO contacts (CM_Id,CM_Type,CM_PrefTemplateRefId,CM_UIDString,CM_Last_modified,CM_ContactCreationDate,CM_Attributes,CM_ReplicationCount,CM_Header,CM_TextBlob,CM_SearchableText) VALUES (
131,
268440329,
0,
'00e0db4978b7c9a5',
#07/06/2006#,
#07/06/2006#,
4,
0,
'0400000006140044000000000000000000200040002e4000102e4000101400c40000000000000000001000c0002e4000102e400010140280010000000000000000',

'00000000',

'        8 2 4 4 6 1 8 4 8 0 0 4 0 1 6   '
);

INSERT INTO identitytable (Parent_CMID,CM_FirstName,CM_LastName,CM_CompanyName,CM_Type,CM_Attributes,CM_HintField,CM_ExtHintField,CM_FirstNmPrn,CM_LastNmPrn,CM_CompanyNmPrn) VALUES (
131,
'Norichnik',
'Balmo',
NULL,
268440329,
4,
84,
0,
NULL,
NULL,
NULL
);

INSERT INTO phone (CM_Id,CM_PhoneMatching,CM_ExtendedPhoneMatching) VALUES (
131,
6104008,
48164428
);

INSERT INTO contacts (CM_Id,CM_Type,CM_PrefTemplateRefId,CM_UIDString,CM_Last_modified,CM_ContactCreationDate,CM_Attributes,CM_ReplicationCount,CM_Header,CM_TextBlob,CM_SearchableText) VALUES (
132,
268440329,
0,
'00e0db4978b7dd2d',
#07/06/2006#,
#07/06/2006#,
4,
0,
'0400000006140044000000000000000000200040002e4000102e4000101400c40000000000000000001000c0002e4000102e400010140280010000000000000000',

'00000000',

'        8 5 8 4 4 2 6 2 6 1 2 3 6 4 4   '
);

INSERT INTO identitytable (Parent_CMID,CM_FirstName,CM_LastName,CM_CompanyName,CM_Type,CM_Attributes,CM_HintField,CM_ExtHintField,CM_FirstNmPrn,CM_LastNmPrn,CM_CompanyNmPrn) VALUES (
132,
'Rom',
'Tr',
NULL,
268440329,
4,
84,
0,
NULL,
NULL,
NULL
);

INSERT INTO phone (CM_Id,CM_PhoneMatching,CM_ExtendedPhoneMatching) VALUES (
132,
4463216,
26244858
);

INSERT INTO contacts (CM_Id,CM_Type,CM_PrefTemplateRefId,CM_UIDString,CM_Last_modified,CM_ContactCreationDate,CM_Attributes,CM_ReplicationCount,CM_Header,CM_TextBlob,CM_SearchableText) VALUES (
133,
268440329,
0,
'00e0db4978b8043d',
#07/06/2006#,
#07/06/2006#,
4,
0,
'0400000006140044000000000000000000200040002e4000102e4000101400c40000000000000000001000c0002e4000102e400010140280010000000000000000',

'00000000',

'        2 4 3 2 8 6 8 4 2 7 7 5 0 2 6   '
);

INSERT INTO identitytable (Parent_CMID,CM_FirstName,CM_LastName,CM_CompanyName,CM_Type,CM_Attributes,CM_HintField,CM_ExtHintField,CM_FirstNmPrn,CM_LastNmPrn,CM_CompanyNmPrn) VALUES (
133,
'Ald',
'Galillldeens',
NULL,
268440329,
4,
84,
0,
NULL,
NULL,
NULL
);

INSERT INTO phone (CM_Id,CM_PhoneMatching,CM_ExtendedPhoneMatching) VALUES (
133,
6205772,
48682342
);

INSERT INTO contacts (CM_Id,CM_Type,CM_PrefTemplateRefId,CM_UIDString,CM_Last_modified,CM_ContactCreationDate,CM_Attributes,CM_ReplicationCount,CM_Header,CM_TextBlob,CM_SearchableText) VALUES (
134,
268440329,
0,
'00e0db4978b817c5',
#07/06/2006#,
#07/06/2006#,
4,
0,
'0400000006140044000000000000000000200040002e4000102e4000101400c40000000000000000001000c0002e4000102e400010140280010000000000000000',

'00000000',

'        0 2 2 0 1 0 0 1 4 3 0 8 0 3 6   '
);

INSERT INTO identitytable (Parent_CMID,CM_FirstName,CM_LastName,CM_CompanyName,CM_Type,CM_Attributes,CM_HintField,CM_ExtHintField,CM_FirstNmPrn,CM_LastNmPrn,CM_CompanyNmPrn) VALUES (
134,
'Ma',
'Buminulenadss',
NULL,
268440329,
4,
84,
0,
NULL,
NULL,
NULL
);

INSERT INTO phone (CM_Id,CM_PhoneMatching,CM_ExtendedPhoneMatching) VALUES (
134,
6308034,
10010220
);

INSERT INTO contacts (CM_Id,CM_Type,CM_PrefTemplateRefId,CM_UIDString,CM_Last_modified,CM_ContactCreationDate,CM_Attributes,CM_ReplicationCount,CM_Header,CM_TextBlob,CM_SearchableText) VALUES (
135,
268440329,
0,
'00e0db4978b8525d',
#07/06/2006#,
#07/06/2006#,
4,
0,
'0400000006140044000000000000000000200040002e4000102e4000101400c40000000000000000001000c0002e4000102e400010140280010000000000000000',

'00000000',

'        7 8 4 2 8 4 5 1 2 6 8 7 2 2 1   '
);

INSERT INTO identitytable (Parent_CMID,CM_FirstName,CM_LastName,CM_CompanyName,CM_Type,CM_Attributes,CM_HintField,CM_ExtHintField,CM_FirstNmPrn,CM_LastNmPrn,CM_CompanyNmPrn) VALUES (
135,
'Miau',
'Hongikunckikansor',
NULL,
268440329,
4,
84,
0,
NULL,
NULL,
NULL
);

INSERT INTO phone (CM_Id,CM_PhoneMatching,CM_ExtendedPhoneMatching) VALUES (
135,
1227862,
15482487
);

INSERT INTO contacts (CM_Id,CM_Type,CM_PrefTemplateRefId,CM_UIDString,CM_Last_modified,CM_ContactCreationDate,CM_Attributes,CM_ReplicationCount,CM_Header,CM_TextBlob,CM_SearchableText) VALUES (
136,
268440329,
0,
'00e0db4978b865e5',
#07/06/2006#,
#07/06/2006#,
4,
0,
'0400000006140044000000000000000000200040002e4000102e4000101400c40000000000000000001000c0002e4000102e400010140280010000000000000000',

'00000000',

'        0 5 5 4 1 5 2 6 6 8 7 3 2 1 7   '
);

INSERT INTO identitytable (Parent_CMID,CM_FirstName,CM_LastName,CM_CompanyName,CM_Type,CM_Attributes,CM_HintField,CM_ExtHintField,CM_FirstNmPrn,CM_LastNmPrn,CM_CompanyNmPrn) VALUES (
136,
'Toh',
'And',
NULL,
268440329,
4,
84,
0,
NULL,
NULL,
NULL
);

INSERT INTO phone (CM_Id,CM_PhoneMatching,CM_ExtendedPhoneMatching) VALUES (
136,
7123786,
62514550
);

INSERT INTO contacts (CM_Id,CM_Type,CM_PrefTemplateRefId,CM_UIDString,CM_Last_modified,CM_ContactCreationDate,CM_Attributes,CM_ReplicationCount,CM_Header,CM_TextBlob,CM_SearchableText) VALUES (
137,
268440329,
0,
'00e0db4978b8b405',
#07/06/2006#,
#07/06/2006#,
4,
0,
'0400000006140044000000000000000000200040002e4000102e4000101400c40000000000000000001000c0002e4000102e400010140280010000000000000000',

'00000000',

'        2 5 1 3 1 8 2 1 0 3 5 1 2 3 5   '
);

INSERT INTO identitytable (Parent_CMID,CM_FirstName,CM_LastName,CM_CompanyName,CM_Type,CM_Attributes,CM_HintField,CM_ExtHintField,CM_FirstNmPrn,CM_LastNmPrn,CM_CompanyNmPrn) VALUES (
137,
'Nang',
'Leenakich',
NULL,
268440329,
4,
84,
0,
NULL,
NULL,
NULL
);

INSERT INTO phone (CM_Id,CM_PhoneMatching,CM_ExtendedPhoneMatching) VALUES (
137,
5321530,
12813152
);

INSERT INTO contacts (CM_Id,CM_Type,CM_PrefTemplateRefId,CM_UIDString,CM_Last_modified,CM_ContactCreationDate,CM_Attributes,CM_ReplicationCount,CM_Header,CM_TextBlob,CM_SearchableText) VALUES (
138,
268440329,
0,
'00e0db4978b8db15',
#07/06/2006#,
#07/06/2006#,
4,
0,
'0400000006140044000000000000000000200040002e4000102e4000101400c40000000000000000001000c0002e4000102e400010140280010000000000000000',

'00000000',

'        7 0 2 3 2 1 0 3 1 5 6 7 1 2 5   '
);

INSERT INTO identitytable (Parent_CMID,CM_FirstName,CM_LastName,CM_CompanyName,CM_Type,CM_Attributes,CM_HintField,CM_ExtHintField,CM_FirstNmPrn,CM_LastNmPrn,CM_CompanyNmPrn) VALUES (
138,
'Frick',
'Ek',
NULL,
268440329,
4,
84,
0,
NULL,
NULL,
NULL
);

INSERT INTO phone (CM_Id,CM_PhoneMatching,CM_ExtendedPhoneMatching) VALUES (
138,
5217651,
30123207
);

INSERT INTO contacts (CM_Id,CM_Type,CM_PrefTemplateRefId,CM_UIDString,CM_Last_modified,CM_ContactCreationDate,CM_Attributes,CM_ReplicationCount,CM_Header,CM_TextBlob,CM_SearchableText) VALUES (
139,
268440329,
0,
'00e0db4978b90225',
#07/06/2006#,
#07/06/2006#,
4,
0,
'0400000006140044000000000000000000200040002e4000102e4000101400c40000000000000000001000c0002e4000102e400010140280010000000000000000',

'00000000',

'        6 8 6 4 2 3 7 8 2 4 7 8 1 6 4   '
);

INSERT INTO identitytable (Parent_CMID,CM_FirstName,CM_LastName,CM_CompanyName,CM_Type,CM_Attributes,CM_HintField,CM_ExtHintField,CM_FirstNmPrn,CM_LastNmPrn,CM_CompanyNmPrn) VALUES (
139,
'Dan',
'Rengd',
NULL,
268440329,
4,
84,
0,
NULL,
NULL,
NULL
);

INSERT INTO phone (CM_Id,CM_PhoneMatching,CM_ExtendedPhoneMatching) VALUES (
139,
4618742,
87324686
);

INSERT INTO contacts (CM_Id,CM_Type,CM_PrefTemplateRefId,CM_UIDString,CM_Last_modified,CM_ContactCreationDate,CM_Attributes,CM_ReplicationCount,CM_Header,CM_TextBlob,CM_SearchableText) VALUES (
140,
268440329,
0,
'00e0db4978b92935',
#07/06/2006#,
#07/06/2006#,
4,
0,
'0400000006140044000000000000000000200040002e4000102e4000101400c40000000000000000001000c0002e4000102e400010140280010000000000000000',

'00000000',

'        1 8 0 4 6 3 7 6 7 5 0 3 8 3 7   '
);

INSERT INTO identitytable (Parent_CMID,CM_FirstName,CM_LastName,CM_CompanyName,CM_Type,CM_Attributes,CM_HintField,CM_ExtHintField,CM_FirstNmPrn,CM_LastNmPrn,CM_CompanyNmPrn) VALUES (
140,
'Frdragariex',
'Setaledatms',
NULL,
268440329,
4,
84,
0,
NULL,
NULL,
NULL
);

INSERT INTO phone (CM_Id,CM_PhoneMatching,CM_ExtendedPhoneMatching) VALUES (
140,
7383057,
67364081
);

INSERT INTO contacts (CM_Id,CM_Type,CM_PrefTemplateRefId,CM_UIDString,CM_Last_modified,CM_ContactCreationDate,CM_Attributes,CM_ReplicationCount,CM_Header,CM_TextBlob,CM_SearchableText) VALUES (
141,
268440329,
0,
'00e0db4978b93cbd',
#07/06/2006#,
#07/06/2006#,
4,
0,
'0400000006140044000000000000000000200040002e4000102e4000101400c40000000000000000001000c0002e4000102e400010140280010000000000000000',

'00000000',

'        1 6 0 3 4 5 3 7 7 2 4 2 7 8 8   '
);

INSERT INTO identitytable (Parent_CMID,CM_FirstName,CM_LastName,CM_CompanyName,CM_Type,CM_Attributes,CM_HintField,CM_ExtHintField,CM_FirstNmPrn,CM_LastNmPrn,CM_CompanyNmPrn) VALUES (
141,
'P',
'Lons',
NULL,
268440329,
4,
84,
0,
NULL,
NULL,
NULL
);

INSERT INTO phone (CM_Id,CM_PhoneMatching,CM_ExtendedPhoneMatching) VALUES (
141,
8872427,
73543061
);

INSERT INTO contacts (CM_Id,CM_Type,CM_PrefTemplateRefId,CM_UIDString,CM_Last_modified,CM_ContactCreationDate,CM_Attributes,CM_ReplicationCount,CM_Header,CM_TextBlob,CM_SearchableText) VALUES (
142,
268440329,
0,
'00e0db4978b963cd',
#07/06/2006#,
#07/06/2006#,
4,
0,
'0400000006140044000000000000000000200040002e4000102e4000101400c40000000000000000001000c0002e4000102e400010140280010000000000000000',

'00000000',

'        0 5 4 4 1 7 1 0 6 6 6 7 7 1 5   '
);

INSERT INTO identitytable (Parent_CMID,CM_FirstName,CM_LastName,CM_CompanyName,CM_Type,CM_Attributes,CM_HintField,CM_ExtHintField,CM_FirstNmPrn,CM_LastNmPrn,CM_CompanyNmPrn) VALUES (
142,
'Chrauss',
'Dai',
NULL,
268440329,
4,
84,
0,
NULL,
NULL,
NULL
);

INSERT INTO phone (CM_Id,CM_PhoneMatching,CM_ExtendedPhoneMatching) VALUES (
142,
5177666,
1714450
);

INSERT INTO contacts (CM_Id,CM_Type,CM_PrefTemplateRefId,CM_UIDString,CM_Last_modified,CM_ContactCreationDate,CM_Attributes,CM_ReplicationCount,CM_Header,CM_TextBlob,CM_SearchableText) VALUES (
143,
268440329,
0,
'00e0db4978b98add',
#07/06/2006#,
#07/06/2006#,
4,
0,
'0400000006140044000000000000000000200040002e4000102e4000101400c40000000000000000001000c0002e4000102e400010140280010000000000000000',

'00000000',

'        7 8 2 2 6 5 8 7 3 3 2 0 7 4 8   '
);

INSERT INTO identitytable (Parent_CMID,CM_FirstName,CM_LastName,CM_CompanyName,CM_Type,CM_Attributes,CM_HintField,CM_ExtHintField,CM_FirstNmPrn,CM_LastNmPrn,CM_CompanyNmPrn) VALUES (
143,
'Vicyn',
'Flderdsonnesk',
NULL,
268440329,
4,
84,
0,
NULL,
NULL,
NULL
);

INSERT INTO phone (CM_Id,CM_PhoneMatching,CM_ExtendedPhoneMatching) VALUES (
143,
8470233,
78562287
);

INSERT INTO contacts (CM_Id,CM_Type,CM_PrefTemplateRefId,CM_UIDString,CM_Last_modified,CM_ContactCreationDate,CM_Attributes,CM_ReplicationCount,CM_Header,CM_TextBlob,CM_SearchableText) VALUES (
144,
268440329,
0,
'00e0db4978b9b45e',
#07/06/2006#,
#07/06/2006#,
4,
0,
'0400000006140044000000000000000000200040002e4000102e4000101400c40000000000000000001000c0002e4000102e400010140280010000000000000000',

'00000000',

'        0 5 4 3 0 6 7 0 5 0 2 1 7 0 3   '
);

INSERT INTO identitytable (Parent_CMID,CM_FirstName,CM_LastName,CM_CompanyName,CM_Type,CM_Attributes,CM_HintField,CM_ExtHintField,CM_FirstNmPrn,CM_LastNmPrn,CM_CompanyNmPrn) VALUES (
144,
'Kub',
'Hu',
NULL,
268440329,
4,
84,
0,
NULL,
NULL,
NULL
);

INSERT INTO phone (CM_Id,CM_PhoneMatching,CM_ExtendedPhoneMatching) VALUES (
144,
3071205,
7603450
);

INSERT INTO contacts (CM_Id,CM_Type,CM_PrefTemplateRefId,CM_UIDString,CM_Last_modified,CM_ContactCreationDate,CM_Attributes,CM_ReplicationCount,CM_Header,CM_TextBlob,CM_SearchableText) VALUES (
145,
268440329,
0,
'00e0db4978ba509e',
#07/06/2006#,
#07/06/2006#,
4,
0,
'0400000006140044000000000000000000200040002e4000102e4000101400c40000000000000000001000c0002e4000102e400010140280010000000000000000',

'00000000',

'        0 1 0 5 4 7 0 3 8 1 3 8 1 1 2   '
);

INSERT INTO identitytable (Parent_CMID,CM_FirstName,CM_LastName,CM_CompanyName,CM_Type,CM_Attributes,CM_HintField,CM_ExtHintField,CM_FirstNmPrn,CM_LastNmPrn,CM_CompanyNmPrn) VALUES (
145,
'Anddra',
'Fit',
NULL,
268440329,
4,
84,
0,
NULL,
NULL,
NULL
);

INSERT INTO phone (CM_Id,CM_PhoneMatching,CM_ExtendedPhoneMatching) VALUES (
145,
2118318,
30745010
);

INSERT INTO contacts (CM_Id,CM_Type,CM_PrefTemplateRefId,CM_UIDString,CM_Last_modified,CM_ContactCreationDate,CM_Attributes,CM_ReplicationCount,CM_Header,CM_TextBlob,CM_SearchableText) VALUES (
146,
268440329,
0,
'00e0db4978ba6426',
#07/06/2006#,
#07/06/2006#,
4,
0,
'0400000006140044000000000000000000200040002e4000102e4000101400c40000000000000000001000c0002e4000102e400010140280010000000000000000',

'00000000',

'        6 6 6 2 0 5 1 3 1 1 3 6 8 0 3   '
);

INSERT INTO identitytable (Parent_CMID,CM_FirstName,CM_LastName,CM_CompanyName,CM_Type,CM_Attributes,CM_HintField,CM_ExtHintField,CM_FirstNmPrn,CM_LastNmPrn,CM_CompanyNmPrn) VALUES (
146,
'Bel',
'Barrraskals',
NULL,
268440329,
4,
84,
0,
NULL,
NULL,
NULL
);

INSERT INTO phone (CM_Id,CM_PhoneMatching,CM_ExtendedPhoneMatching) VALUES (
146,
3086311,
31502666
);

INSERT INTO contacts (CM_Id,CM_Type,CM_PrefTemplateRefId,CM_UIDString,CM_Last_modified,CM_ContactCreationDate,CM_Attributes,CM_ReplicationCount,CM_Header,CM_TextBlob,CM_SearchableText) VALUES (
147,
268440329,
0,
'00e0db4978ba8b36',
#07/06/2006#,
#07/06/2006#,
4,
0,
'0400000006140044000000000000000000200040002e4000102e4000101400c40000000000000000001000c0002e4000102e400010140280010000000000000000',

'00000000',

'        4 0 0 5 0 0 1 7 7 4 7 1 8 6 8   '
);

INSERT INTO identitytable (Parent_CMID,CM_FirstName,CM_LastName,CM_CompanyName,CM_Type,CM_Attributes,CM_HintField,CM_ExtHintField,CM_FirstNmPrn,CM_LastNmPrn,CM_CompanyNmPrn) VALUES (
147,
'Andritrtaneren',
'Masodalare',
NULL,
268440329,
4,
84,
0,
NULL,
NULL,
NULL
);

INSERT INTO phone (CM_Id,CM_PhoneMatching,CM_ExtendedPhoneMatching) VALUES (
147,
8681747,
71005004
);

INSERT INTO contacts (CM_Id,CM_Type,CM_PrefTemplateRefId,CM_UIDString,CM_Last_modified,CM_ContactCreationDate,CM_Attributes,CM_ReplicationCount,CM_Header,CM_TextBlob,CM_SearchableText) VALUES (
148,
268440329,
0,
'00e0db4978ba9ebe',
#07/06/2006#,
#07/06/2006#,
4,
0,
'0400000006140044000000000000000000200040002e4000102e4000101400c40000000000000000001000c0002e4000102e400010140280010000000000000000',

'00000000',

'        8 5 3 2 5 6 0 7 2 7 0 5 1 2 7   '
);

INSERT INTO identitytable (Parent_CMID,CM_FirstName,CM_LastName,CM_CompanyName,CM_Type,CM_Attributes,CM_HintField,CM_ExtHintField,CM_FirstNmPrn,CM_LastNmPrn,CM_CompanyNmPrn) VALUES (
148,
'Owayn',
'Willanasinyellkov',
NULL,
268440329,
4,
84,
0,
NULL,
NULL,
NULL
);

INSERT INTO phone (CM_Id,CM_PhoneMatching,CM_ExtendedPhoneMatching) VALUES (
148,
7215072,
70652358
);

INSERT INTO contacts (CM_Id,CM_Type,CM_PrefTemplateRefId,CM_UIDString,CM_Last_modified,CM_ContactCreationDate,CM_Attributes,CM_ReplicationCount,CM_Header,CM_TextBlob,CM_SearchableText) VALUES (
149,
268440329,
0,
'00e0db4978bac5ce',
#07/06/2006#,
#07/06/2006#,
4,
0,
'0400000006140044000000000000000000200040002e4000102e4000101400c40000000000000000001000c0002e4000102e400010140280010000000000000000',

'00000000',

'        4 2 5 5 4 3 4 0 6 0 6 1 2 7 4   '
);

INSERT INTO identitytable (Parent_CMID,CM_FirstName,CM_LastName,CM_CompanyName,CM_Type,CM_Attributes,CM_HintField,CM_ExtHintField,CM_FirstNmPrn,CM_LastNmPrn,CM_CompanyNmPrn) VALUES (
149,
'Sul',
'Olonorolppanchesone',
NULL,
268440329,
4,
84,
0,
NULL,
NULL,
NULL
);

INSERT INTO phone (CM_Id,CM_PhoneMatching,CM_ExtendedPhoneMatching) VALUES (
149,
4721606,
4345524
);

INSERT INTO contacts (CM_Id,CM_Type,CM_PrefTemplateRefId,CM_UIDString,CM_Last_modified,CM_ContactCreationDate,CM_Attributes,CM_ReplicationCount,CM_Header,CM_TextBlob,CM_SearchableText) VALUES (
150,
268440329,
0,
'00e0db4978baecde',
#07/06/2006#,
#07/06/2006#,
4,
0,
'0400000006140044000000000000000000200040002e4000102e4000101400c40000000000000000001000c0002e4000102e400010140280010000000000000000',

'00000000',

'        1 1 0 7 3 7 4 1 1 5 5 7 2 1 1   '
);

INSERT INTO identitytable (Parent_CMID,CM_FirstName,CM_LastName,CM_CompanyName,CM_Type,CM_Attributes,CM_HintField,CM_ExtHintField,CM_FirstNmPrn,CM_LastNmPrn,CM_CompanyNmPrn) VALUES (
150,
'Depeiz',
'Berere',
NULL,
268440329,
4,
84,
0,
NULL,
NULL,
NULL
);

INSERT INTO phone (CM_Id,CM_PhoneMatching,CM_ExtendedPhoneMatching) VALUES (
150,
1127551,
14737011
);

INSERT INTO contacts (CM_Id,CM_Type,CM_PrefTemplateRefId,CM_UIDString,CM_Last_modified,CM_ContactCreationDate,CM_Attributes,CM_ReplicationCount,CM_Header,CM_TextBlob,CM_SearchableText) VALUES (
151,
268440329,
0,
'00e0db4978bb13ee',
#07/06/2006#,
#07/06/2006#,
4,
0,
'0400000006140044000000000000000000200040002e4000102e4000101400c40000000000000000001000c0002e4000102e400010140280010000000000000000',

'00000000',

'        2 8 8 3 7 7 2 3 5 2 3 4 6 5 4   '
);

INSERT INTO identitytable (Parent_CMID,CM_FirstName,CM_LastName,CM_CompanyName,CM_Type,CM_Attributes,CM_HintField,CM_ExtHintField,CM_FirstNmPrn,CM_LastNmPrn,CM_CompanyNmPrn) VALUES (
151,
'Saury',
'We',
NULL,
268440329,
4,
84,
0,
NULL,
NULL,
NULL
);

INSERT INTO phone (CM_Id,CM_PhoneMatching,CM_ExtendedPhoneMatching) VALUES (
151,
4564325,
32773882
);

INSERT INTO contacts (CM_Id,CM_Type,CM_PrefTemplateRefId,CM_UIDString,CM_Last_modified,CM_ContactCreationDate,CM_Attributes,CM_ReplicationCount,CM_Header,CM_TextBlob,CM_SearchableText) VALUES (
152,
268440329,
0,
'00e0db4978bb4e86',
#07/06/2006#,
#07/06/2006#,
4,
0,
'0400000006140044000000000000000000200040002e4000102e4000101400c40000000000000000001000c0002e4000102e400010140280010000000000000000',

'00000000',

'        5 4 7 4 0 2 6 5 5 0 2 1 7 2 4   '
);

INSERT INTO identitytable (Parent_CMID,CM_FirstName,CM_LastName,CM_CompanyName,CM_Type,CM_Attributes,CM_HintField,CM_ExtHintField,CM_FirstNmPrn,CM_LastNmPrn,CM_CompanyNmPrn) VALUES (
152,
'Ke',
'Metennd',
NULL,
268440329,
4,
84,
0,
NULL,
NULL,
NULL
);

INSERT INTO phone (CM_Id,CM_PhoneMatching,CM_ExtendedPhoneMatching) VALUES (
152,
4271205,
56204745
);

INSERT INTO contacts (CM_Id,CM_Type,CM_PrefTemplateRefId,CM_UIDString,CM_Last_modified,CM_ContactCreationDate,CM_Attributes,CM_ReplicationCount,CM_Header,CM_TextBlob,CM_SearchableText) VALUES (
153,
268440329,
0,
'00e0db4978bb7596',
#07/06/2006#,
#07/06/2006#,
4,
0,
'0400000006140044000000000000000000200040002e4000102e4000101400c40000000000000000001000c0002e4000102e400010140280010000000000000000',

'00000000',

'        6 2 0 2 6 1 8 5 5 2 8 4 5 2 6   '
);

INSERT INTO identitytable (Parent_CMID,CM_FirstName,CM_LastName,CM_CompanyName,CM_Type,CM_Attributes,CM_HintField,CM_ExtHintField,CM_FirstNmPrn,CM_LastNmPrn,CM_CompanyNmPrn) VALUES (
153,
'Del',
'Edwone',
NULL,
268440329,
4,
84,
0,
NULL,
NULL,
NULL
);

INSERT INTO phone (CM_Id,CM_PhoneMatching,CM_ExtendedPhoneMatching) VALUES (
153,
6254825,
58162026
);

INSERT INTO contacts (CM_Id,CM_Type,CM_PrefTemplateRefId,CM_UIDString,CM_Last_modified,CM_ContactCreationDate,CM_Attributes,CM_ReplicationCount,CM_Header,CM_TextBlob,CM_SearchableText) VALUES (
154,
268440329,
0,
'00e0db4978bb9ca6',
#07/06/2006#,
#07/06/2006#,
4,
0,
'0400000006140044000000000000000000200040002e4000102e4000101400c40000000000000000001000c0002e4000102e400010140280010000000000000000',

'00000000',

'        8 0 8 0 4 5 8 1 5 1 7 4 1 4 5   '
);

INSERT INTO identitytable (Parent_CMID,CM_FirstName,CM_LastName,CM_CompanyName,CM_Type,CM_Attributes,CM_HintField,CM_ExtHintField,CM_FirstNmPrn,CM_LastNmPrn,CM_CompanyNmPrn) VALUES (
154,
'Kriav',
'Kevanbs',
NULL,
268440329,
4,
84,
0,
NULL,
NULL,
NULL
);

INSERT INTO phone (CM_Id,CM_PhoneMatching,CM_ExtendedPhoneMatching) VALUES (
154,
5414715,
18540808
);

INSERT INTO contacts (CM_Id,CM_Type,CM_PrefTemplateRefId,CM_UIDString,CM_Last_modified,CM_ContactCreationDate,CM_Attributes,CM_ReplicationCount,CM_Header,CM_TextBlob,CM_SearchableText) VALUES (
155,
268440329,
0,
'00e0db4978bbc3b6',
#07/06/2006#,
#07/06/2006#,
4,
0,
'0400000006140044000000000000000000200040002e4000102e4000101400c40000000000000000001000c0002e4000102e400010140280010000000000000000',

'00000000',

'        6 6 3 5 0 4 0 7 5 5 3 0 4 8 8   '
);

INSERT INTO identitytable (Parent_CMID,CM_FirstName,CM_LastName,CM_CompanyName,CM_Type,CM_Attributes,CM_HintField,CM_ExtHintField,CM_FirstNmPrn,CM_LastNmPrn,CM_CompanyNmPrn) VALUES (
155,
'Sandrinnud',
'Fls',
NULL,
268440329,
4,
84,
0,
NULL,
NULL,
NULL
);

INSERT INTO phone (CM_Id,CM_PhoneMatching,CM_ExtendedPhoneMatching) VALUES (
155,
8840355,
70405366
);

INSERT INTO contacts (CM_Id,CM_Type,CM_PrefTemplateRefId,CM_UIDString,CM_Last_modified,CM_ContactCreationDate,CM_Attributes,CM_ReplicationCount,CM_Header,CM_TextBlob,CM_SearchableText) VALUES (
156,
268440329,
0,
'00e0db4978bbd73e',
#07/06/2006#,
#07/06/2006#,
4,
0,
'0400000006140044000000000000000000200040002e4000102e4000101400c40000000000000000001000c0002e4000102e400010140280010000000000000000',

'00000000',

'        2 1 3 4 2 5 3 5 2 1 7 0 4 4 7   '
);

INSERT INTO identitytable (Parent_CMID,CM_FirstName,CM_LastName,CM_CompanyName,CM_Type,CM_Attributes,CM_HintField,CM_ExtHintField,CM_FirstNmPrn,CM_LastNmPrn,CM_CompanyNmPrn) VALUES (
156,
'Patil',
'Taylleneromimosons',
NULL,
268440329,
4,
84,
0,
NULL,
NULL,
NULL
);

INSERT INTO phone (CM_Id,CM_PhoneMatching,CM_ExtendedPhoneMatching) VALUES (
156,
7440712,
53524312
);

INSERT INTO contacts (CM_Id,CM_Type,CM_PrefTemplateRefId,CM_UIDString,CM_Last_modified,CM_ContactCreationDate,CM_Attributes,CM_ReplicationCount,CM_Header,CM_TextBlob,CM_SearchableText) VALUES (
157,
268440329,
0,
'00e0db4978bbfe4e',
#07/06/2006#,
#07/06/2006#,
4,
0,
'0400000006140044000000000000000000200040002e4000102e4000101400c40000000000000000001000c0002e4000102e400010140280010000000000000000',

'00000000',

'        4 7 0 4 8 6 0 5 7 0 7 1 7 2 6   '
);

INSERT INTO identitytable (Parent_CMID,CM_FirstName,CM_LastName,CM_CompanyName,CM_Type,CM_Attributes,CM_HintField,CM_ExtHintField,CM_FirstNmPrn,CM_LastNmPrn,CM_CompanyNmPrn) VALUES (
157,
'Pelyneriarss',
'Ronweo',
NULL,
268440329,
4,
84,
0,
NULL,
NULL,
NULL
);

INSERT INTO phone (CM_Id,CM_PhoneMatching,CM_ExtendedPhoneMatching) VALUES (
157,
6271707,
50684074
);

INSERT INTO contacts (CM_Id,CM_Type,CM_PrefTemplateRefId,CM_UIDString,CM_Last_modified,CM_ContactCreationDate,CM_Attributes,CM_ReplicationCount,CM_Header,CM_TextBlob,CM_SearchableText) VALUES (
158,
268440329,
0,
'00e0db4978bc255e',
#07/06/2006#,
#07/06/2006#,
4,
0,
'0400000006140044000000000000000000200040002e4000102e4000101400c40000000000000000001000c0002e4000102e400010140280010000000000000000',

'00000000',

'        8 6 3 5 8 5 5 0 5 3 3 3 7 1 1   '
);

INSERT INTO identitytable (Parent_CMID,CM_FirstName,CM_LastName,CM_CompanyName,CM_Type,CM_Attributes,CM_HintField,CM_ExtHintField,CM_FirstNmPrn,CM_LastNmPrn,CM_CompanyNmPrn) VALUES (
158,
'Man',
'O',
NULL,
268440329,
4,
84,
0,
NULL,
NULL,
NULL
);

INSERT INTO phone (CM_Id,CM_PhoneMatching,CM_ExtendedPhoneMatching) VALUES (
158,
1173335,
5585368
);

INSERT INTO contacts (CM_Id,CM_Type,CM_PrefTemplateRefId,CM_UIDString,CM_Last_modified,CM_ContactCreationDate,CM_Attributes,CM_ReplicationCount,CM_Header,CM_TextBlob,CM_SearchableText) VALUES (
159,
268440329,
0,
'00e0db4978bc4c6e',
#07/06/2006#,
#07/06/2006#,
4,
0,
'0400000006140044000000000000000000200040002e4000102e4000101400c40000000000000000001000c0002e4000102e400010140280010000000000000000',

'00000000',

'        5 0 2 1 7 7 5 5 8 1 2 2 4 5 6   '
);

INSERT INTO identitytable (Parent_CMID,CM_FirstName,CM_LastName,CM_CompanyName,CM_Type,CM_Attributes,CM_HintField,CM_ExtHintField,CM_FirstNmPrn,CM_LastNmPrn,CM_CompanyNmPrn) VALUES (
159,
'Ad',
'Mobloniabben',
NULL,
268440329,
4,
84,
0,
NULL,
NULL,
NULL
);

INSERT INTO phone (CM_Id,CM_PhoneMatching,CM_ExtendedPhoneMatching) VALUES (
159,
6542218,
55771205
);

INSERT INTO contacts (CM_Id,CM_Type,CM_PrefTemplateRefId,CM_UIDString,CM_Last_modified,CM_ContactCreationDate,CM_Attributes,CM_ReplicationCount,CM_Header,CM_TextBlob,CM_SearchableText) VALUES (
160,
268440329,
0,
'00e0db4978bc737e',
#07/06/2006#,
#07/06/2006#,
4,
0,
'0400000006140044000000000000000000200040002e4000102e4000101400c40000000000000000001000c0002e4000102e400010140280010000000000000000',

'00000000',

'        0 8 4 6 3 7 5 8 1 8 2 7 3 2 5   '
);

INSERT INTO identitytable (Parent_CMID,CM_FirstName,CM_LastName,CM_CompanyName,CM_Type,CM_Attributes,CM_HintField,CM_ExtHintField,CM_FirstNmPrn,CM_LastNmPrn,CM_CompanyNmPrn) VALUES (
160,
'Ke',
'Ganick',
NULL,
268440329,
4,
84,
0,
NULL,
NULL,
NULL
);

INSERT INTO phone (CM_Id,CM_PhoneMatching,CM_ExtendedPhoneMatching) VALUES (
160,
5237281,
85736480
);

INSERT INTO contacts (CM_Id,CM_Type,CM_PrefTemplateRefId,CM_UIDString,CM_Last_modified,CM_ContactCreationDate,CM_Attributes,CM_ReplicationCount,CM_Header,CM_TextBlob,CM_SearchableText) VALUES (
161,
268440329,
0,
'00e0db4978bc9a8e',
#07/06/2006#,
#07/06/2006#,
4,
0,
'0400000006140044000000000000000000200040002e4000102e4000101400c40000000000000000001000c0002e4000102e400010140280010000000000000000',

'00000000',

'        7 0 3 8 0 6 7 8 5 1 0 5 6 2 4   '
);

INSERT INTO identitytable (Parent_CMID,CM_FirstName,CM_LastName,CM_CompanyName,CM_Type,CM_Attributes,CM_HintField,CM_ExtHintField,CM_FirstNmPrn,CM_LastNmPrn,CM_CompanyNmPrn) VALUES (
161,
'Maily',
'Tanyerohetsphinbr',
NULL,
268440329,
4,
84,
0,
NULL,
NULL,
NULL
);

INSERT INTO phone (CM_Id,CM_PhoneMatching,CM_ExtendedPhoneMatching) VALUES (
161,
4265015,
87608307
);

INSERT INTO contacts (CM_Id,CM_Type,CM_PrefTemplateRefId,CM_UIDString,CM_Last_modified,CM_ContactCreationDate,CM_Attributes,CM_ReplicationCount,CM_Header,CM_TextBlob,CM_SearchableText) VALUES (
162,
268440329,
0,
'00e0db4978bcc19e',
#07/06/2006#,
#07/06/2006#,
4,
0,
'0400000006140044000000000000000000200040002e4000102e4000101400c40000000000000000001000c0002e4000102e400010140280010000000000000000',

'00000000',

'        6 6 5 4 1 4 5 8 6 6 6 7 7 7 7   '
);

INSERT INTO identitytable (Parent_CMID,CM_FirstName,CM_LastName,CM_CompanyName,CM_Type,CM_Attributes,CM_HintField,CM_ExtHintField,CM_FirstNmPrn,CM_LastNmPrn,CM_CompanyNmPrn) VALUES (
162,
'Da',
'Hilstzugdor',
NULL,
268440329,
4,
84,
0,
NULL,
NULL,
NULL
);

INSERT INTO phone (CM_Id,CM_PhoneMatching,CM_ExtendedPhoneMatching) VALUES (
162,
7777666,
85414566
);

INSERT INTO contacts (CM_Id,CM_Type,CM_PrefTemplateRefId,CM_UIDString,CM_Last_modified,CM_ContactCreationDate,CM_Attributes,CM_ReplicationCount,CM_Header,CM_TextBlob,CM_SearchableText) VALUES (
163,
268440329,
0,
'00e0db4978bcd526',
#07/06/2006#,
#07/06/2006#,
4,
0,
'0400000006140044000000000000000000200040002e4000102e4000101400c40000000000000000001000c0002e4000102e400010140280010000000000000000',

'00000000',

'        4 5 5 3 6 3 1 4 5 8 7 6 3 7 2   '
);

INSERT INTO identitytable (Parent_CMID,CM_FirstName,CM_LastName,CM_CompanyName,CM_Type,CM_Attributes,CM_HintField,CM_ExtHintField,CM_FirstNmPrn,CM_LastNmPrn,CM_CompanyNmPrn) VALUES (
163,
'Jora',
'Jaini',
NULL,
268440329,
4,
84,
0,
NULL,
NULL,
NULL
);

INSERT INTO phone (CM_Id,CM_PhoneMatching,CM_ExtendedPhoneMatching) VALUES (
163,
2736785,
41363554
);

INSERT INTO contacts (CM_Id,CM_Type,CM_PrefTemplateRefId,CM_UIDString,CM_Last_modified,CM_ContactCreationDate,CM_Attributes,CM_ReplicationCount,CM_Header,CM_TextBlob,CM_SearchableText) VALUES (
164,
268440329,
0,
'00e0db4978bcfc36',
#07/06/2006#,
#07/06/2006#,
4,
0,
'0400000006140044000000000000000000200040002e4000102e4000101400c40000000000000000001000c0002e4000102e400010140280010000000000000000',

'00000000',

'        7 5 0 2 5 6 2 8 7 6 0 8 4 6 4   '
);

INSERT INTO identitytable (Parent_CMID,CM_FirstName,CM_LastName,CM_CompanyName,CM_Type,CM_Attributes,CM_HintField,CM_ExtHintField,CM_FirstNmPrn,CM_LastNmPrn,CM_CompanyNmPrn) VALUES (
164,
'Vimenteloraunnneidid',
'Woneref',
NULL,
268440329,
4,
84,
0,
NULL,
NULL,
NULL
);

INSERT INTO phone (CM_Id,CM_PhoneMatching,CM_ExtendedPhoneMatching) VALUES (
164,
4648067,
82652057
);

INSERT INTO contacts (CM_Id,CM_Type,CM_PrefTemplateRefId,CM_UIDString,CM_Last_modified,CM_ContactCreationDate,CM_Attributes,CM_ReplicationCount,CM_Header,CM_TextBlob,CM_SearchableText) VALUES (
165,
268440329,
0,
'00e0db4978bd2346',
#07/06/2006#,
#07/06/2006#,
4,
0,
'0400000006140044000000000000000000200040002e4000102e4000101400c40000000000000000001000c0002e4000102e400010140280010000000000000000',

'00000000',

'        7 3 5 8 4 3 1 5 5 1 5 8 7 5 4   '
);

INSERT INTO identitytable (Parent_CMID,CM_FirstName,CM_LastName,CM_CompanyName,CM_Type,CM_Attributes,CM_HintField,CM_ExtHintField,CM_FirstNmPrn,CM_LastNmPrn,CM_CompanyNmPrn) VALUES (
165,
'Ke',
'Rerod',
NULL,
268440329,
4,
84,
0,
NULL,
NULL,
NULL
);

INSERT INTO phone (CM_Id,CM_PhoneMatching,CM_ExtendedPhoneMatching) VALUES (
165,
4578515,
51348537
);

INSERT INTO contacts (CM_Id,CM_Type,CM_PrefTemplateRefId,CM_UIDString,CM_Last_modified,CM_ContactCreationDate,CM_Attributes,CM_ReplicationCount,CM_Header,CM_TextBlob,CM_SearchableText) VALUES (
166,
268440329,
0,
'00e0db4978bd47e5',
#07/06/2006#,
#07/06/2006#,
4,
0,
'0400000006140044000000000000000000200040002e4000102e4000101400c40000000000000000001000c0002e4000102e400010140280010000000000000000',

'00000000',

'        2 4 4 4 7 2 5 3 5 3 0 0 0 0 8   '
);

INSERT INTO identitytable (Parent_CMID,CM_FirstName,CM_LastName,CM_CompanyName,CM_Type,CM_Attributes,CM_HintField,CM_ExtHintField,CM_FirstNmPrn,CM_LastNmPrn,CM_CompanyNmPrn) VALUES (
166,
'Fagn',
'Saveasovind',
NULL,
268440329,
4,
84,
0,
NULL,
NULL,
NULL
);

INSERT INTO phone (CM_Id,CM_PhoneMatching,CM_ExtendedPhoneMatching) VALUES (
166,
8000035,
35274442
);

INSERT INTO contacts (CM_Id,CM_Type,CM_PrefTemplateRefId,CM_UIDString,CM_Last_modified,CM_ContactCreationDate,CM_Attributes,CM_ReplicationCount,CM_Header,CM_TextBlob,CM_SearchableText) VALUES (
167,
268440329,
0,
'00e0db4978bd827d',
#07/06/2006#,
#07/06/2006#,
4,
0,
'0400000006140044000000000000000000200040002e4000102e4000101400c40000000000000000001000c0002e4000102e400010140280010000000000000000',

'00000000',

'        7 6 5 5 7 5 1 5 1 5 5 8 6 5 8   '
);

INSERT INTO identitytable (Parent_CMID,CM_FirstName,CM_LastName,CM_CompanyName,CM_Type,CM_Attributes,CM_HintField,CM_ExtHintField,CM_FirstNmPrn,CM_LastNmPrn,CM_CompanyNmPrn) VALUES (
167,
'Ku',
'Aum',
NULL,
268440329,
4,
84,
0,
NULL,
NULL,
NULL
);

INSERT INTO phone (CM_Id,CM_PhoneMatching,CM_ExtendedPhoneMatching) VALUES (
167,
8568551,
51575567
);

INSERT INTO contacts (CM_Id,CM_Type,CM_PrefTemplateRefId,CM_UIDString,CM_Last_modified,CM_ContactCreationDate,CM_Attributes,CM_ReplicationCount,CM_Header,CM_TextBlob,CM_SearchableText) VALUES (
168,
268440329,
0,
'00e0db4978bda98d',
#07/06/2006#,
#07/06/2006#,
4,
0,
'0400000006140044000000000000000000200040002e4000102e4000101400c40000000000000000001000c0002e4000102e400010140280010000000000000000',

'00000000',

'        7 7 6 3 3 5 3 5 6 2 7 3 7 2 6   '
);

INSERT INTO identitytable (Parent_CMID,CM_FirstName,CM_LastName,CM_CompanyName,CM_Type,CM_Attributes,CM_HintField,CM_ExtHintField,CM_FirstNmPrn,CM_LastNmPrn,CM_CompanyNmPrn) VALUES (
168,
'Pavighephan',
'Ma',
NULL,
268440329,
4,
84,
0,
NULL,
NULL,
NULL
);

INSERT INTO phone (CM_Id,CM_PhoneMatching,CM_ExtendedPhoneMatching) VALUES (
168,
6273726,
53533677
);

INSERT INTO contacts (CM_Id,CM_Type,CM_PrefTemplateRefId,CM_UIDString,CM_Last_modified,CM_ContactCreationDate,CM_Attributes,CM_ReplicationCount,CM_Header,CM_TextBlob,CM_SearchableText) VALUES (
169,
268440329,
0,
'00e0db4978bdd09d',
#07/06/2006#,
#07/06/2006#,
4,
0,
'0400000006140044000000000000000000200040002e4000102e4000101400c40000000000000000001000c0002e4000102e400010140280010000000000000000',

'00000000',

'        8 4 5 4 6 7 4 3 8 2 0 2 5 8 4   '
);

INSERT INTO identitytable (Parent_CMID,CM_FirstName,CM_LastName,CM_CompanyName,CM_Type,CM_Attributes,CM_HintField,CM_ExtHintField,CM_FirstNmPrn,CM_LastNmPrn,CM_CompanyNmPrn) VALUES (
169,
'Josana',
'Fr',
NULL,
268440329,
4,
84,
0,
NULL,
NULL,
NULL
);

INSERT INTO phone (CM_Id,CM_PhoneMatching,CM_ExtendedPhoneMatching) VALUES (
169,
4852028,
34764548
);

INSERT INTO contacts (CM_Id,CM_Type,CM_PrefTemplateRefId,CM_UIDString,CM_Last_modified,CM_ContactCreationDate,CM_Attributes,CM_ReplicationCount,CM_Header,CM_TextBlob,CM_SearchableText) VALUES (
170,
268440329,
0,
'00e0db4978bdff00',
#07/06/2006#,
#07/06/2006#,
4,
0,
'0400000006140044000000000000000000200040002e4000102e4000101400c40000000000000000001000c0002e4000102e400010140280010000000000000000',

'00000000',

'        4 4 4 4 4 6 7 6 0 7 5 0 2 0 2   '
);

INSERT INTO identitytable (Parent_CMID,CM_FirstName,CM_LastName,CM_CompanyName,CM_Type,CM_Attributes,CM_HintField,CM_ExtHintField,CM_FirstNmPrn,CM_LastNmPrn,CM_CompanyNmPrn) VALUES (
170,
'Jelil',
'Sjonbese',
NULL,
268440329,
4,
84,
0,
NULL,
NULL,
NULL
);

INSERT INTO phone (CM_Id,CM_PhoneMatching,CM_ExtendedPhoneMatching) VALUES (
170,
2020570,
67644444
);

INSERT INTO contacts (CM_Id,CM_Type,CM_PrefTemplateRefId,CM_UIDString,CM_Last_modified,CM_ContactCreationDate,CM_Attributes,CM_ReplicationCount,CM_Header,CM_TextBlob,CM_SearchableText) VALUES (
171,
268440329,
0,
'00e0db4978be2610',
#07/06/2006#,
#07/06/2006#,
4,
0,
'0400000006140044000000000000000000200040002e4000102e4000101400c40000000000000000001000c0002e4000102e400010140280010000000000000000',

'00000000',

'        8 7 8 5 2 8 6 0 1 5 2 6 0 6 2   '
);

INSERT INTO identitytable (Parent_CMID,CM_FirstName,CM_LastName,CM_CompanyName,CM_Type,CM_Attributes,CM_HintField,CM_ExtHintField,CM_FirstNmPrn,CM_LastNmPrn,CM_CompanyNmPrn) VALUES (
171,
'Saegei',
'Grs',
NULL,
268440329,
4,
84,
0,
NULL,
NULL,
NULL
);

INSERT INTO phone (CM_Id,CM_PhoneMatching,CM_ExtendedPhoneMatching) VALUES (
171,
2606251,
6825878
);

INSERT INTO contacts (CM_Id,CM_Type,CM_PrefTemplateRefId,CM_UIDString,CM_Last_modified,CM_ContactCreationDate,CM_Attributes,CM_ReplicationCount,CM_Header,CM_TextBlob,CM_SearchableText) VALUES (
172,
268440329,
0,
'00e0db4978be3998',
#07/06/2006#,
#07/06/2006#,
4,
0,
'0400000006140044000000000000000000200040002e4000102e4000101400c40000000000000000001000c0002e4000102e400010140280010000000000000000',

'00000000',

'        3 1 4 7 5 8 1 2 7 8 6 3 2 4 7   '
);

INSERT INTO identitytable (Parent_CMID,CM_FirstName,CM_LastName,CM_CompanyName,CM_Type,CM_Attributes,CM_HintField,CM_ExtHintField,CM_FirstNmPrn,CM_LastNmPrn,CM_CompanyNmPrn) VALUES (
172,
'Ja',
'Gladwouroll',
NULL,
268440329,
4,
84,
0,
NULL,
NULL,
NULL
);

INSERT INTO phone (CM_Id,CM_PhoneMatching,CM_ExtendedPhoneMatching) VALUES (
172,
7423687,
21857413
);

INSERT INTO contacts (CM_Id,CM_Type,CM_PrefTemplateRefId,CM_UIDString,CM_Last_modified,CM_ContactCreationDate,CM_Attributes,CM_ReplicationCount,CM_Header,CM_TextBlob,CM_SearchableText) VALUES (
173,
268440329,
0,
'00e0db4978be60a8',
#07/06/2006#,
#07/06/2006#,
4,
0,
'0400000006140044000000000000000000200040002e4000102e4000101400c40000000000000000001000c0002e4000102e400010140280010000000000000000',

'00000000',

'        7 4 3 5 8 4 4 1 0 2 6 2 0 4 5   '
);

INSERT INTO identitytable (Parent_CMID,CM_FirstName,CM_LastName,CM_CompanyName,CM_Type,CM_Attributes,CM_HintField,CM_ExtHintField,CM_FirstNmPrn,CM_LastNmPrn,CM_CompanyNmPrn) VALUES (
173,
'Thabd',
'Baopttaronr',
NULL,
268440329,
4,
84,
0,
NULL,
NULL,
NULL
);

INSERT INTO phone (CM_Id,CM_PhoneMatching,CM_ExtendedPhoneMatching) VALUES (
173,
5402620,
14485347
);

INSERT INTO contacts (CM_Id,CM_Type,CM_PrefTemplateRefId,CM_UIDString,CM_Last_modified,CM_ContactCreationDate,CM_Attributes,CM_ReplicationCount,CM_Header,CM_TextBlob,CM_SearchableText) VALUES (
174,
268440329,
0,
'00e0db4978be7430',
#07/06/2006#,
#07/06/2006#,
4,
0,
'0400000006140044000000000000000000200040002e4000102e4000101400c40000000000000000001000c0002e4000102e400010140280010000000000000000',

'00000000',

'        2 5 8 6 0 4 6 7 1 8 6 8 6 7 5   '
);

INSERT INTO identitytable (Parent_CMID,CM_FirstName,CM_LastName,CM_CompanyName,CM_Type,CM_Attributes,CM_HintField,CM_ExtHintField,CM_FirstNmPrn,CM_LastNmPrn,CM_CompanyNmPrn) VALUES (
174,
'Gid',
'Souns',
NULL,
268440329,
4,
84,
0,
NULL,
NULL,
NULL
);

INSERT INTO phone (CM_Id,CM_PhoneMatching,CM_ExtendedPhoneMatching) VALUES (
174,
5768681,
76406852
);

INSERT INTO contacts (CM_Id,CM_Type,CM_PrefTemplateRefId,CM_UIDString,CM_Last_modified,CM_ContactCreationDate,CM_Attributes,CM_ReplicationCount,CM_Header,CM_TextBlob,CM_SearchableText) VALUES (
175,
268440329,
0,
'00e0db4978be9b40',
#07/06/2006#,
#07/06/2006#,
4,
0,
'0400000006140044000000000000000000200040002e4000102e4000101400c40000000000000000001000c0002e4000102e400010140280010000000000000000',

'00000000',

'        2 5 8 3 5 7 8 7 8 6 7 1 1 3 5   '
);

INSERT INTO identitytable (Parent_CMID,CM_FirstName,CM_LastName,CM_CompanyName,CM_Type,CM_Attributes,CM_HintField,CM_ExtHintField,CM_FirstNmPrn,CM_LastNmPrn,CM_CompanyNmPrn) VALUES (
175,
'Gamerew',
'Mcew',
NULL,
268440329,
4,
84,
0,
NULL,
NULL,
NULL
);

INSERT INTO phone (CM_Id,CM_PhoneMatching,CM_ExtendedPhoneMatching) VALUES (
175,
5311768,
78753852
);

INSERT INTO contacts (CM_Id,CM_Type,CM_PrefTemplateRefId,CM_UIDString,CM_Last_modified,CM_ContactCreationDate,CM_Attributes,CM_ReplicationCount,CM_Header,CM_TextBlob,CM_SearchableText) VALUES (
176,
268440329,
0,
'00e0db4978bed5d8',
#07/06/2006#,
#07/06/2006#,
4,
0,
'0400000006140044000000000000000000200040002e4000102e4000101400c40000000000000000001000c0002e4000102e400010140280010000000000000000',

'00000000',

'        7 2 2 8 3 2 5 6 6 3 3 8 5 6 8   '
);

INSERT INTO identitytable (Parent_CMID,CM_FirstName,CM_LastName,CM_CompanyName,CM_Type,CM_Attributes,CM_HintField,CM_ExtHintField,CM_FirstNmPrn,CM_LastNmPrn,CM_CompanyNmPrn) VALUES (
176,
'Javof',
'Dazu',
NULL,
268440329,
4,
84,
0,
NULL,
NULL,
NULL
);

INSERT INTO phone (CM_Id,CM_PhoneMatching,CM_ExtendedPhoneMatching) VALUES (
176,
8658336,
65238227
);

INSERT INTO contacts (CM_Id,CM_Type,CM_PrefTemplateRefId,CM_UIDString,CM_Last_modified,CM_ContactCreationDate,CM_Attributes,CM_ReplicationCount,CM_Header,CM_TextBlob,CM_SearchableText) VALUES (
177,
268440329,
0,
'00e0db4978bee960',
#07/06/2006#,
#07/06/2006#,
4,
0,
'0400000006140044000000000000000000200040002e4000102e4000101400c40000000000000000001000c0002e4000102e400010140280010000000000000000',

'00000000',

'        1 7 8 2 6 7 8 8 2 0 4 6 5 5 5   '
);

INSERT INTO identitytable (Parent_CMID,CM_FirstName,CM_LastName,CM_CompanyName,CM_Type,CM_Attributes,CM_HintField,CM_ExtHintField,CM_FirstNmPrn,CM_LastNmPrn,CM_CompanyNmPrn) VALUES (
177,
'Baranilimiege',
'Alghiewatelikeazacelaus',
NULL,
268440329,
4,
84,
0,
NULL,
NULL,
NULL
);

INSERT INTO phone (CM_Id,CM_PhoneMatching,CM_ExtendedPhoneMatching) VALUES (
177,
5556402,
88762871
);

INSERT INTO contacts (CM_Id,CM_Type,CM_PrefTemplateRefId,CM_UIDString,CM_Last_modified,CM_ContactCreationDate,CM_Attributes,CM_ReplicationCount,CM_Header,CM_TextBlob,CM_SearchableText) VALUES (
178,
268440329,
0,
'00e0db4978bf1070',
#07/06/2006#,
#07/06/2006#,
4,
0,
'0400000006140044000000000000000000200040002e4000102e4000101400c40000000000000000001000c0002e4000102e400010140280010000000000000000',

'00000000',

'        2 0 3 0 1 0 6 6 0 0 4 0 1 4 6   '
);

INSERT INTO identitytable (Parent_CMID,CM_FirstName,CM_LastName,CM_CompanyName,CM_Type,CM_Attributes,CM_HintField,CM_ExtHintField,CM_FirstNmPrn,CM_LastNmPrn,CM_CompanyNmPrn) VALUES (
178,
'Sanee',
'Ly',
NULL,
268440329,
4,
84,
0,
NULL,
NULL,
NULL
);

INSERT INTO phone (CM_Id,CM_PhoneMatching,CM_ExtendedPhoneMatching) VALUES (
178,
6410400,
66010302
);

INSERT INTO contacts (CM_Id,CM_Type,CM_PrefTemplateRefId,CM_UIDString,CM_Last_modified,CM_ContactCreationDate,CM_Attributes,CM_ReplicationCount,CM_Header,CM_TextBlob,CM_SearchableText) VALUES (
179,
268440329,
0,
'00e0db4978bf3780',
#07/06/2006#,
#07/06/2006#,
4,
0,
'0400000006140044000000000000000000200040002e4000102e4000101400c40000000000000000001000c0002e4000102e400010140280010000000000000000',

'00000000',

'        4 4 2 4 8 3 6 4 2 8 2 3 0 2 2   '
);

INSERT INTO identitytable (Parent_CMID,CM_FirstName,CM_LastName,CM_CompanyName,CM_Type,CM_Attributes,CM_HintField,CM_ExtHintField,CM_FirstNmPrn,CM_LastNmPrn,CM_CompanyNmPrn) VALUES (
179,
'Jollminenipaninderal',
'Vartzury',
NULL,
268440329,
4,
84,
0,
NULL,
NULL,
NULL
);

INSERT INTO phone (CM_Id,CM_PhoneMatching,CM_ExtendedPhoneMatching) VALUES (
179,
2203282,
46384244
);

INSERT INTO contacts (CM_Id,CM_Type,CM_PrefTemplateRefId,CM_UIDString,CM_Last_modified,CM_ContactCreationDate,CM_Attributes,CM_ReplicationCount,CM_Header,CM_TextBlob,CM_SearchableText) VALUES (
180,
268440329,
0,
'00e0db4978bf5e90',
#07/06/2006#,
#07/06/2006#,
4,
0,
'0400000006140044000000000000000000200040002e4000102e4000101400c40000000000000000001000c0002e4000102e400010140280010000000000000000',

'00000000',

'        4 8 4 7 6 1 0 3 2 1 7 0 8 5 5   '
);

INSERT INTO identitytable (Parent_CMID,CM_FirstName,CM_LastName,CM_CompanyName,CM_Type,CM_Attributes,CM_HintField,CM_ExtHintField,CM_FirstNmPrn,CM_LastNmPrn,CM_CompanyNmPrn) VALUES (
180,
'Si',
'Mcontelcod',
NULL,
268440329,
4,
84,
0,
NULL,
NULL,
NULL
);

INSERT INTO phone (CM_Id,CM_PhoneMatching,CM_ExtendedPhoneMatching) VALUES (
180,
5580712,
30167484
);

INSERT INTO contacts (CM_Id,CM_Type,CM_PrefTemplateRefId,CM_UIDString,CM_Last_modified,CM_ContactCreationDate,CM_Attributes,CM_ReplicationCount,CM_Header,CM_TextBlob,CM_SearchableText) VALUES (
181,
268440329,
0,
'00e0db4978bf7218',
#07/06/2006#,
#07/06/2006#,
4,
0,
'0400000006140044000000000000000000200040002e4000102e4000101400c40000000000000000001000c0002e4000102e400010140280010000000000000000',

'00000000',

'        6 4 7 5 1 0 6 1 3 6 6 5 7 4 2   '
);

INSERT INTO identitytable (Parent_CMID,CM_FirstName,CM_LastName,CM_CompanyName,CM_Type,CM_Attributes,CM_HintField,CM_ExtHintField,CM_FirstNmPrn,CM_LastNmPrn,CM_CompanyNmPrn) VALUES (
181,
'Jabenan',
'Sprowat',
NULL,
268440329,
4,
84,
0,
NULL,
NULL,
NULL
);

INSERT INTO phone (CM_Id,CM_PhoneMatching,CM_ExtendedPhoneMatching) VALUES (
181,
2475663,
16015746
);

INSERT INTO contacts (CM_Id,CM_Type,CM_PrefTemplateRefId,CM_UIDString,CM_Last_modified,CM_ContactCreationDate,CM_Attributes,CM_ReplicationCount,CM_Header,CM_TextBlob,CM_SearchableText) VALUES (
182,
268440329,
0,
'00e0db4978bfc038',
#07/06/2006#,
#07/06/2006#,
4,
0,
'0400000006140044000000000000000000200040002e4000102e4000101400c40000000000000000001000c0002e4000102e400010140280010000000000000000',

'00000000',

'        1 0 1 1 7 4 7 4 1 4 1 8 8 7 8   '
);

INSERT INTO identitytable (Parent_CMID,CM_FirstName,CM_LastName,CM_CompanyName,CM_Type,CM_Attributes,CM_HintField,CM_ExtHintField,CM_FirstNmPrn,CM_LastNmPrn,CM_CompanyNmPrn) VALUES (
182,
'Daridrices',
'Syfsos',
NULL,
268440329,
4,
84,
0,
NULL,
NULL,
NULL
);

INSERT INTO phone (CM_Id,CM_PhoneMatching,CM_ExtendedPhoneMatching) VALUES (
182,
8788141,
47471101
);

INSERT INTO contacts (CM_Id,CM_Type,CM_PrefTemplateRefId,CM_UIDString,CM_Last_modified,CM_ContactCreationDate,CM_Attributes,CM_ReplicationCount,CM_Header,CM_TextBlob,CM_SearchableText) VALUES (
183,
268440329,
0,
'00e0db4978bfe748',
#07/06/2006#,
#07/06/2006#,
4,
0,
'0400000006140044000000000000000000200040002e4000102e4000101400c40000000000000000001000c0002e4000102e400010140280010000000000000000',

'00000000',

'        8 4 5 6 0 6 5 7 0 3 4 3 2 1 0   '
);

INSERT INTO identitytable (Parent_CMID,CM_FirstName,CM_LastName,CM_CompanyName,CM_Type,CM_Attributes,CM_HintField,CM_ExtHintField,CM_FirstNmPrn,CM_LastNmPrn,CM_CompanyNmPrn) VALUES (
183,
'Olal',
'Bal',
NULL,
268440329,
4,
84,
0,
NULL,
NULL,
NULL
);

INSERT INTO phone (CM_Id,CM_PhoneMatching,CM_ExtendedPhoneMatching) VALUES (
183,
123430,
75606548
);

INSERT INTO contacts (CM_Id,CM_Type,CM_PrefTemplateRefId,CM_UIDString,CM_Last_modified,CM_ContactCreationDate,CM_Attributes,CM_ReplicationCount,CM_Header,CM_TextBlob,CM_SearchableText) VALUES (
184,
268440329,
0,
'00e0db4978c00e58',
#07/06/2006#,
#07/06/2006#,
4,
0,
'0400000006140044000000000000000000200040002e4000102e4000101400c40000000000000000001000c0002e4000102e400010140280010000000000000000',

'00000000',

'        8 3 3 7 1 8 1 1 6 5 0 6 3 8 1   '
);

INSERT INTO identitytable (Parent_CMID,CM_FirstName,CM_LastName,CM_CompanyName,CM_Type,CM_Attributes,CM_HintField,CM_ExtHintField,CM_FirstNmPrn,CM_LastNmPrn,CM_CompanyNmPrn) VALUES (
184,
'Lulesel',
'Sa',
NULL,
268440329,
4,
84,
0,
NULL,
NULL,
NULL
);

INSERT INTO phone (CM_Id,CM_PhoneMatching,CM_ExtendedPhoneMatching) VALUES (
184,
1836056,
11817338
);

INSERT INTO contacts (CM_Id,CM_Type,CM_PrefTemplateRefId,CM_UIDString,CM_Last_modified,CM_ContactCreationDate,CM_Attributes,CM_ReplicationCount,CM_Header,CM_TextBlob,CM_SearchableText) VALUES (
185,
268440329,
0,
'00e0db4978c03568',
#07/06/2006#,
#07/06/2006#,
4,
0,
'0400000006140044000000000000000000200040002e4000102e4000101400c40000000000000000001000c0002e4000102e400010140280010000000000000000',

'00000000',

'        6 4 4 3 4 0 2 1 8 0 7 2 6 5 6   '
);

INSERT INTO identitytable (Parent_CMID,CM_FirstName,CM_LastName,CM_CompanyName,CM_Type,CM_Attributes,CM_HintField,CM_ExtHintField,CM_FirstNmPrn,CM_LastNmPrn,CM_CompanyNmPrn) VALUES (
185,
'Roban-Iart',
'Duelc',
NULL,
268440329,
4,
84,
0,
NULL,
NULL,
NULL
);

INSERT INTO phone (CM_Id,CM_PhoneMatching,CM_ExtendedPhoneMatching) VALUES (
185,
6562708,
12043446
);

INSERT INTO contacts (CM_Id,CM_Type,CM_PrefTemplateRefId,CM_UIDString,CM_Last_modified,CM_ContactCreationDate,CM_Attributes,CM_ReplicationCount,CM_Header,CM_TextBlob,CM_SearchableText) VALUES (
186,
268440329,
0,
'00e0db4978c048f0',
#07/06/2006#,
#07/06/2006#,
4,
0,
'0400000006140044000000000000000000200040002e4000102e4000101400c40000000000000000001000c0002e4000102e400010140280010000000000000000',

'00000000',

'        8 7 4 7 5 7 2 2 7 3 3 8 4 0 2   '
);

INSERT INTO identitytable (Parent_CMID,CM_FirstName,CM_LastName,CM_CompanyName,CM_Type,CM_Attributes,CM_HintField,CM_ExtHintField,CM_FirstNmPrn,CM_LastNmPrn,CM_CompanyNmPrn) VALUES (
186,
'Pan',
'Sppens',
NULL,
268440329,
4,
84,
0,
NULL,
NULL,
NULL
);

INSERT INTO phone (CM_Id,CM_PhoneMatching,CM_ExtendedPhoneMatching) VALUES (
186,
2048337,
22757478
);

INSERT INTO contacts (CM_Id,CM_Type,CM_PrefTemplateRefId,CM_UIDString,CM_Last_modified,CM_ContactCreationDate,CM_Attributes,CM_ReplicationCount,CM_Header,CM_TextBlob,CM_SearchableText) VALUES (
187,
268440329,
0,
'00e0db4978c07000',
#07/06/2006#,
#07/06/2006#,
4,
0,
'0400000006140044000000000000000000200040002e4000102e4000101400c40000000000000000001000c0002e4000102e400010140280010000000000000000',

'00000000',

'        2 0 3 4 0 6 8 5 8 4 5 2 1 8 6   '
);

INSERT INTO identitytable (Parent_CMID,CM_FirstName,CM_LastName,CM_CompanyName,CM_Type,CM_Attributes,CM_HintField,CM_ExtHintField,CM_FirstNmPrn,CM_LastNmPrn,CM_CompanyNmPrn) VALUES (
187,
'Riaras',
'Jonnennus',
NULL,
268440329,
4,
84,
0,
NULL,
NULL,
NULL
);

INSERT INTO phone (CM_Id,CM_PhoneMatching,CM_ExtendedPhoneMatching) VALUES (
187,
6812548,
58604302
);

INSERT INTO contacts (CM_Id,CM_Type,CM_PrefTemplateRefId,CM_UIDString,CM_Last_modified,CM_ContactCreationDate,CM_Attributes,CM_ReplicationCount,CM_Header,CM_TextBlob,CM_SearchableText) VALUES (
188,
268440329,
0,
'00e0db4978c09710',
#07/06/2006#,
#07/06/2006#,
4,
0,
'0400000006140044000000000000000000200040002e4000102e4000101400c40000000000000000001000c0002e4000102e400010140280010000000000000000',

'00000000',

'        5 7 3 4 8 3 5 3 5 2 6 5 4 2 5   '
);

INSERT INTO identitytable (Parent_CMID,CM_FirstName,CM_LastName,CM_CompanyName,CM_Type,CM_Attributes,CM_HintField,CM_ExtHintField,CM_FirstNmPrn,CM_LastNmPrn,CM_CompanyNmPrn) VALUES (
188,
'Ankshr',
'Terawloleral',
NULL,
268440329,
4,
84,
0,
NULL,
NULL,
NULL
);

INSERT INTO phone (CM_Id,CM_PhoneMatching,CM_ExtendedPhoneMatching) VALUES (
188,
5245625,
35384375
);

INSERT INTO contacts (CM_Id,CM_Type,CM_PrefTemplateRefId,CM_UIDString,CM_Last_modified,CM_ContactCreationDate,CM_Attributes,CM_ReplicationCount,CM_Header,CM_TextBlob,CM_SearchableText) VALUES (
189,
268440329,
0,
'00e0db4978c0be20',
#07/06/2006#,
#07/06/2006#,
4,
0,
'0400000006140044000000000000000000200040002e4000102e4000101400c40000000000000000001000c0002e4000102e400010140280010000000000000000',

'00000000',

'        3 1 5 7 7 0 3 1 2 1 0 3 2 3 6   '
);

INSERT INTO identitytable (Parent_CMID,CM_FirstName,CM_LastName,CM_CompanyName,CM_Type,CM_Attributes,CM_HintField,CM_ExtHintField,CM_FirstNmPrn,CM_LastNmPrn,CM_CompanyNmPrn) VALUES (
189,
'Seateriearrien-In',
'Govig',
NULL,
268440329,
4,
84,
0,
NULL,
NULL,
NULL
);

INSERT INTO phone (CM_Id,CM_PhoneMatching,CM_ExtendedPhoneMatching) VALUES (
189,
6323012,
13077513
);

INSERT INTO contacts (CM_Id,CM_Type,CM_PrefTemplateRefId,CM_UIDString,CM_Last_modified,CM_ContactCreationDate,CM_Attributes,CM_ReplicationCount,CM_Header,CM_TextBlob,CM_SearchableText) VALUES (
190,
268440329,
0,
'00e0db4978c0e530',
#07/06/2006#,
#07/06/2006#,
4,
0,
'0400000006140044000000000000000000200040002e4000102e4000101400c40000000000000000001000c0002e4000102e400010140280010000000000000000',

'00000000',

'        5 8 4 8 1 6 5 1 5 2 8 5 3 2 1   '
);

INSERT INTO identitytable (Parent_CMID,CM_FirstName,CM_LastName,CM_CompanyName,CM_Type,CM_Attributes,CM_HintField,CM_ExtHintField,CM_FirstNmPrn,CM_LastNmPrn,CM_CompanyNmPrn) VALUES (
190,
'Brwor',
'Bis',
NULL,
268440329,
4,
84,
0,
NULL,
NULL,
NULL
);

INSERT INTO phone (CM_Id,CM_PhoneMatching,CM_ExtendedPhoneMatching) VALUES (
190,
1235825,
15618485
);

INSERT INTO contacts (CM_Id,CM_Type,CM_PrefTemplateRefId,CM_UIDString,CM_Last_modified,CM_ContactCreationDate,CM_Attributes,CM_ReplicationCount,CM_Header,CM_TextBlob,CM_SearchableText) VALUES (
191,
268440329,
0,
'00e0db4978c10c40',
#07/06/2006#,
#07/06/2006#,
4,
0,
'0400000006140044000000000000000000200040002e4000102e4000101400c40000000000000000001000c0002e4000102e400010140280010000000000000000',

'00000000',

'        3 8 7 6 8 0 5 0 6 6 6 6 5 6 7   '
);

INSERT INTO identitytable (Parent_CMID,CM_FirstName,CM_LastName,CM_CompanyName,CM_Type,CM_Attributes,CM_HintField,CM_ExtHintField,CM_FirstNmPrn,CM_LastNmPrn,CM_CompanyNmPrn) VALUES (
191,
'Pen',
'Jaimonamillarene',
NULL,
268440329,
4,
84,
0,
NULL,
NULL,
NULL
);

INSERT INTO phone (CM_Id,CM_PhoneMatching,CM_ExtendedPhoneMatching) VALUES (
191,
7656666,
5086783
);


INSERT INTO contacts (CM_Id,CM_Type,CM_PrefTemplateRefId,CM_UIDString,CM_Last_modified,CM_ContactCreationDate,CM_Attributes,CM_ReplicationCount,CM_Header,CM_TextBlob,CM_SearchableText) VALUES (
192,
268440329,
0,
'00e0db4978c13350',
#07/06/2006#,
#07/06/2006#,
4,
0,
'0400000006140044000000000000000000200040002e4000102e4000101400c40000000000000000001000c0002e4000102e400010140280010000000000000000',

'00000000',

'        2 6 5 8 1 4 0 2 3 0 0 4 7 5 5   '
);

INSERT INTO identitytable (Parent_CMID,CM_FirstName,CM_LastName,CM_CompanyName,CM_Type,CM_Attributes,CM_HintField,CM_ExtHintField,CM_FirstNmPrn,CM_LastNmPrn,CM_CompanyNmPrn) VALUES (
192,
'An',
'La',
NULL,
268440329,
4,
84,
0,
NULL,
NULL,
NULL
);

INSERT INTO phone (CM_Id,CM_PhoneMatching,CM_ExtendedPhoneMatching) VALUES (
192,
5574003,
20418562
);

INSERT INTO contacts (CM_Id,CM_Type,CM_PrefTemplateRefId,CM_UIDString,CM_Last_modified,CM_ContactCreationDate,CM_Attributes,CM_ReplicationCount,CM_Header,CM_TextBlob,CM_SearchableText) VALUES (
193,
268440329,
0,
'00e0db4978c15a60',
#07/06/2006#,
#07/06/2006#,
4,
0,
'0400000006140044000000000000000000200040002e4000102e4000101400c40000000000000000001000c0002e4000102e400010140280010000000000000000',

'00000000',

'        1 3 3 4 7 7 5 5 8 6 2 1 4 5 7   '
);

INSERT INTO identitytable (Parent_CMID,CM_FirstName,CM_LastName,CM_CompanyName,CM_Type,CM_Attributes,CM_HintField,CM_ExtHintField,CM_FirstNmPrn,CM_LastNmPrn,CM_CompanyNmPrn) VALUES (
193,
'Durk',
'Melly',
NULL,
268440329,
4,
84,
0,
NULL,
NULL,
NULL
);

INSERT INTO phone (CM_Id,CM_PhoneMatching,CM_ExtendedPhoneMatching) VALUES (
193,
7541268,
55774331
);

INSERT INTO contacts (CM_Id,CM_Type,CM_PrefTemplateRefId,CM_UIDString,CM_Last_modified,CM_ContactCreationDate,CM_Attributes,CM_ReplicationCount,CM_Header,CM_TextBlob,CM_SearchableText) VALUES (
194,
268440329,
0,
'00e0db4978c16de8',
#07/06/2006#,
#07/06/2006#,
4,
0,
'0400000006140044000000000000000000200040002e4000102e4000101400c40000000000000000001000c0002e4000102e400010140280010000000000000000',

'00000000',

'        0 1 1 5 3 3 5 8 0 8 6 5 5 8 0   '
);

INSERT INTO identitytable (Parent_CMID,CM_FirstName,CM_LastName,CM_CompanyName,CM_Type,CM_Attributes,CM_HintField,CM_ExtHintField,CM_FirstNmPrn,CM_LastNmPrn,CM_CompanyNmPrn) VALUES (
194,
'TertManeon',
'Rouruz',
NULL,
268440329,
4,
84,
0,
NULL,
NULL,
NULL
);

INSERT INTO phone (CM_Id,CM_PhoneMatching,CM_ExtendedPhoneMatching) VALUES (
194,
855680,
85335110
);

INSERT INTO contacts (CM_Id,CM_Type,CM_PrefTemplateRefId,CM_UIDString,CM_Last_modified,CM_ContactCreationDate,CM_Attributes,CM_ReplicationCount,CM_Header,CM_TextBlob,CM_SearchableText) VALUES (
195,
268440329,
0,
'00e0db4978c194f8',
#07/06/2006#,
#07/06/2006#,
4,
0,
'0400000006140044000000000000000000200040002e4000102e4000101400c40000000000000000001000c0002e4000102e400010140280010000000000000000',

'00000000',

'        0 0 3 5 6 3 7 4 6 3 6 5 7 6 8   '
);

INSERT INTO identitytable (Parent_CMID,CM_FirstName,CM_LastName,CM_CompanyName,CM_Type,CM_Attributes,CM_HintField,CM_ExtHintField,CM_FirstNmPrn,CM_LastNmPrn,CM_CompanyNmPrn) VALUES (
195,
'Chitheca',
'Kannnsonge Vr',
NULL,
268440329,
4,
84,
0,
NULL,
NULL,
NULL
);

INSERT INTO phone (CM_Id,CM_PhoneMatching,CM_ExtendedPhoneMatching) VALUES (
195,
8675636,
47365300
);

INSERT INTO contacts (CM_Id,CM_Type,CM_PrefTemplateRefId,CM_UIDString,CM_Last_modified,CM_ContactCreationDate,CM_Attributes,CM_ReplicationCount,CM_Header,CM_TextBlob,CM_SearchableText) VALUES (
196,
268440329,
0,
'00e0db4978c1bc08',
#07/06/2006#,
#07/06/2006#,
4,
0,
'0400000006140044000000000000000000200040002e4000102e4000101400c40000000000000000001000c0002e4000102e400010140280010000000000000000',

'00000000',

'        3 0 4 3 7 2 7 8 6 3 8 4 3 7 6   '
);

INSERT INTO identitytable (Parent_CMID,CM_FirstName,CM_LastName,CM_CompanyName,CM_Type,CM_Attributes,CM_HintField,CM_ExtHintField,CM_FirstNmPrn,CM_LastNmPrn,CM_CompanyNmPrn) VALUES (
196,
'Ma',
'Brnd',
NULL,
268440329,
4,
84,
0,
NULL,
NULL,
NULL
);

INSERT INTO phone (CM_Id,CM_PhoneMatching,CM_ExtendedPhoneMatching) VALUES (
196,
6734836,
87273403
);

INSERT INTO contacts (CM_Id,CM_Type,CM_PrefTemplateRefId,CM_UIDString,CM_Last_modified,CM_ContactCreationDate,CM_Attributes,CM_ReplicationCount,CM_Header,CM_TextBlob,CM_SearchableText) VALUES (
197,
268440329,
0,
'00e0db4978c20a28',
#07/06/2006#,
#07/06/2006#,
4,
0,
'0400000006140044000000000000000000200040002e4000102e4000101400c40000000000000000001000c0002e4000102e400010140280010000000000000000',

'00000000',

'        8 3 4 3 2 2 2 5 5 0 5 4 6 2 2   '
);

INSERT INTO identitytable (Parent_CMID,CM_FirstName,CM_LastName,CM_CompanyName,CM_Type,CM_Attributes,CM_HintField,CM_ExtHintField,CM_FirstNmPrn,CM_LastNmPrn,CM_CompanyNmPrn) VALUES (
197,
'Janchetttticef',
'Vamendatzus',
NULL,
268440329,
4,
84,
0,
NULL,
NULL,
NULL
);

INSERT INTO phone (CM_Id,CM_PhoneMatching,CM_ExtendedPhoneMatching) VALUES (
197,
2264505,
52223438
);

INSERT INTO contacts (CM_Id,CM_Type,CM_PrefTemplateRefId,CM_UIDString,CM_Last_modified,CM_ContactCreationDate,CM_Attributes,CM_ReplicationCount,CM_Header,CM_TextBlob,CM_SearchableText) VALUES (
198,
268440329,
0,
'00e0db4978c23138',
#07/06/2006#,
#07/06/2006#,
4,
0,
'0400000006140044000000000000000000200040002e4000102e4000101400c40000000000000000001000c0002e4000102e400010140280010000000000000000',

'00000000',

'        1 7 8 6 4 6 1 8 1 0 4 1 4 5 6   '
);

INSERT INTO identitytable (Parent_CMID,CM_FirstName,CM_LastName,CM_CompanyName,CM_Type,CM_Attributes,CM_HintField,CM_ExtHintField,CM_FirstNmPrn,CM_LastNmPrn,CM_CompanyNmPrn) VALUES (
198,
'Anin',
'St',
NULL,
268440329,
4,
84,
0,
NULL,
NULL,
NULL
);

INSERT INTO phone (CM_Id,CM_PhoneMatching,CM_ExtendedPhoneMatching) VALUES (
198,
6541401,
81646871
);

INSERT INTO contacts (CM_Id,CM_Type,CM_PrefTemplateRefId,CM_UIDString,CM_Last_modified,CM_ContactCreationDate,CM_Attributes,CM_ReplicationCount,CM_Header,CM_TextBlob,CM_SearchableText) VALUES (
199,
268440329,
0,
'00e0db4978c25848',
#07/06/2006#,
#07/06/2006#,
4,
0,
'0400000006140044000000000000000000200040002e4000102e4000101400c40000000000000000001000c0002e4000102e400010140280010000000000000000',

'00000000',

'        6 7 6 8 2 1 0 4 3 4 8 3 4 4 0   '
);

INSERT INTO identitytable (Parent_CMID,CM_FirstName,CM_LastName,CM_CompanyName,CM_Type,CM_Attributes,CM_HintField,CM_ExtHintField,CM_FirstNmPrn,CM_LastNmPrn,CM_CompanyNmPrn) VALUES (
199,
'Nis',
'Tapeworrt',
NULL,
268440329,
4,
84,
0,
NULL,
NULL,
NULL
);

INSERT INTO phone (CM_Id,CM_PhoneMatching,CM_ExtendedPhoneMatching) VALUES (
199,
443843,
40128676
);

INSERT INTO contacts (CM_Id,CM_Type,CM_PrefTemplateRefId,CM_UIDString,CM_Last_modified,CM_ContactCreationDate,CM_Attributes,CM_ReplicationCount,CM_Header,CM_TextBlob,CM_SearchableText) VALUES (
200,
268440329,
0,
'00e0db4978c27f58',
#07/06/2006#,
#07/06/2006#,
4,
0,
'0400000006140044000000000000000000200040002e4000102e4000101400c40000000000000000001000c0002e4000102e400010140280010000000000000000',

'00000000',

'        6 5 6 1 6 3 4 1 5 6 3 5 4 5 3   '
);

INSERT INTO identitytable (Parent_CMID,CM_FirstName,CM_LastName,CM_CompanyName,CM_Type,CM_Attributes,CM_HintField,CM_ExtHintField,CM_FirstNmPrn,CM_LastNmPrn,CM_CompanyNmPrn) VALUES (
200,
'Komm',
'Assttinse',
NULL,
268440329,
4,
84,
0,
NULL,
NULL,
NULL
);

INSERT INTO phone (CM_Id,CM_PhoneMatching,CM_ExtendedPhoneMatching) VALUES (
200,
3545365,
14361656
);

INSERT INTO contacts (CM_Id,CM_Type,CM_PrefTemplateRefId,CM_UIDString,CM_Last_modified,CM_ContactCreationDate,CM_Attributes,CM_ReplicationCount,CM_Header,CM_TextBlob,CM_SearchableText) VALUES (
201,
268440329,
0,
'00e0db4978c292e0',
#07/06/2006#,
#07/06/2006#,
4,
0,
'0400000006140044000000000000000000200040002e4000102e4000101400c40000000000000000001000c0002e4000102e400010140280010000000000000000',

'00000000',

'        7 8 8 7 8 7 5 4 1 0 6 6 7 7 4   '
);

INSERT INTO identitytable (Parent_CMID,CM_FirstName,CM_LastName,CM_CompanyName,CM_Type,CM_Attributes,CM_HintField,CM_ExtHintField,CM_FirstNmPrn,CM_LastNmPrn,CM_CompanyNmPrn) VALUES (
201,
'Thond',
'Banttts',
NULL,
268440329,
4,
84,
0,
NULL,
NULL,
NULL
);

INSERT INTO phone (CM_Id,CM_PhoneMatching,CM_ExtendedPhoneMatching) VALUES (
201,
4776601,
45787887
);

INSERT INTO contacts (CM_Id,CM_Type,CM_PrefTemplateRefId,CM_UIDString,CM_Last_modified,CM_ContactCreationDate,CM_Attributes,CM_ReplicationCount,CM_Header,CM_TextBlob,CM_SearchableText) VALUES (
202,
268440329,
0,
'00e0db4978c2b9f0',
#07/06/2006#,
#07/06/2006#,
4,
0,
'0400000006140044000000000000000000200040002e4000102e4000101400c40000000000000000001000c0002e4000102e400010140280010000000000000000',

'00000000',

'        7 3 2 2 5 2 5 5 1 1 8 3 3 6 2   '
);

INSERT INTO identitytable (Parent_CMID,CM_FirstName,CM_LastName,CM_CompanyName,CM_Type,CM_Attributes,CM_HintField,CM_ExtHintField,CM_FirstNmPrn,CM_LastNmPrn,CM_CompanyNmPrn) VALUES (
202,
'Shand',
'Hacllik',
NULL,
268440329,
4,
84,
0,
NULL,
NULL,
NULL
);

INSERT INTO phone (CM_Id,CM_PhoneMatching,CM_ExtendedPhoneMatching) VALUES (
202,
2633811,
55252237
);

INSERT INTO contacts (CM_Id,CM_Type,CM_PrefTemplateRefId,CM_UIDString,CM_Last_modified,CM_ContactCreationDate,CM_Attributes,CM_ReplicationCount,CM_Header,CM_TextBlob,CM_SearchableText) VALUES (
203,
268440329,
0,
'00e0db4978c2e100',
#07/06/2006#,
#07/06/2006#,
4,
0,
'0400000006140044000000000000000000200040002e4000102e4000101400c40000000000000000001000c0002e4000102e400010140280010000000000000000',

'00000000',

'        5 2 6 1 6 5 6 0 4 8 6 4 1 6 0   '
);

INSERT INTO identitytable (Parent_CMID,CM_FirstName,CM_LastName,CM_CompanyName,CM_Type,CM_Attributes,CM_HintField,CM_ExtHintField,CM_FirstNmPrn,CM_LastNmPrn,CM_CompanyNmPrn) VALUES (
203,
'Saverdian',
'Wigendd',
NULL,
268440329,
4,
84,
0,
NULL,
NULL,
NULL
);

INSERT INTO phone (CM_Id,CM_PhoneMatching,CM_ExtendedPhoneMatching) VALUES (
203,
614684,
6561625
);

INSERT INTO contacts (CM_Id,CM_Type,CM_PrefTemplateRefId,CM_UIDString,CM_Last_modified,CM_ContactCreationDate,CM_Attributes,CM_ReplicationCount,CM_Header,CM_TextBlob,CM_SearchableText) VALUES (
204,
268440329,
0,
'00e0db4978c30810',
#07/06/2006#,
#07/06/2006#,
4,
0,
'0400000006140044000000000000000000200040002e4000102e4000101400c40000000000000000001000c0002e4000102e400010140280010000000000000000',

'00000000',

'        0 2 1 7 1 1 4 2 6 0 4 1 7 8 5   '
);

INSERT INTO identitytable (Parent_CMID,CM_FirstName,CM_LastName,CM_CompanyName,CM_Type,CM_Attributes,CM_HintField,CM_ExtHintField,CM_FirstNmPrn,CM_LastNmPrn,CM_CompanyNmPrn) VALUES (
204,
'Lelobdrigevarorerd',
'Ja',
NULL,
268440329,
4,
84,
0,
NULL,
NULL,
NULL
);

INSERT INTO phone (CM_Id,CM_PhoneMatching,CM_ExtendedPhoneMatching) VALUES (
204,
5871406,
24117120
);

INSERT INTO contacts (CM_Id,CM_Type,CM_PrefTemplateRefId,CM_UIDString,CM_Last_modified,CM_ContactCreationDate,CM_Attributes,CM_ReplicationCount,CM_Header,CM_TextBlob,CM_SearchableText) VALUES (
205,
268440329,
0,
'00e0db4978c32f20',
#07/06/2006#,
#07/06/2006#,
4,
0,
'0400000006140044000000000000000000200040002e4000102e4000101400c40000000000000000001000c0002e4000102e400010140280010000000000000000',

'00000000',

'        5 8 0 1 6 8 0 1 1 4 6 3 8 4 8   '
);

INSERT INTO identitytable (Parent_CMID,CM_FirstName,CM_LastName,CM_CompanyName,CM_Type,CM_Attributes,CM_HintField,CM_ExtHintField,CM_FirstNmPrn,CM_LastNmPrn,CM_CompanyNmPrn) VALUES (
205,
'Nenusthaikoaninenat',
'Shialedhedetillebesonskecid',
NULL,
268440329,
4,
84,
0,
NULL,
NULL,
NULL
);

INSERT INTO phone (CM_Id,CM_PhoneMatching,CM_ExtendedPhoneMatching) VALUES (
205,
8483641,
10861085
);

INSERT INTO contacts (CM_Id,CM_Type,CM_PrefTemplateRefId,CM_UIDString,CM_Last_modified,CM_ContactCreationDate,CM_Attributes,CM_ReplicationCount,CM_Header,CM_TextBlob,CM_SearchableText) VALUES (
206,
268440329,
0,
'00e0db4978c342a8',
#07/06/2006#,
#07/06/2006#,
4,
0,
'0400000006140044000000000000000000200040002e4000102e4000101400c40000000000000000001000c0002e4000102e400010140280010000000000000000',

'00000000',

'        0 4 6 8 2 4 7 1 4 7 4 5 8 3 3   '
);

INSERT INTO identitytable (Parent_CMID,CM_FirstName,CM_LastName,CM_CompanyName,CM_Type,CM_Attributes,CM_HintField,CM_ExtHintField,CM_FirstNmPrn,CM_LastNmPrn,CM_CompanyNmPrn) VALUES (
206,
'Ne',
'Gumiguz',
NULL,
268440329,
4,
84,
0,
NULL,
NULL,
NULL
);

INSERT INTO phone (CM_Id,CM_PhoneMatching,CM_ExtendedPhoneMatching) VALUES (
206,
3385474,
17428640
);

INSERT INTO contacts (CM_Id,CM_Type,CM_PrefTemplateRefId,CM_UIDString,CM_Last_modified,CM_ContactCreationDate,CM_Attributes,CM_ReplicationCount,CM_Header,CM_TextBlob,CM_SearchableText) VALUES (
207,
268440329,
0,
'00e0db4978c369b8',
#07/06/2006#,
#07/06/2006#,
4,
0,
'0400000006140044000000000000000000200040002e4000102e4000101400c40000000000000000001000c0002e4000102e400010140280010000000000000000',

'00000000',

'        4 5 1 4 4 3 4 1 5 2 5 1 7 8 7   '
);

INSERT INTO identitytable (Parent_CMID,CM_FirstName,CM_LastName,CM_CompanyName,CM_Type,CM_Attributes,CM_HintField,CM_ExtHintField,CM_FirstNmPrn,CM_LastNmPrn,CM_CompanyNmPrn) VALUES (
207,
'San',
'Sh',
NULL,
268440329,
4,
84,
0,
NULL,
NULL,
NULL
);

INSERT INTO phone (CM_Id,CM_PhoneMatching,CM_ExtendedPhoneMatching) VALUES (
207,
7871525,
14344154
);

INSERT INTO contacts (CM_Id,CM_Type,CM_PrefTemplateRefId,CM_UIDString,CM_Last_modified,CM_ContactCreationDate,CM_Attributes,CM_ReplicationCount,CM_Header,CM_TextBlob,CM_SearchableText) VALUES (
208,
268440329,
0,
'00e0db4978c390c8',
#07/06/2006#,
#07/06/2006#,
4,
0,
'0400000006140044000000000000000000200040002e4000102e4000101400c40000000000000000001000c0002e4000102e400010140280010000000000000000',

'00000000',

'        0 8 4 4 7 6 1 6 6 3 8 5 2 4 7   '
);

INSERT INTO identitytable (Parent_CMID,CM_FirstName,CM_LastName,CM_CompanyName,CM_Type,CM_Attributes,CM_HintField,CM_ExtHintField,CM_FirstNmPrn,CM_LastNmPrn,CM_CompanyNmPrn) VALUES (
208,
'Tor',
'Sckpoune',
NULL,
268440329,
4,
84,
0,
NULL,
NULL,
NULL
);

INSERT INTO phone (CM_Id,CM_PhoneMatching,CM_ExtendedPhoneMatching) VALUES (
208,
7425836,
61674480
);

INSERT INTO contacts (CM_Id,CM_Type,CM_PrefTemplateRefId,CM_UIDString,CM_Last_modified,CM_ContactCreationDate,CM_Attributes,CM_ReplicationCount,CM_Header,CM_TextBlob,CM_SearchableText) VALUES (
209,
268440329,
0,
'00e0db4978c3b7d8',
#07/06/2006#,
#07/06/2006#,
4,
0,
'0400000006140044000000000000000000200040002e4000102e4000101400c40000000000000000001000c0002e4000102e400010140280010000000000000000',

'00000000',

'        6 4 2 0 8 0 8 7 1 4 1 4 0 6 3   '
);

INSERT INTO identitytable (Parent_CMID,CM_FirstName,CM_LastName,CM_CompanyName,CM_Type,CM_Attributes,CM_HintField,CM_ExtHintField,CM_FirstNmPrn,CM_LastNmPrn,CM_CompanyNmPrn) VALUES (
209,
'Simectoraw',
'Rera',
NULL,
268440329,
4,
84,
0,
NULL,
NULL,
NULL
);

INSERT INTO phone (CM_Id,CM_PhoneMatching,CM_ExtendedPhoneMatching) VALUES (
209,
3604141,
78080246
);

INSERT INTO contacts (CM_Id,CM_Type,CM_PrefTemplateRefId,CM_UIDString,CM_Last_modified,CM_ContactCreationDate,CM_Attributes,CM_ReplicationCount,CM_Header,CM_TextBlob,CM_SearchableText) VALUES (
210,
268440329,
0,
'00e0db4978c3dee8',
#07/06/2006#,
#07/06/2006#,
4,
0,
'0400000006140044000000000000000000200040002e4000102e4000101400c40000000000000000001000c0002e4000102e400010140280010000000000000000',

'00000000',

'        3 2 5 7 6 2 1 6 0 4 5 1 0 0 4   '
);

INSERT INTO identitytable (Parent_CMID,CM_FirstName,CM_LastName,CM_CompanyName,CM_Type,CM_Attributes,CM_HintField,CM_ExtHintField,CM_FirstNmPrn,CM_LastNmPrn,CM_CompanyNmPrn) VALUES (
210,
'Ningijer',
'Brony',
NULL,
268440329,
4,
84,
0,
NULL,
NULL,
NULL
);

INSERT INTO phone (CM_Id,CM_PhoneMatching,CM_ExtendedPhoneMatching) VALUES (
210,
4001540,
61267523
);

INSERT INTO contacts (CM_Id,CM_Type,CM_PrefTemplateRefId,CM_UIDString,CM_Last_modified,CM_ContactCreationDate,CM_Attributes,CM_ReplicationCount,CM_Header,CM_TextBlob,CM_SearchableText) VALUES (
211,
268440329,
0,
'00e0db4978c405f8',
#07/06/2006#,
#07/06/2006#,
4,
0,
'0400000006140044000000000000000000200040002e4000102e4000101400c40000000000000000001000c0002e4000102e400010140280010000000000000000',

'00000000',

'        6 4 0 2 1 1 7 3 3 3 4 8 1 1 7   '
);

INSERT INTO identitytable (Parent_CMID,CM_FirstName,CM_LastName,CM_CompanyName,CM_Type,CM_Attributes,CM_HintField,CM_ExtHintField,CM_FirstNmPrn,CM_LastNmPrn,CM_CompanyNmPrn) VALUES (
211,
'Mico',
'Javiaros',
NULL,
268440329,
4,
84,
0,
NULL,
NULL,
NULL
);

INSERT INTO phone (CM_Id,CM_PhoneMatching,CM_ExtendedPhoneMatching) VALUES (
211,
7118433,
37112046
);

INSERT INTO contacts (CM_Id,CM_Type,CM_PrefTemplateRefId,CM_UIDString,CM_Last_modified,CM_ContactCreationDate,CM_Attributes,CM_ReplicationCount,CM_Header,CM_TextBlob,CM_SearchableText) VALUES (
212,
268440329,
0,
'00e0db4978c44090',
#07/06/2006#,
#07/06/2006#,
4,
0,
'0400000006140044000000000000000000200040002e4000102e4000101400c40000000000000000001000c0002e4000102e400010140280010000000000000000',

'00000000',

'        3 0 5 6 1 4 7 4 6 2 7 1 2 8 4   '
);

INSERT INTO identitytable (Parent_CMID,CM_FirstName,CM_LastName,CM_CompanyName,CM_Type,CM_Attributes,CM_HintField,CM_ExtHintField,CM_FirstNmPrn,CM_LastNmPrn,CM_CompanyNmPrn) VALUES (
212,
'Ma',
'Done',
NULL,
268440329,
4,
84,
0,
NULL,
NULL,
NULL
);

INSERT INTO phone (CM_Id,CM_PhoneMatching,CM_ExtendedPhoneMatching) VALUES (
212,
4821726,
47416503
);

INSERT INTO contacts (CM_Id,CM_Type,CM_PrefTemplateRefId,CM_UIDString,CM_Last_modified,CM_ContactCreationDate,CM_Attributes,CM_ReplicationCount,CM_Header,CM_TextBlob,CM_SearchableText) VALUES (
213,
268440329,
0,
'00e0db4978c467a0',
#07/06/2006#,
#07/06/2006#,
4,
0,
'0400000006140044000000000000000000200040002e4000102e4000101400c40000000000000000001000c0002e4000102e400010140280010000000000000000',

'00000000',

'        1 6 5 1 3 2 1 8 4 6 5 4 4 5 5   '
);

INSERT INTO identitytable (Parent_CMID,CM_FirstName,CM_LastName,CM_CompanyName,CM_Type,CM_Attributes,CM_HintField,CM_ExtHintField,CM_FirstNmPrn,CM_LastNmPrn,CM_CompanyNmPrn) VALUES (
213,
'Frserigllesthar',
'Sur',
NULL,
268440329,
4,
84,
0,
NULL,
NULL,
NULL
);

INSERT INTO phone (CM_Id,CM_PhoneMatching,CM_ExtendedPhoneMatching) VALUES (
213,
5544564,
81231561
);

INSERT INTO contacts (CM_Id,CM_Type,CM_PrefTemplateRefId,CM_UIDString,CM_Last_modified,CM_ContactCreationDate,CM_Attributes,CM_ReplicationCount,CM_Header,CM_TextBlob,CM_SearchableText) VALUES (
214,
268440329,
0,
'00e0db4978c48eb0',
#07/06/2006#,
#07/06/2006#,
4,
0,
'0400000006140044000000000000000000200040002e4000102e4000101400c40000000000000000001000c0002e4000102e400010140280010000000000000000',

'00000000',

'        1 6 8 1 4 1 5 5 3 3 1 7 0 2 6   '
);

INSERT INTO identitytable (Parent_CMID,CM_FirstName,CM_LastName,CM_CompanyName,CM_Type,CM_Attributes,CM_HintField,CM_ExtHintField,CM_FirstNmPrn,CM_LastNmPrn,CM_CompanyNmPrn) VALUES (
214,
'Hub',
'Warey',
NULL,
268440329,
4,
84,
0,
NULL,
NULL,
NULL
);

INSERT INTO phone (CM_Id,CM_PhoneMatching,CM_ExtendedPhoneMatching) VALUES (
214,
6207133,
55141861
);

INSERT INTO contacts (CM_Id,CM_Type,CM_PrefTemplateRefId,CM_UIDString,CM_Last_modified,CM_ContactCreationDate,CM_Attributes,CM_ReplicationCount,CM_Header,CM_TextBlob,CM_SearchableText) VALUES (
215,
268440329,
0,
'00e0db4978c4b5c0',
#07/06/2006#,
#07/06/2006#,
4,
0,
'0400000006140044000000000000000000200040002e4000102e4000101400c40000000000000000001000c0002e4000102e400010140280010000000000000000',

'00000000',

'        2 3 8 1 3 0 2 4 7 3 7 4 8 1 7   '
);

INSERT INTO identitytable (Parent_CMID,CM_FirstName,CM_LastName,CM_CompanyName,CM_Type,CM_Attributes,CM_HintField,CM_ExtHintField,CM_FirstNmPrn,CM_LastNmPrn,CM_CompanyNmPrn) VALUES (
215,
'Chulerrik',
'Ahiernsaweryt',
NULL,
268440329,
4,
84,
0,
NULL,
NULL,
NULL
);

INSERT INTO phone (CM_Id,CM_PhoneMatching,CM_ExtendedPhoneMatching) VALUES (
215,
7184737,
42031832
);

INSERT INTO contacts (CM_Id,CM_Type,CM_PrefTemplateRefId,CM_UIDString,CM_Last_modified,CM_ContactCreationDate,CM_Attributes,CM_ReplicationCount,CM_Header,CM_TextBlob,CM_SearchableText) VALUES (
216,
268440329,
0,
'00e0db4978c4dcd0',
#07/06/2006#,
#07/06/2006#,
4,
0,
'0400000006140044000000000000000000200040002e4000102e4000101400c40000000000000000001000c0002e4000102e400010140280010000000000000000',

'00000000',

'        1 4 6 3 2 6 4 8 2 6 5 1 2 0 3   '
);

INSERT INTO identitytable (Parent_CMID,CM_FirstName,CM_LastName,CM_CompanyName,CM_Type,CM_Attributes,CM_HintField,CM_ExtHintField,CM_FirstNmPrn,CM_LastNmPrn,CM_CompanyNmPrn) VALUES (
216,
'Gew',
'Mans',
NULL,
268440329,
4,
84,
0,
NULL,
NULL,
NULL
);

INSERT INTO phone (CM_Id,CM_PhoneMatching,CM_ExtendedPhoneMatching) VALUES (
216,
3021562,
84623641
);

INSERT INTO contacts (CM_Id,CM_Type,CM_PrefTemplateRefId,CM_UIDString,CM_Last_modified,CM_ContactCreationDate,CM_Attributes,CM_ReplicationCount,CM_Header,CM_TextBlob,CM_SearchableText) VALUES (
217,
268440329,
0,
'00e0db4978c4f058',
#07/06/2006#,
#07/06/2006#,
4,
0,
'0400000006140044000000000000000000200040002e4000102e4000101400c40000000000000000001000c0002e4000102e400010140280010000000000000000',

'00000000',

'        2 0 5 3 8 6 3 4 4 6 5 5 4 6 8   '
);

INSERT INTO identitytable (Parent_CMID,CM_FirstName,CM_LastName,CM_CompanyName,CM_Type,CM_Attributes,CM_HintField,CM_ExtHintField,CM_FirstNmPrn,CM_LastNmPrn,CM_CompanyNmPrn) VALUES (
217,
'Stedaieal',
'Arnytasod',
NULL,
268440329,
4,
84,
0,
NULL,
NULL,
NULL
);

INSERT INTO phone (CM_Id,CM_PhoneMatching,CM_ExtendedPhoneMatching) VALUES (
217,
8645564,
43683502
);

INSERT INTO contacts (CM_Id,CM_Type,CM_PrefTemplateRefId,CM_UIDString,CM_Last_modified,CM_ContactCreationDate,CM_Attributes,CM_ReplicationCount,CM_Header,CM_TextBlob,CM_SearchableText) VALUES (
218,
268440329,
0,
'00e0db4978c51768',
#07/06/2006#,
#07/06/2006#,
4,
0,
'0400000006140044000000000000000000200040002e4000102e4000101400c40000000000000000001000c0002e4000102e400010140280010000000000000000',

'00000000',

'        2 8 2 8 0 7 2 6 2 5 4 6 4 6 7   '
);

INSERT INTO identitytable (Parent_CMID,CM_FirstName,CM_LastName,CM_CompanyName,CM_Type,CM_Attributes,CM_HintField,CM_ExtHintField,CM_FirstNmPrn,CM_LastNmPrn,CM_CompanyNmPrn) VALUES (
218,
'Da',
'Saneelur',
NULL,
268440329,
4,
84,
0,
NULL,
NULL,
NULL
);

INSERT INTO phone (CM_Id,CM_PhoneMatching,CM_ExtendedPhoneMatching) VALUES (
218,
7646452,
62708282
);

INSERT INTO contacts (CM_Id,CM_Type,CM_PrefTemplateRefId,CM_UIDString,CM_Last_modified,CM_ContactCreationDate,CM_Attributes,CM_ReplicationCount,CM_Header,CM_TextBlob,CM_SearchableText) VALUES (
219,
268440329,
0,
'00e0db4978c52af0',
#07/06/2006#,
#07/06/2006#,
4,
0,
'0400000006140044000000000000000000200040002e4000102e4000101400c40000000000000000001000c0002e4000102e400010140280010000000000000000',

'00000000',

'        8 6 4 7 5 7 7 7 7 0 5 4 7 5 2   '
);

INSERT INTO identitytable (Parent_CMID,CM_FirstName,CM_LastName,CM_CompanyName,CM_Type,CM_Attributes,CM_HintField,CM_ExtHintField,CM_FirstNmPrn,CM_LastNmPrn,CM_CompanyNmPrn) VALUES (
219,
'An',
'Kurar',
NULL,
268440329,
4,
84,
0,
NULL,
NULL,
NULL
);

INSERT INTO phone (CM_Id,CM_PhoneMatching,CM_ExtendedPhoneMatching) VALUES (
219,
2574507,
77757468
);

INSERT INTO contacts (CM_Id,CM_Type,CM_PrefTemplateRefId,CM_UIDString,CM_Last_modified,CM_ContactCreationDate,CM_Attributes,CM_ReplicationCount,CM_Header,CM_TextBlob,CM_SearchableText) VALUES (
220,
268440329,
0,
'00e0db4978c55200',
#07/06/2006#,
#07/06/2006#,
4,
0,
'0400000006140044000000000000000000200040002e4000102e4000101400c40000000000000000001000c0002e4000102e400010140280010000000000000000',

'00000000',

'        3 5 4 8 6 2 0 8 0 5 4 6 0 0 6   '
);

INSERT INTO identitytable (Parent_CMID,CM_FirstName,CM_LastName,CM_CompanyName,CM_Type,CM_Attributes,CM_HintField,CM_ExtHintField,CM_FirstNmPrn,CM_LastNmPrn,CM_CompanyNmPrn) VALUES (
220,
'Jorin',
'Ry',
NULL,
268440329,
4,
84,
0,
NULL,
NULL,
NULL
);

INSERT INTO phone (CM_Id,CM_PhoneMatching,CM_ExtendedPhoneMatching) VALUES (
220,
6006450,
80268453
);

INSERT INTO contacts (CM_Id,CM_Type,CM_PrefTemplateRefId,CM_UIDString,CM_Last_modified,CM_ContactCreationDate,CM_Attributes,CM_ReplicationCount,CM_Header,CM_TextBlob,CM_SearchableText) VALUES (
221,
268440329,
0,
'00e0db4978c57910',
#07/06/2006#,
#07/06/2006#,
4,
0,
'0400000006140044000000000000000000200040002e4000102e4000101400c40000000000000000001000c0002e4000102e400010140280010000000000000000',

'00000000',

'        2 1 6 5 5 8 7 6 8 1 5 8 6 7 2   '
);

INSERT INTO identitytable (Parent_CMID,CM_FirstName,CM_LastName,CM_CompanyName,CM_Type,CM_Attributes,CM_HintField,CM_ExtHintField,CM_FirstNmPrn,CM_LastNmPrn,CM_CompanyNmPrn) VALUES (
221,
'Man',
'Hirtinens',
NULL,
268440329,
4,
84,
0,
NULL,
NULL,
NULL
);

INSERT INTO phone (CM_Id,CM_PhoneMatching,CM_ExtendedPhoneMatching) VALUES (
221,
2768518,
67855612
);

INSERT INTO contacts (CM_Id,CM_Type,CM_PrefTemplateRefId,CM_UIDString,CM_Last_modified,CM_ContactCreationDate,CM_Attributes,CM_ReplicationCount,CM_Header,CM_TextBlob,CM_SearchableText) VALUES (
222,
268440329,
0,
'00e0db4978c5a020',
#07/06/2006#,
#07/06/2006#,
4,
0,
'0400000006140044000000000000000000200040002e4000102e4000101400c40000000000000000001000c0002e4000102e400010140280010000000000000000',

'00000000',

'        2 4 6 0 0 8 4 5 0 2 7 7 8 7 1   '
);

INSERT INTO identitytable (Parent_CMID,CM_FirstName,CM_LastName,CM_CompanyName,CM_Type,CM_Attributes,CM_HintField,CM_ExtHintField,CM_FirstNmPrn,CM_LastNmPrn,CM_CompanyNmPrn) VALUES (
222,
'Jon',
'Sas',
NULL,
268440329,
4,
84,
0,
NULL,
NULL,
NULL
);

INSERT INTO phone (CM_Id,CM_PhoneMatching,CM_ExtendedPhoneMatching) VALUES (
222,
1787720,
54800642
);

INSERT INTO contacts (CM_Id,CM_Type,CM_PrefTemplateRefId,CM_UIDString,CM_Last_modified,CM_ContactCreationDate,CM_Attributes,CM_ReplicationCount,CM_Header,CM_TextBlob,CM_SearchableText) VALUES (
223,
268440329,
0,
'00e0db4978c5c730',
#07/06/2006#,
#07/06/2006#,
4,
0,
'0400000006140044000000000000000000200040002e4000102e4000101400c40000000000000000001000c0002e4000102e400010140280010000000000000000',

'00000000',

'        7 2 3 8 2 4 0 0 3 4 5 3 8 4 6   '
);

INSERT INTO identitytable (Parent_CMID,CM_FirstName,CM_LastName,CM_CompanyName,CM_Type,CM_Attributes,CM_HintField,CM_ExtHintField,CM_FirstNmPrn,CM_LastNmPrn,CM_CompanyNmPrn) VALUES (
223,
'Dor',
'Lelek',
NULL,
268440329,
4,
84,
0,
NULL,
NULL,
NULL
);

INSERT INTO phone (CM_Id,CM_PhoneMatching,CM_ExtendedPhoneMatching) VALUES (
223,
6483543,
428327
);

INSERT INTO contacts (CM_Id,CM_Type,CM_PrefTemplateRefId,CM_UIDString,CM_Last_modified,CM_ContactCreationDate,CM_Attributes,CM_ReplicationCount,CM_Header,CM_TextBlob,CM_SearchableText) VALUES (
224,
268440329,
0,
'00e0db4978c5ee40',
#07/06/2006#,
#07/06/2006#,
4,
0,
'0400000006140044000000000000000000200040002e4000102e4000101400c40000000000000000001000c0002e4000102e400010140280010000000000000000',

'00000000',

'        0 7 4 6 5 5 1 8 0 5 0 1 4 7 1   '
);

INSERT INTO identitytable (Parent_CMID,CM_FirstName,CM_LastName,CM_CompanyName,CM_Type,CM_Attributes,CM_HintField,CM_ExtHintField,CM_FirstNmPrn,CM_LastNmPrn,CM_CompanyNmPrn) VALUES (
224,
'Mara',
'Lams',
NULL,
268440329,
4,
84,
0,
NULL,
NULL,
NULL
);

INSERT INTO phone (CM_Id,CM_PhoneMatching,CM_ExtendedPhoneMatching) VALUES (
224,
1741050,
81556470
);

INSERT INTO contacts (CM_Id,CM_Type,CM_PrefTemplateRefId,CM_UIDString,CM_Last_modified,CM_ContactCreationDate,CM_Attributes,CM_ReplicationCount,CM_Header,CM_TextBlob,CM_SearchableText) VALUES (
225,
268440329,
0,
'00e0db4978c601c8',
#07/06/2006#,
#07/06/2006#,
4,
0,
'0400000006140044000000000000000000200040002e4000102e4000101400c40000000000000000001000c0002e4000102e400010140280010000000000000000',

'00000000',

'        1 4 3 7 1 8 1 0 1 2 2 0 2 7 4   '
);

INSERT INTO identitytable (Parent_CMID,CM_FirstName,CM_LastName,CM_CompanyName,CM_Type,CM_Attributes,CM_HintField,CM_ExtHintField,CM_FirstNmPrn,CM_LastNmPrn,CM_CompanyNmPrn) VALUES (
225,
'Vahalel',
'Batililllay',
NULL,
268440329,
4,
84,
0,
NULL,
NULL,
NULL
);

INSERT INTO phone (CM_Id,CM_PhoneMatching,CM_ExtendedPhoneMatching) VALUES (
225,
4720221,
1817341
);

INSERT INTO contacts (CM_Id,CM_Type,CM_PrefTemplateRefId,CM_UIDString,CM_Last_modified,CM_ContactCreationDate,CM_Attributes,CM_ReplicationCount,CM_Header,CM_TextBlob,CM_SearchableText) VALUES (
226,
268440329,
0,
'00e0db4978c628d8',
#07/06/2006#,
#07/06/2006#,
4,
0,
'0400000006140044000000000000000000200040002e4000102e4000101400c40000000000000000001000c0002e4000102e400010140280010000000000000000',

'00000000',

'        5 6 3 8 1 2 3 0 8 5 7 3 6 6 3   '
);

INSERT INTO identitytable (Parent_CMID,CM_FirstName,CM_LastName,CM_CompanyName,CM_Type,CM_Attributes,CM_HintField,CM_ExtHintField,CM_FirstNmPrn,CM_LastNmPrn,CM_CompanyNmPrn) VALUES (
226,
'Da',
'TricLe Varandwarg',
NULL,
268440329,
4,
84,
0,
NULL,
NULL,
NULL
);

INSERT INTO phone (CM_Id,CM_PhoneMatching,CM_ExtendedPhoneMatching) VALUES (
226,
3663758,
3218365
);

INSERT INTO contacts (CM_Id,CM_Type,CM_PrefTemplateRefId,CM_UIDString,CM_Last_modified,CM_ContactCreationDate,CM_Attributes,CM_ReplicationCount,CM_Header,CM_TextBlob,CM_SearchableText) VALUES (
227,
268440329,
0,
'00e0db4978c676f8',
#07/06/2006#,
#07/06/2006#,
4,
0,
'0400000006140044000000000000000000200040002e4000102e4000101400c40000000000000000001000c0002e4000102e400010140280010000000000000000',

'00000000',

'        8 6 7 2 5 8 4 1 7 3 4 7 1 1 2   '
);

INSERT INTO identitytable (Parent_CMID,CM_FirstName,CM_LastName,CM_CompanyName,CM_Type,CM_Attributes,CM_HintField,CM_ExtHintField,CM_FirstNmPrn,CM_LastNmPrn,CM_CompanyNmPrn) VALUES (
227,
'Das',
'Hoeonds',
NULL,
268440329,
4,
84,
0,
NULL,
NULL,
NULL
);

INSERT INTO phone (CM_Id,CM_PhoneMatching,CM_ExtendedPhoneMatching) VALUES (
227,
2117437,
14852768
);

INSERT INTO contacts (CM_Id,CM_Type,CM_PrefTemplateRefId,CM_UIDString,CM_Last_modified,CM_ContactCreationDate,CM_Attributes,CM_ReplicationCount,CM_Header,CM_TextBlob,CM_SearchableText) VALUES (
228,
268440329,
0,
'00e0db4978c6a7cc',
#07/06/2006#,
#07/06/2006#,
4,
0,
'0400000006140044000000000000000000200040002e4000102e4000101400c40000000000000000001000c0002e4000102e400010140280010000000000000000',

'00000000',

'        3 7 1 5 0 8 8 0 4 2 1 6 1 0 5   '
);

INSERT INTO identitytable (Parent_CMID,CM_FirstName,CM_LastName,CM_CompanyName,CM_Type,CM_Attributes,CM_HintField,CM_ExtHintField,CM_FirstNmPrn,CM_LastNmPrn,CM_CompanyNmPrn) VALUES (
228,
'Ma',
'Dowivacene',
NULL,
268440329,
4,
84,
0,
NULL,
NULL,
NULL
);

INSERT INTO phone (CM_Id,CM_PhoneMatching,CM_ExtendedPhoneMatching) VALUES (
228,
5016124,
8805173
);

INSERT INTO contacts (CM_Id,CM_Type,CM_PrefTemplateRefId,CM_UIDString,CM_Last_modified,CM_ContactCreationDate,CM_Attributes,CM_ReplicationCount,CM_Header,CM_TextBlob,CM_SearchableText) VALUES (
229,
268440329,
0,
'00e0db4978c6bb54',
#07/06/2006#,
#07/06/2006#,
4,
0,
'0400000006140044000000000000000000200040002e4000102e4000101400c40000000000000000001000c0002e4000102e400010140280010000000000000000',

'00000000',

'        1 3 2 6 2 0 4 6 3 3 5 3 7 0 3   '
);

INSERT INTO identitytable (Parent_CMID,CM_FirstName,CM_LastName,CM_CompanyName,CM_Type,CM_Attributes,CM_HintField,CM_ExtHintField,CM_FirstNmPrn,CM_LastNmPrn,CM_CompanyNmPrn) VALUES (
229,
'Sialinuziond',
'Hunshattass',
NULL,
268440329,
4,
84,
0,
NULL,
NULL,
NULL
);

INSERT INTO phone (CM_Id,CM_PhoneMatching,CM_ExtendedPhoneMatching) VALUES (
229,
3073533,
64026231
);

INSERT INTO contacts (CM_Id,CM_Type,CM_PrefTemplateRefId,CM_UIDString,CM_Last_modified,CM_ContactCreationDate,CM_Attributes,CM_ReplicationCount,CM_Header,CM_TextBlob,CM_SearchableText) VALUES (
230,
268440329,
0,
'00e0db4978c6e4d5',
#07/06/2006#,
#07/06/2006#,
4,
0,
'0400000006140044000000000000000000200040002e4000102e4000101400c40000000000000000001000c0002e4000102e400010140280010000000000000000',

'00000000',

'        3 6 8 6 5 3 0 5 5 2 4 3 0 8 2   '
);

INSERT INTO identitytable (Parent_CMID,CM_FirstName,CM_LastName,CM_CompanyName,CM_Type,CM_Attributes,CM_HintField,CM_ExtHintField,CM_FirstNmPrn,CM_LastNmPrn,CM_CompanyNmPrn) VALUES (
230,
'Edewan',
'Banonrne',
NULL,
268440329,
4,
84,
0,
NULL,
NULL,
NULL
);

INSERT INTO phone (CM_Id,CM_PhoneMatching,CM_ExtendedPhoneMatching) VALUES (
230,
2803425,
50356863
);

INSERT INTO contacts (CM_Id,CM_Type,CM_PrefTemplateRefId,CM_UIDString,CM_Last_modified,CM_ContactCreationDate,CM_Attributes,CM_ReplicationCount,CM_Header,CM_TextBlob,CM_SearchableText) VALUES (
231,
268440329,
0,
'00e0db4978c70be5',
#07/06/2006#,
#07/06/2006#,
4,
0,
'0400000006140044000000000000000000200040002e4000102e4000101400c40000000000000000001000c0002e4000102e400010140280010000000000000000',

'00000000',

'        7 8 5 4 3 7 2 2 5 2 5 0 0 8 0   '
);

INSERT INTO identitytable (Parent_CMID,CM_FirstName,CM_LastName,CM_CompanyName,CM_Type,CM_Attributes,CM_HintField,CM_ExtHintField,CM_FirstNmPrn,CM_LastNmPrn,CM_CompanyNmPrn) VALUES (
231,
'Dor',
'Bolunatrk',
NULL,
268440329,
4,
84,
0,
NULL,
NULL,
NULL
);

INSERT INTO phone (CM_Id,CM_PhoneMatching,CM_ExtendedPhoneMatching) VALUES (
231,
800525,
22734587
);

INSERT INTO contacts (CM_Id,CM_Type,CM_PrefTemplateRefId,CM_UIDString,CM_Last_modified,CM_ContactCreationDate,CM_Attributes,CM_ReplicationCount,CM_Header,CM_TextBlob,CM_SearchableText) VALUES (
232,
268440329,
0,
'00e0db4978c71f6d',
#07/06/2006#,
#07/06/2006#,
4,
0,
'0400000006140044000000000000000000200040002e4000102e4000101400c40000000000000000001000c0002e4000102e400010140280010000000000000000',

'00000000',

'        2 2 5 6 1 6 3 6 5 6 8 2 7 8 8   '
);

INSERT INTO identitytable (Parent_CMID,CM_FirstName,CM_LastName,CM_CompanyName,CM_Type,CM_Attributes,CM_HintField,CM_ExtHintField,CM_FirstNmPrn,CM_LastNmPrn,CM_CompanyNmPrn) VALUES (
232,
'Adelentevonetinilan',
'Os',
NULL,
268440329,
4,
84,
0,
NULL,
NULL,
NULL
);

INSERT INTO phone (CM_Id,CM_PhoneMatching,CM_ExtendedPhoneMatching) VALUES (
232,
8872865,
63616522
);

INSERT INTO contacts (CM_Id,CM_Type,CM_PrefTemplateRefId,CM_UIDString,CM_Last_modified,CM_ContactCreationDate,CM_Attributes,CM_ReplicationCount,CM_Header,CM_TextBlob,CM_SearchableText) VALUES (
233,
268440329,
0,
'00e0db4978c7467d',
#07/06/2006#,
#07/06/2006#,
4,
0,
'0400000006140044000000000000000000200040002e4000102e4000101400c40000000000000000001000c0002e4000102e400010140280010000000000000000',

'00000000',

'        5 5 4 3 0 4 2 5 1 2 6 4 6 8 5   '
);

INSERT INTO identitytable (Parent_CMID,CM_FirstName,CM_LastName,CM_CompanyName,CM_Type,CM_Attributes,CM_HintField,CM_ExtHintField,CM_FirstNmPrn,CM_LastNmPrn,CM_CompanyNmPrn) VALUES (
233,
'Ke',
'Brickedertand',
NULL,
268440329,
4,
84,
0,
NULL,
NULL,
NULL
);

INSERT INTO phone (CM_Id,CM_PhoneMatching,CM_ExtendedPhoneMatching) VALUES (
233,
5864621,
52403455
);

INSERT INTO contacts (CM_Id,CM_Type,CM_PrefTemplateRefId,CM_UIDString,CM_Last_modified,CM_ContactCreationDate,CM_Attributes,CM_ReplicationCount,CM_Header,CM_TextBlob,CM_SearchableText) VALUES (
234,
268440329,
0,
'00e0db4978c76d8d',
#07/06/2006#,
#07/06/2006#,
4,
0,
'0400000006140044000000000000000000200040002e4000102e4000101400c40000000000000000001000c0002e4000102e400010140280010000000000000000',

'00000000',

'        4 2 4 5 2 0 0 2 1 2 0 2 5 5 5   '
);

INSERT INTO identitytable (Parent_CMID,CM_FirstName,CM_LastName,CM_CompanyName,CM_Type,CM_Attributes,CM_HintField,CM_ExtHintField,CM_FirstNmPrn,CM_LastNmPrn,CM_CompanyNmPrn) VALUES (
234,
'Jargesshenicady',
'Leave',
NULL,
268440329,
4,
84,
0,
NULL,
NULL,
NULL
);

INSERT INTO phone (CM_Id,CM_PhoneMatching,CM_ExtendedPhoneMatching) VALUES (
234,
5552021,
20025424
);

INSERT INTO contacts (CM_Id,CM_Type,CM_PrefTemplateRefId,CM_UIDString,CM_Last_modified,CM_ContactCreationDate,CM_Attributes,CM_ReplicationCount,CM_Header,CM_TextBlob,CM_SearchableText) VALUES (
235,
268440329,
0,
'00e0db4978c7949d',
#07/06/2006#,
#07/06/2006#,
4,
0,
'0400000006140044000000000000000000200040002e4000102e4000101400c40000000000000000001000c0002e4000102e400010140280010000000000000000',

'00000000',

'        0 4 3 8 3 8 1 5 4 1 7 8 6 0 0   '
);

INSERT INTO identitytable (Parent_CMID,CM_FirstName,CM_LastName,CM_CompanyName,CM_Type,CM_Attributes,CM_HintField,CM_ExtHintField,CM_FirstNmPrn,CM_LastNmPrn,CM_CompanyNmPrn) VALUES (
235,
'Lieni',
'MoncNicel',
NULL,
268440329,
4,
84,
0,
NULL,
NULL,
NULL
);

INSERT INTO phone (CM_Id,CM_PhoneMatching,CM_ExtendedPhoneMatching) VALUES (
235,
68714,
51838340
);

INSERT INTO contacts (CM_Id,CM_Type,CM_PrefTemplateRefId,CM_UIDString,CM_Last_modified,CM_ContactCreationDate,CM_Attributes,CM_ReplicationCount,CM_Header,CM_TextBlob,CM_SearchableText) VALUES (
236,
268440329,
0,
'00e0db4978c7bbad',
#07/06/2006#,
#07/06/2006#,
4,
0,
'0400000006140044000000000000000000200040002e4000102e4000101400c40000000000000000001000c0002e4000102e400010140280010000000000000000',

'00000000',

'        7 8 7 0 0 0 3 4 2 1 6 0 0 7 3   '
);

INSERT INTO identitytable (Parent_CMID,CM_FirstName,CM_LastName,CM_CompanyName,CM_Type,CM_Attributes,CM_HintField,CM_ExtHintField,CM_FirstNmPrn,CM_LastNmPrn,CM_CompanyNmPrn) VALUES (
236,
'Dan',
'Hussses',
NULL,
268440329,
4,
84,
0,
NULL,
NULL,
NULL
);

INSERT INTO phone (CM_Id,CM_PhoneMatching,CM_ExtendedPhoneMatching) VALUES (
236,
3700612,
43000787
);

INSERT INTO contacts (CM_Id,CM_Type,CM_PrefTemplateRefId,CM_UIDString,CM_Last_modified,CM_ContactCreationDate,CM_Attributes,CM_ReplicationCount,CM_Header,CM_TextBlob,CM_SearchableText) VALUES (
237,
268440329,
0,
'00e0db4978c7cf35',
#07/06/2006#,
#07/06/2006#,
4,
0,
'0400000006140044000000000000000000200040002e4000102e4000101400c40000000000000000001000c0002e4000102e400010140280010000000000000000',

'00000000',

'        4 0 2 8 3 6 6 2 6 1 7 3 7 6 5   '
);

INSERT INTO identitytable (Parent_CMID,CM_FirstName,CM_LastName,CM_CompanyName,CM_Type,CM_Attributes,CM_HintField,CM_ExtHintField,CM_FirstNmPrn,CM_LastNmPrn,CM_CompanyNmPrn) VALUES (
237,
'Tanus',
'Geosps',
NULL,
268440329,
4,
84,
0,
NULL,
NULL,
NULL
);

INSERT INTO phone (CM_Id,CM_PhoneMatching,CM_ExtendedPhoneMatching) VALUES (
237,
5673716,
26638204
);

INSERT INTO contacts (CM_Id,CM_Type,CM_PrefTemplateRefId,CM_UIDString,CM_Last_modified,CM_ContactCreationDate,CM_Attributes,CM_ReplicationCount,CM_Header,CM_TextBlob,CM_SearchableText) VALUES (
238,
268440329,
0,
'00e0db4978c8027a',
#07/06/2006#,
#07/06/2006#,
4,
0,
'0400000006140044000000000000000000200040002e4000102e4000101400c40000000000000000001000c0002e4000102e400010140280010000000000000000',

'00000000',

'        2 5 8 5 3 6 0 5 5 4 6 8 8 5 0   '
);

INSERT INTO identitytable (Parent_CMID,CM_FirstName,CM_LastName,CM_CompanyName,CM_Type,CM_Attributes,CM_HintField,CM_ExtHintField,CM_FirstNmPrn,CM_LastNmPrn,CM_CompanyNmPrn) VALUES (
238,
'Denagnnrd',
'Okow',
NULL,
268440329,
4,
84,
0,
NULL,
NULL,
NULL
);

INSERT INTO phone (CM_Id,CM_PhoneMatching,CM_ExtendedPhoneMatching) VALUES (
238,
588645,
50635852
);

INSERT INTO contacts (CM_Id,CM_Type,CM_PrefTemplateRefId,CM_UIDString,CM_Last_modified,CM_ContactCreationDate,CM_Attributes,CM_ReplicationCount,CM_Header,CM_TextBlob,CM_SearchableText) VALUES (
239,
268440329,
0,
'00e0db4978c81602',
#07/06/2006#,
#07/06/2006#,
4,
0,
'0400000006140044000000000000000000200040002e4000102e4000101400c40000000000000000001000c0002e4000102e400010140280010000000000000000',

'00000000',

'        0 2 7 5 6 5 2 7 3 1 0 6 3 5 8   '
);

INSERT INTO identitytable (Parent_CMID,CM_FirstName,CM_LastName,CM_CompanyName,CM_Type,CM_Attributes,CM_HintField,CM_ExtHintField,CM_FirstNmPrn,CM_LastNmPrn,CM_CompanyNmPrn) VALUES (
239,
'Mabik',
'Okuzarl',
NULL,
268440329,
4,
84,
0,
NULL,
NULL,
NULL
);

INSERT INTO phone (CM_Id,CM_PhoneMatching,CM_ExtendedPhoneMatching) VALUES (
239,
8536013,
72565720
);

INSERT INTO contacts (CM_Id,CM_Type,CM_PrefTemplateRefId,CM_UIDString,CM_Last_modified,CM_ContactCreationDate,CM_Attributes,CM_ReplicationCount,CM_Header,CM_TextBlob,CM_SearchableText) VALUES (
240,
268440329,
0,
'00e0db4978c8509a',
#07/06/2006#,
#07/06/2006#,
4,
0,
'0400000006140044000000000000000000200040002e4000102e4000101400c40000000000000000001000c0002e4000102e400010140280010000000000000000',

'00000000',

'        1 6 6 7 8 4 2 2 2 1 4 6 4 1 1   '
);

INSERT INTO identitytable (Parent_CMID,CM_FirstName,CM_LastName,CM_CompanyName,CM_Type,CM_Attributes,CM_HintField,CM_ExtHintField,CM_FirstNmPrn,CM_LastNmPrn,CM_CompanyNmPrn) VALUES (
240,
'Adewalyary',
'Buradesorobbrerans',
NULL,
268440329,
4,
84,
0,
NULL,
NULL,
NULL
);

INSERT INTO phone (CM_Id,CM_PhoneMatching,CM_ExtendedPhoneMatching) VALUES (
240,
1146412,
22487661
);

INSERT INTO contacts (CM_Id,CM_Type,CM_PrefTemplateRefId,CM_UIDString,CM_Last_modified,CM_ContactCreationDate,CM_Attributes,CM_ReplicationCount,CM_Header,CM_TextBlob,CM_SearchableText) VALUES (
241,
268440329,
0,
'00e0db4978c877aa',
#07/06/2006#,
#07/06/2006#,
4,
0,
'0400000006140044000000000000000000200040002e4000102e4000101400c40000000000000000001000c0002e4000102e400010140280010000000000000000',

'00000000',

'        0 0 7 4 2 0 2 3 6 6 4 6 8 6 4   '
);

INSERT INTO identitytable (Parent_CMID,CM_FirstName,CM_LastName,CM_CompanyName,CM_Type,CM_Attributes,CM_HintField,CM_ExtHintField,CM_FirstNmPrn,CM_LastNmPrn,CM_CompanyNmPrn) VALUES (
241,
'Hen-',
'Frdsti',
NULL,
268440329,
4,
84,
0,
NULL,
NULL,
NULL
);

INSERT INTO phone (CM_Id,CM_PhoneMatching,CM_ExtendedPhoneMatching) VALUES (
241,
4686466,
32024700
);

INSERT INTO contacts (CM_Id,CM_Type,CM_PrefTemplateRefId,CM_UIDString,CM_Last_modified,CM_ContactCreationDate,CM_Attributes,CM_ReplicationCount,CM_Header,CM_TextBlob,CM_SearchableText) VALUES (
242,
268440329,
0,
'00e0db4978c8b995',
#07/06/2006#,
#07/06/2006#,
4,
0,
'0400000006140044000000000000000000200040002e4000102e4000101400c40000000000000000001000c0002e4000102e400010140280010000000000000000',

'00000000',

'        0 7 6 5 2 3 6 4 6 6 0 1 6 6 5   '
);

INSERT INTO identitytable (Parent_CMID,CM_FirstName,CM_LastName,CM_CompanyName,CM_Type,CM_Attributes,CM_HintField,CM_ExtHintField,CM_FirstNmPrn,CM_LastNmPrn,CM_CompanyNmPrn) VALUES (
242,
'Darik',
'Tu',
NULL,
268440329,
4,
84,
0,
NULL,
NULL,
NULL
);

INSERT INTO phone (CM_Id,CM_PhoneMatching,CM_ExtendedPhoneMatching) VALUES (
242,
5661066,
46325670
);

INSERT INTO contacts (CM_Id,CM_Type,CM_PrefTemplateRefId,CM_UIDString,CM_Last_modified,CM_ContactCreationDate,CM_Attributes,CM_ReplicationCount,CM_Header,CM_TextBlob,CM_SearchableText) VALUES (
243,
268440329,
0,
'00e0db4978c8cd1d',
#07/06/2006#,
#07/06/2006#,
4,
0,
'0400000006140044000000000000000000200040002e4000102e4000101400c40000000000000000001000c0002e4000102e400010140280010000000000000000',

'00000000',

'        7 1 8 3 4 7 3 3 1 7 2 4 6 6 6   '
);

INSERT INTO identitytable (Parent_CMID,CM_FirstName,CM_LastName,CM_CompanyName,CM_Type,CM_Attributes,CM_HintField,CM_ExtHintField,CM_FirstNmPrn,CM_LastNmPrn,CM_CompanyNmPrn) VALUES (
243,
'Mundyohe',
'Rerk',
NULL,
268440329,
4,
84,
0,
NULL,
NULL,
NULL
);

INSERT INTO phone (CM_Id,CM_PhoneMatching,CM_ExtendedPhoneMatching) VALUES (
243,
6664271,
33743817
);

INSERT INTO contacts (CM_Id,CM_Type,CM_PrefTemplateRefId,CM_UIDString,CM_Last_modified,CM_ContactCreationDate,CM_Attributes,CM_ReplicationCount,CM_Header,CM_TextBlob,CM_SearchableText) VALUES (
244,
268440329,
0,
'00e0db4978c8f42d',
#07/06/2006#,
#07/06/2006#,
4,
0,
'0400000006140044000000000000000000200040002e4000102e4000101400c40000000000000000001000c0002e4000102e400010140280010000000000000000',

'00000000',

'        7 6 7 2 8 5 4 0 8 5 7 7 8 1 3   '
);

INSERT INTO identitytable (Parent_CMID,CM_FirstName,CM_LastName,CM_CompanyName,CM_Type,CM_Attributes,CM_HintField,CM_ExtHintField,CM_FirstNmPrn,CM_LastNmPrn,CM_CompanyNmPrn) VALUES (
244,
'Iatew',
'Hend',
NULL,
268440329,
4,
84,
0,
NULL,
NULL,
NULL
);

INSERT INTO phone (CM_Id,CM_PhoneMatching,CM_ExtendedPhoneMatching) VALUES (
244,
3187758,
4582767
);

INSERT INTO contacts (CM_Id,CM_Type,CM_PrefTemplateRefId,CM_UIDString,CM_Last_modified,CM_ContactCreationDate,CM_Attributes,CM_ReplicationCount,CM_Header,CM_TextBlob,CM_SearchableText) VALUES (
245,
268440329,
0,
'00e0db4978c91b3d',
#07/06/2006#,
#07/06/2006#,
4,
0,
'0400000006140044000000000000000000200040002e4000102e4000101400c40000000000000000001000c0002e4000102e400010140280010000000000000000',

'00000000',

'        8 8 5 7 5 2 2 6 1 1 2 7 6 2 4   '
);

INSERT INTO identitytable (Parent_CMID,CM_FirstName,CM_LastName,CM_CompanyName,CM_Type,CM_Attributes,CM_HintField,CM_ExtHintField,CM_FirstNmPrn,CM_LastNmPrn,CM_CompanyNmPrn) VALUES (
245,
'Jodhn',
'Maradonj',
NULL,
268440329,
4,
84,
0,
NULL,
NULL,
NULL
);

INSERT INTO phone (CM_Id,CM_PhoneMatching,CM_ExtendedPhoneMatching) VALUES (
245,
4267211,
62257588
);

INSERT INTO contacts (CM_Id,CM_Type,CM_PrefTemplateRefId,CM_UIDString,CM_Last_modified,CM_ContactCreationDate,CM_Attributes,CM_ReplicationCount,CM_Header,CM_TextBlob,CM_SearchableText) VALUES (
246,
268440329,
0,
'00e0db4978c9424d',
#07/06/2006#,
#07/06/2006#,
4,
0,
'0400000006140044000000000000000000200040002e4000102e4000101400c40000000000000000001000c0002e4000102e400010140280010000000000000000',

'00000000',

'        3 6 2 5 1 5 7 0 3 2 4 3 0 3 5   '
);

INSERT INTO identitytable (Parent_CMID,CM_FirstName,CM_LastName,CM_CompanyName,CM_Type,CM_Attributes,CM_HintField,CM_ExtHintField,CM_FirstNmPrn,CM_LastNmPrn,CM_CompanyNmPrn) VALUES (
246,
'Situzibelerlik',
'Kravensams',
NULL,
268440329,
4,
84,
0,
NULL,
NULL,
NULL
);

INSERT INTO phone (CM_Id,CM_PhoneMatching,CM_ExtendedPhoneMatching) VALUES (
246,
5303423,
7515263
);

INSERT INTO contacts (CM_Id,CM_Type,CM_PrefTemplateRefId,CM_UIDString,CM_Last_modified,CM_ContactCreationDate,CM_Attributes,CM_ReplicationCount,CM_Header,CM_TextBlob,CM_SearchableText) VALUES (
247,
268440329,
0,
'00e0db4978c9695d',
#07/06/2006#,
#07/06/2006#,
4,
0,
'0400000006140044000000000000000000200040002e4000102e4000101400c40000000000000000001000c0002e4000102e400010140280010000000000000000',

'00000000',

'        3 3 3 0 4 6 0 4 1 6 6 7 8 3 6   '
);

INSERT INTO identitytable (Parent_CMID,CM_FirstName,CM_LastName,CM_CompanyName,CM_Type,CM_Attributes,CM_HintField,CM_ExtHintField,CM_FirstNmPrn,CM_LastNmPrn,CM_CompanyNmPrn) VALUES (
247,
'El',
'Sy',
NULL,
268440329,
4,
84,
0,
NULL,
NULL,
NULL
);

INSERT INTO phone (CM_Id,CM_PhoneMatching,CM_ExtendedPhoneMatching) VALUES (
247,
6387661,
40640333
);

INSERT INTO contacts (CM_Id,CM_Type,CM_PrefTemplateRefId,CM_UIDString,CM_Last_modified,CM_ContactCreationDate,CM_Attributes,CM_ReplicationCount,CM_Header,CM_TextBlob,CM_SearchableText) VALUES (
248,
268440329,
0,
'00e0db4978c9906d',
#07/06/2006#,
#07/06/2006#,
4,
0,
'0400000006140044000000000000000000200040002e4000102e4000101400c40000000000000000001000c0002e4000102e400010140280010000000000000000',

'00000000',

'        1 2 5 8 1 2 2 1 8 0 6 5 1 7 5   '
);

INSERT INTO identitytable (Parent_CMID,CM_FirstName,CM_LastName,CM_CompanyName,CM_Type,CM_Attributes,CM_HintField,CM_ExtHintField,CM_FirstNmPrn,CM_LastNmPrn,CM_CompanyNmPrn) VALUES (
248,
'Iativile',
'Kiks',
NULL,
268440329,
4,
84,
0,
NULL,
NULL,
NULL
);

INSERT INTO phone (CM_Id,CM_PhoneMatching,CM_ExtendedPhoneMatching) VALUES (
248,
5715608,
12218521
);

INSERT INTO contacts (CM_Id,CM_Type,CM_PrefTemplateRefId,CM_UIDString,CM_Last_modified,CM_ContactCreationDate,CM_Attributes,CM_ReplicationCount,CM_Header,CM_TextBlob,CM_SearchableText) VALUES (
249,
268440329,
0,
'00e0db4978c9b77d',
#07/06/2006#,
#07/06/2006#,
4,
0,
'0400000006140044000000000000000000200040002e4000102e4000101400c40000000000000000001000c0002e4000102e400010140280010000000000000000',

'00000000',

'        1 4 6 1 8 7 5 8 6 3 1 0 8 4 0   '
);

INSERT INTO identitytable (Parent_CMID,CM_FirstName,CM_LastName,CM_CompanyName,CM_Type,CM_Attributes,CM_HintField,CM_ExtHintField,CM_FirstNmPrn,CM_LastNmPrn,CM_CompanyNmPrn) VALUES (
249,
'Suzimekik',
'Britsomavovs',
NULL,
268440329,
4,
84,
0,
NULL,
NULL,
NULL
);

INSERT INTO phone (CM_Id,CM_PhoneMatching,CM_ExtendedPhoneMatching) VALUES (
249,
480136,
85781641
);

INSERT INTO contacts (CM_Id,CM_Type,CM_PrefTemplateRefId,CM_UIDString,CM_Last_modified,CM_ContactCreationDate,CM_Attributes,CM_ReplicationCount,CM_Header,CM_TextBlob,CM_SearchableText) VALUES (
250,
268440329,
0,
'00e0db4978c9de8d',
#07/06/2006#,
#07/06/2006#,
4,
0,
'0400000006140044000000000000000000200040002e4000102e4000101400c40000000000000000001000c0002e4000102e400010140280010000000000000000',

'00000000',

'        5 0 7 6 4 8 6 8 0 3 2 6 5 8 1   '
);

INSERT INTO identitytable (Parent_CMID,CM_FirstName,CM_LastName,CM_CompanyName,CM_Type,CM_Attributes,CM_HintField,CM_ExtHintField,CM_FirstNmPrn,CM_LastNmPrn,CM_CompanyNmPrn) VALUES (
250,
'Fell',
'Bouphies',
NULL,
268440329,
4,
84,
0,
NULL,
NULL,
NULL
);

INSERT INTO phone (CM_Id,CM_PhoneMatching,CM_ExtendedPhoneMatching) VALUES (
250,
1856230,
86846705
);

INSERT INTO contacts (CM_Id,CM_Type,CM_PrefTemplateRefId,CM_UIDString,CM_Last_modified,CM_ContactCreationDate,CM_Attributes,CM_ReplicationCount,CM_Header,CM_TextBlob,CM_SearchableText) VALUES (
251,
268440329,
0,
'00e0db4978ca059d',
#07/06/2006#,
#07/06/2006#,
4,
0,
'0400000006140044000000000000000000200040002e4000102e4000101400c40000000000000000001000c0002e4000102e400010140280010000000000000000',

'00000000',

'        2 4 1 4 3 1 2 0 8 1 0 3 8 3 7   '
);

INSERT INTO identitytable (Parent_CMID,CM_FirstName,CM_LastName,CM_CompanyName,CM_Type,CM_Attributes,CM_HintField,CM_ExtHintField,CM_FirstNmPrn,CM_LastNmPrn,CM_CompanyNmPrn) VALUES (
251,
'Al',
'Wanngsobivingshirilddbiawicess',
NULL,
268440329,
4,
84,
0,
NULL,
NULL,
NULL
);

INSERT INTO phone (CM_Id,CM_PhoneMatching,CM_ExtendedPhoneMatching) VALUES (
251,
7383018,
2134142
);

INSERT INTO contacts (CM_Id,CM_Type,CM_PrefTemplateRefId,CM_UIDString,CM_Last_modified,CM_ContactCreationDate,CM_Attributes,CM_ReplicationCount,CM_Header,CM_TextBlob,CM_SearchableText) VALUES (
252,
268440329,
0,
'00e0db4978ca2cad',
#07/06/2006#,
#07/06/2006#,
4,
0,
'0400000006140044000000000000000000200040002e4000102e4000101400c40000000000000000001000c0002e4000102e400010140280010000000000000000',

'00000000',

'        2 6 8 2 4 1 4 0 3 7 8 3 4 1 8   '
);

INSERT INTO identitytable (Parent_CMID,CM_FirstName,CM_LastName,CM_CompanyName,CM_Type,CM_Attributes,CM_HintField,CM_ExtHintField,CM_FirstNmPrn,CM_LastNmPrn,CM_CompanyNmPrn) VALUES (
252,
'Moalileks',
'Vidlkilens',
NULL,
268440329,
4,
84,
0,
NULL,
NULL,
NULL
);

INSERT INTO phone (CM_Id,CM_PhoneMatching,CM_ExtendedPhoneMatching) VALUES (
252,
8143873,
4142862
);

INSERT INTO contacts (CM_Id,CM_Type,CM_PrefTemplateRefId,CM_UIDString,CM_Last_modified,CM_ContactCreationDate,CM_Attributes,CM_ReplicationCount,CM_Header,CM_TextBlob,CM_SearchableText) VALUES (
253,
268440329,
0,
'00e0db4978ca53bd',
#07/06/2006#,
#07/06/2006#,
4,
0,
'0400000006140044000000000000000000200040002e4000102e4000101400c40000000000000000001000c0002e4000102e400010140280010000000000000000',

'00000000',

'        6 7 0 6 4 7 0 7 3 5 1 6 5 5 0   '
);

INSERT INTO identitytable (Parent_CMID,CM_FirstName,CM_LastName,CM_CompanyName,CM_Type,CM_Attributes,CM_HintField,CM_ExtHintField,CM_FirstNmPrn,CM_LastNmPrn,CM_CompanyNmPrn) VALUES (
253,
'Man',
'Hass',
NULL,
268440329,
4,
84,
0,
NULL,
NULL,
NULL
);

INSERT INTO phone (CM_Id,CM_PhoneMatching,CM_ExtendedPhoneMatching) VALUES (
253,
556153,
70746076
);

INSERT INTO contacts (CM_Id,CM_Type,CM_PrefTemplateRefId,CM_UIDString,CM_Last_modified,CM_ContactCreationDate,CM_Attributes,CM_ReplicationCount,CM_Header,CM_TextBlob,CM_SearchableText) VALUES (
254,
268440329,
0,
'00e0db4978ca6745',
#07/06/2006#,
#07/06/2006#,
4,
0,
'0400000006140044000000000000000000200040002e4000102e4000101400c40000000000000000001000c0002e4000102e400010140280010000000000000000',

'00000000',

'        7 8 8 7 7 6 5 8 2 6 5 0 2 6 7   '
);

INSERT INTO identitytable (Parent_CMID,CM_FirstName,CM_LastName,CM_CompanyName,CM_Type,CM_Attributes,CM_HintField,CM_ExtHintField,CM_FirstNmPrn,CM_LastNmPrn,CM_CompanyNmPrn) VALUES (
254,
'Man',
'Haz',
NULL,
268440329,
4,
84,
0,
NULL,
NULL,
NULL
);

INSERT INTO phone (CM_Id,CM_PhoneMatching,CM_ExtendedPhoneMatching) VALUES (
254,
7620562,
85677887
);

INSERT INTO contacts (CM_Id,CM_Type,CM_PrefTemplateRefId,CM_UIDString,CM_Last_modified,CM_ContactCreationDate,CM_Attributes,CM_ReplicationCount,CM_Header,CM_TextBlob,CM_SearchableText) VALUES (
255,
268440329,
0,
'00e0db4978ca8e55',
#07/06/2006#,
#07/06/2006#,
4,
0,
'0400000006140044000000000000000000200040002e4000102e4000101400c40000000000000000001000c0002e4000102e400010140280010000000000000000',

'00000000',

'        4 4 5 0 8 3 0 4 2 3 4 4 3 7 2   '
);

INSERT INTO identitytable (Parent_CMID,CM_FirstName,CM_LastName,CM_CompanyName,CM_Type,CM_Attributes,CM_HintField,CM_ExtHintField,CM_FirstNmPrn,CM_LastNmPrn,CM_CompanyNmPrn) VALUES (
255,
'Shanyl',
'We',
NULL,
268440329,
4,
84,
0,
NULL,
NULL,
NULL
);

INSERT INTO phone (CM_Id,CM_PhoneMatching,CM_ExtendedPhoneMatching) VALUES (
255,
2734432,
40380544
);


INSERT INTO contacts (CM_Id,CM_Type,CM_PrefTemplateRefId,CM_UIDString,CM_Last_modified,CM_ContactCreationDate,CM_Attributes,CM_ReplicationCount,CM_Header,CM_TextBlob,CM_SearchableText) VALUES (
256,
268440329,
0,
'00e0db4978cab565',
#07/06/2006#,
#07/06/2006#,
4,
0,
'0400000006140044000000000000000000200040002e4000102e4000101400c40000000000000000001000c0002e4000102e400010140280010000000000000000',

'00000000',

'        5 7 6 3 1 5 2 8 6 6 5 1 8 6 7   '
);

INSERT INTO identitytable (Parent_CMID,CM_FirstName,CM_LastName,CM_CompanyName,CM_Type,CM_Attributes,CM_HintField,CM_ExtHintField,CM_FirstNmPrn,CM_LastNmPrn,CM_CompanyNmPrn) VALUES (
256,
'Mantiko',
'Tobbellaskshittz',
NULL,
268440329,
4,
84,
0,
NULL,
NULL,
NULL
);

INSERT INTO phone (CM_Id,CM_PhoneMatching,CM_ExtendedPhoneMatching) VALUES (
256,
7681566,
82513675
);

INSERT INTO contacts (CM_Id,CM_Type,CM_PrefTemplateRefId,CM_UIDString,CM_Last_modified,CM_ContactCreationDate,CM_Attributes,CM_ReplicationCount,CM_Header,CM_TextBlob,CM_SearchableText) VALUES (
257,
268440329,
0,
'00e0db4978cb170d',
#07/06/2006#,
#07/06/2006#,
4,
0,
'0400000006140044000000000000000000200040002e4000102e4000101400c40000000000000000001000c0002e4000102e400010140280010000000000000000',

'00000000',

'        3 8 7 8 2 4 3 3 6 6 3 3 0 5 2   '
);

INSERT INTO identitytable (Parent_CMID,CM_FirstName,CM_LastName,CM_CompanyName,CM_Type,CM_Attributes,CM_HintField,CM_ExtHintField,CM_FirstNmPrn,CM_LastNmPrn,CM_CompanyNmPrn) VALUES (
257,
'Joldan',
'Misonialonss',
NULL,
268440329,
4,
84,
0,
NULL,
NULL,
NULL
);

INSERT INTO phone (CM_Id,CM_PhoneMatching,CM_ExtendedPhoneMatching) VALUES (
257,
2503366,
33428783
);

INSERT INTO contacts (CM_Id,CM_Type,CM_PrefTemplateRefId,CM_UIDString,CM_Last_modified,CM_ContactCreationDate,CM_Attributes,CM_ReplicationCount,CM_Header,CM_TextBlob,CM_SearchableText) VALUES (
258,
268440329,
0,
'00e0db4978cb3e1d',
#07/06/2006#,
#07/06/2006#,
4,
0,
'0400000006140044000000000000000000200040002e4000102e4000101400c40000000000000000001000c0002e4000102e400010140280010000000000000000',

'00000000',

'        8 1 4 4 2 1 0 0 0 2 5 6 5 7 6   '
);

INSERT INTO identitytable (Parent_CMID,CM_FirstName,CM_LastName,CM_CompanyName,CM_Type,CM_Attributes,CM_HintField,CM_ExtHintField,CM_FirstNmPrn,CM_LastNmPrn,CM_CompanyNmPrn) VALUES (
258,
'Olewail',
'Lavi',
NULL,
268440329,
4,
84,
0,
NULL,
NULL,
NULL
);

INSERT INTO phone (CM_Id,CM_PhoneMatching,CM_ExtendedPhoneMatching) VALUES (
258,
6756520,
124418
);

INSERT INTO contacts (CM_Id,CM_Type,CM_PrefTemplateRefId,CM_UIDString,CM_Last_modified,CM_ContactCreationDate,CM_Attributes,CM_ReplicationCount,CM_Header,CM_TextBlob,CM_SearchableText) VALUES (
259,
268440329,
0,
'00e0db4978cb652d',
#07/06/2006#,
#07/06/2006#,
4,
0,
'0400000006140044000000000000000000200040002e4000102e4000101400c40000000000000000001000c0002e4000102e400010140280010000000000000000',

'00000000',

'        1 4 6 2 1 8 3 1 4 2 1 3 6 1 2   '
);

INSERT INTO identitytable (Parent_CMID,CM_FirstName,CM_LastName,CM_CompanyName,CM_Type,CM_Attributes,CM_HintField,CM_ExtHintField,CM_FirstNmPrn,CM_LastNmPrn,CM_CompanyNmPrn) VALUES (
259,
'Sti',
'Kedondde',
NULL,
268440329,
4,
84,
0,
NULL,
NULL,
NULL
);

INSERT INTO phone (CM_Id,CM_PhoneMatching,CM_ExtendedPhoneMatching) VALUES (
259,
2163124,
13812641
);

INSERT INTO contacts (CM_Id,CM_Type,CM_PrefTemplateRefId,CM_UIDString,CM_Last_modified,CM_ContactCreationDate,CM_Attributes,CM_ReplicationCount,CM_Header,CM_TextBlob,CM_SearchableText) VALUES (
260,
268440329,
0,
'00e0db4978cb78b5',
#07/06/2006#,
#07/06/2006#,
4,
0,
'0400000006140044000000000000000000200040002e4000102e4000101400c40000000000000000001000c0002e4000102e400010140280010000000000000000',

'00000000',

'        2 4 0 2 7 3 4 0 4 2 5 4 4 8 3   '
);

INSERT INTO identitytable (Parent_CMID,CM_FirstName,CM_LastName,CM_CompanyName,CM_Type,CM_Attributes,CM_HintField,CM_ExtHintField,CM_FirstNmPrn,CM_LastNmPrn,CM_CompanyNmPrn) VALUES (
260,
'Hobi',
'Rinjurebakechonnssolgi',
NULL,
268440329,
4,
84,
0,
NULL,
NULL,
NULL
);

INSERT INTO phone (CM_Id,CM_PhoneMatching,CM_ExtendedPhoneMatching) VALUES (
260,
3844524,
4372042
);

INSERT INTO contacts (CM_Id,CM_Type,CM_PrefTemplateRefId,CM_UIDString,CM_Last_modified,CM_ContactCreationDate,CM_Attributes,CM_ReplicationCount,CM_Header,CM_TextBlob,CM_SearchableText) VALUES (
261,
268440329,
0,
'00e0db4978cb9fc5',
#07/06/2006#,
#07/06/2006#,
4,
0,
'0400000006140044000000000000000000200040002e4000102e4000101400c40000000000000000001000c0002e4000102e400010140280010000000000000000',

'00000000',

'        7 1 4 4 7 3 4 7 6 4 2 3 0 7 7   '
);

INSERT INTO identitytable (Parent_CMID,CM_FirstName,CM_LastName,CM_CompanyName,CM_Type,CM_Attributes,CM_HintField,CM_ExtHintField,CM_FirstNmPrn,CM_LastNmPrn,CM_CompanyNmPrn) VALUES (
261,
'Jon',
'Lat',
NULL,
268440329,
4,
84,
0,
NULL,
NULL,
NULL
);

INSERT INTO phone (CM_Id,CM_PhoneMatching,CM_ExtendedPhoneMatching) VALUES (
261,
7703246,
74374417
);

INSERT INTO contacts (CM_Id,CM_Type,CM_PrefTemplateRefId,CM_UIDString,CM_Last_modified,CM_ContactCreationDate,CM_Attributes,CM_ReplicationCount,CM_Header,CM_TextBlob,CM_SearchableText) VALUES (
262,
268440329,
0,
'00e0db4978cbc6d5',
#07/06/2006#,
#07/06/2006#,
4,
0,
'0400000006140044000000000000000000200040002e4000102e4000101400c40000000000000000001000c0002e4000102e400010140280010000000000000000',

'00000000',

'        8 8 2 0 5 3 3 8 4 6 7 1 1 8 4   '
);

INSERT INTO identitytable (Parent_CMID,CM_FirstName,CM_LastName,CM_CompanyName,CM_Type,CM_Attributes,CM_HintField,CM_ExtHintField,CM_FirstNmPrn,CM_LastNmPrn,CM_CompanyNmPrn) VALUES (
262,
'Ra',
'Lusieing',
NULL,
268440329,
4,
84,
0,
NULL,
NULL,
NULL
);

INSERT INTO phone (CM_Id,CM_PhoneMatching,CM_ExtendedPhoneMatching) VALUES (
262,
4811764,
83350288
);

INSERT INTO contacts (CM_Id,CM_Type,CM_PrefTemplateRefId,CM_UIDString,CM_Last_modified,CM_ContactCreationDate,CM_Attributes,CM_ReplicationCount,CM_Header,CM_TextBlob,CM_SearchableText) VALUES (
263,
268440329,
0,
'00e0db4978cbede5',
#07/06/2006#,
#07/06/2006#,
4,
0,
'0400000006140044000000000000000000200040002e4000102e4000101400c40000000000000000001000c0002e4000102e400010140280010000000000000000',

'00000000',

'        2 2 8 3 3 1 6 8 7 0 1 8 2 0 3   '
);

INSERT INTO identitytable (Parent_CMID,CM_FirstName,CM_LastName,CM_CompanyName,CM_Type,CM_Attributes,CM_HintField,CM_ExtHintField,CM_FirstNmPrn,CM_LastNmPrn,CM_CompanyNmPrn) VALUES (
263,
'Jeb',
'Swerriad',
NULL,
268440329,
4,
84,
0,
NULL,
NULL,
NULL
);

INSERT INTO phone (CM_Id,CM_PhoneMatching,CM_ExtendedPhoneMatching) VALUES (
263,
3028107,
86133822
);

INSERT INTO contacts (CM_Id,CM_Type,CM_PrefTemplateRefId,CM_UIDString,CM_Last_modified,CM_ContactCreationDate,CM_Attributes,CM_ReplicationCount,CM_Header,CM_TextBlob,CM_SearchableText) VALUES (
264,
268440329,
0,
'00e0db4978cc016d',
#07/06/2006#,
#07/06/2006#,
4,
0,
'0400000006140044000000000000000000200040002e4000102e4000101400c40000000000000000001000c0002e4000102e400010140280010000000000000000',

'00000000',

'        3 0 8 4 7 5 7 4 5 6 1 1 7 1 1   '
);

INSERT INTO identitytable (Parent_CMID,CM_FirstName,CM_LastName,CM_CompanyName,CM_Type,CM_Attributes,CM_HintField,CM_ExtHintField,CM_FirstNmPrn,CM_LastNmPrn,CM_CompanyNmPrn) VALUES (
264,
'Anariain',
'Lal',
NULL,
268440329,
4,
84,
0,
NULL,
NULL,
NULL
);

INSERT INTO phone (CM_Id,CM_PhoneMatching,CM_ExtendedPhoneMatching) VALUES (
264,
1171165,
47574803
);

INSERT INTO contacts (CM_Id,CM_Type,CM_PrefTemplateRefId,CM_UIDString,CM_Last_modified,CM_ContactCreationDate,CM_Attributes,CM_ReplicationCount,CM_Header,CM_TextBlob,CM_SearchableText) VALUES (
265,
268440329,
0,
'00e0db4978cc287d',
#07/06/2006#,
#07/06/2006#,
4,
0,
'0400000006140044000000000000000000200040002e4000102e4000101400c40000000000000000001000c0002e4000102e400010140280010000000000000000',

'00000000',

'        6 2 3 4 5 6 8 8 6 0 6 4 7 6 6   '
);

INSERT INTO identitytable (Parent_CMID,CM_FirstName,CM_LastName,CM_CompanyName,CM_Type,CM_Attributes,CM_HintField,CM_ExtHintField,CM_FirstNmPrn,CM_LastNmPrn,CM_CompanyNmPrn) VALUES (
265,
'Brkomiky',
'Dar',
NULL,
268440329,
4,
84,
0,
NULL,
NULL,
NULL
);

INSERT INTO phone (CM_Id,CM_PhoneMatching,CM_ExtendedPhoneMatching) VALUES (
265,
6674606,
88654326
);

INSERT INTO contacts (CM_Id,CM_Type,CM_PrefTemplateRefId,CM_UIDString,CM_Last_modified,CM_ContactCreationDate,CM_Attributes,CM_ReplicationCount,CM_Header,CM_TextBlob,CM_SearchableText) VALUES (
266,
268440329,
0,
'00e0db4978cc4f8d',
#07/06/2006#,
#07/06/2006#,
4,
0,
'0400000006140044000000000000000000200040002e4000102e4000101400c40000000000000000001000c0002e4000102e400010140280010000000000000000',

'00000000',

'        7 2 8 0 1 3 1 7 6 2 3 4 0 4 3   '
);

INSERT INTO identitytable (Parent_CMID,CM_FirstName,CM_LastName,CM_CompanyName,CM_Type,CM_Attributes,CM_HintField,CM_ExtHintField,CM_FirstNmPrn,CM_LastNmPrn,CM_CompanyNmPrn) VALUES (
266,
'Sonerdalmon',
'Bo',
NULL,
268440329,
4,
84,
0,
NULL,
NULL,
NULL
);

INSERT INTO phone (CM_Id,CM_PhoneMatching,CM_ExtendedPhoneMatching) VALUES (
266,
3404326,
71310827
);

INSERT INTO contacts (CM_Id,CM_Type,CM_PrefTemplateRefId,CM_UIDString,CM_Last_modified,CM_ContactCreationDate,CM_Attributes,CM_ReplicationCount,CM_Header,CM_TextBlob,CM_SearchableText) VALUES (
267,
268440329,
0,
'00e0db4978cc6315',
#07/06/2006#,
#07/06/2006#,
4,
0,
'0400000006140044000000000000000000200040002e4000102e4000101400c40000000000000000001000c0002e4000102e400010140280010000000000000000',

'00000000',

'        6 8 5 0 4 6 3 4 0 4 3 7 3 1 7   '
);

INSERT INTO identitytable (Parent_CMID,CM_FirstName,CM_LastName,CM_CompanyName,CM_Type,CM_Attributes,CM_HintField,CM_ExtHintField,CM_FirstNmPrn,CM_LastNmPrn,CM_CompanyNmPrn) VALUES (
267,
'Gulind',
'La',
NULL,
268440329,
4,
84,
0,
NULL,
NULL,
NULL
);

INSERT INTO phone (CM_Id,CM_PhoneMatching,CM_ExtendedPhoneMatching) VALUES (
267,
7137340,
43640586
);

INSERT INTO contacts (CM_Id,CM_Type,CM_PrefTemplateRefId,CM_UIDString,CM_Last_modified,CM_ContactCreationDate,CM_Attributes,CM_ReplicationCount,CM_Header,CM_TextBlob,CM_SearchableText) VALUES (
268,
268440329,
0,
'00e0db4978cc8a25',
#07/06/2006#,
#07/06/2006#,
4,
0,
'0400000006140044000000000000000000200040002e4000102e4000101400c40000000000000000001000c0002e4000102e400010140280010000000000000000',

'00000000',

'        5 3 7 6 5 7 4 8 5 6 5 4 0 6 5   '
);

INSERT INTO identitytable (Parent_CMID,CM_FirstName,CM_LastName,CM_CompanyName,CM_Type,CM_Attributes,CM_HintField,CM_ExtHintField,CM_FirstNmPrn,CM_LastNmPrn,CM_CompanyNmPrn) VALUES (
268,
'Chnamiee',
'Loheel',
NULL,
268440329,
4,
84,
0,
NULL,
NULL,
NULL
);

INSERT INTO phone (CM_Id,CM_PhoneMatching,CM_ExtendedPhoneMatching) VALUES (
268,
5604565,
84756735
);

INSERT INTO contacts (CM_Id,CM_Type,CM_PrefTemplateRefId,CM_UIDString,CM_Last_modified,CM_ContactCreationDate,CM_Attributes,CM_ReplicationCount,CM_Header,CM_TextBlob,CM_SearchableText) VALUES (
269,
268440329,
0,
'00e0db4978ccb135',
#07/06/2006#,
#07/06/2006#,
4,
0,
'0400000006140044000000000000000000200040002e4000102e4000101400c40000000000000000001000c0002e4000102e400010140280010000000000000000',

'00000000',

'        8 7 4 0 5 4 4 4 7 7 4 6 4 1 6   '
);

INSERT INTO identitytable (Parent_CMID,CM_FirstName,CM_LastName,CM_CompanyName,CM_Type,CM_Attributes,CM_HintField,CM_ExtHintField,CM_FirstNmPrn,CM_LastNmPrn,CM_CompanyNmPrn) VALUES (
269,
'Ankay',
'Hertepaukpanttelat',
NULL,
268440329,
4,
84,
0,
NULL,
NULL,
NULL
);

INSERT INTO phone (CM_Id,CM_PhoneMatching,CM_ExtendedPhoneMatching) VALUES (
269,
6146477,
44450478
);

INSERT INTO contacts (CM_Id,CM_Type,CM_PrefTemplateRefId,CM_UIDString,CM_Last_modified,CM_ContactCreationDate,CM_Attributes,CM_ReplicationCount,CM_Header,CM_TextBlob,CM_SearchableText) VALUES (
270,
268440329,
0,
'00e0db4978ccd845',
#07/06/2006#,
#07/06/2006#,
4,
0,
'0400000006140044000000000000000000200040002e4000102e4000101400c40000000000000000001000c0002e4000102e400010140280010000000000000000',

'00000000',

'        1 7 2 6 6 1 1 8 3 0 3 2 7 4 3   '
);

INSERT INTO identitytable (Parent_CMID,CM_FirstName,CM_LastName,CM_CompanyName,CM_Type,CM_Attributes,CM_HintField,CM_ExtHintField,CM_FirstNmPrn,CM_LastNmPrn,CM_CompanyNmPrn) VALUES (
270,
'Mambew',
'Maw',
NULL,
268440329,
4,
84,
0,
NULL,
NULL,
NULL
);

INSERT INTO phone (CM_Id,CM_PhoneMatching,CM_ExtendedPhoneMatching) VALUES (
270,
3472303,
81166271
);

INSERT INTO contacts (CM_Id,CM_Type,CM_PrefTemplateRefId,CM_UIDString,CM_Last_modified,CM_ContactCreationDate,CM_Attributes,CM_ReplicationCount,CM_Header,CM_TextBlob,CM_SearchableText) VALUES (
271,
268440329,
0,
'00e0db4978ccff55',
#07/06/2006#,
#07/06/2006#,
4,
0,
'0400000006140044000000000000000000200040002e4000102e4000101400c40000000000000000001000c0002e4000102e400010140280010000000000000000',

'00000000',

'        7 6 8 2 3 6 6 2 7 5 5 0 4 6 5   '
);

INSERT INTO identitytable (Parent_CMID,CM_FirstName,CM_LastName,CM_CompanyName,CM_Type,CM_Attributes,CM_HintField,CM_ExtHintField,CM_FirstNmPrn,CM_LastNmPrn,CM_CompanyNmPrn) VALUES (
271,
'In',
'Tr',
NULL,
268440329,
4,
84,
0,
NULL,
NULL,
NULL
);

INSERT INTO phone (CM_Id,CM_PhoneMatching,CM_ExtendedPhoneMatching) VALUES (
271,
5640557,
26632867
);

INSERT INTO contacts (CM_Id,CM_Type,CM_PrefTemplateRefId,CM_UIDString,CM_Last_modified,CM_ContactCreationDate,CM_Attributes,CM_ReplicationCount,CM_Header,CM_TextBlob,CM_SearchableText) VALUES (
272,
268440329,
0,
'00e0db4978cd54c8',
#07/06/2006#,
#07/06/2006#,
4,
0,
'0400000006140044000000000000000000200040002e4000102e4000101400c40000000000000000001000c0002e4000102e400010140280010000000000000000',

'00000000',

'        0 1 1 0 4 3 3 4 8 2 5 0 3 5 6   '
);

INSERT INTO identitytable (Parent_CMID,CM_FirstName,CM_LastName,CM_CompanyName,CM_Type,CM_Attributes,CM_HintField,CM_ExtHintField,CM_FirstNmPrn,CM_LastNmPrn,CM_CompanyNmPrn) VALUES (
272,
'Lanidhis',
'Ma',
NULL,
268440329,
4,
84,
0,
NULL,
NULL,
NULL
);

INSERT INTO phone (CM_Id,CM_PhoneMatching,CM_ExtendedPhoneMatching) VALUES (
272,
6530528,
43340110
);

INSERT INTO contacts (CM_Id,CM_Type,CM_PrefTemplateRefId,CM_UIDString,CM_Last_modified,CM_ContactCreationDate,CM_Attributes,CM_ReplicationCount,CM_Header,CM_TextBlob,CM_SearchableText) VALUES (
273,
268440329,
0,
'00e0db4978cd7bd8',
#07/06/2006#,
#07/06/2006#,
4,
0,
'0400000006140044000000000000000000200040002e4000102e4000101400c40000000000000000001000c0002e4000102e400010140280010000000000000000',

'00000000',

'        4 8 0 4 0 1 6 0 0 3 6 4 4 2 5   '
);

INSERT INTO identitytable (Parent_CMID,CM_FirstName,CM_LastName,CM_CompanyName,CM_Type,CM_Attributes,CM_HintField,CM_ExtHintField,CM_FirstNmPrn,CM_LastNmPrn,CM_CompanyNmPrn) VALUES (
273,
'Juil',
'Glssikickidaconssmowes',
NULL,
268440329,
4,
84,
0,
NULL,
NULL,
NULL
);

INSERT INTO phone (CM_Id,CM_PhoneMatching,CM_ExtendedPhoneMatching) VALUES (
273,
5244630,
6104084
);

INSERT INTO contacts (CM_Id,CM_Type,CM_PrefTemplateRefId,CM_UIDString,CM_Last_modified,CM_ContactCreationDate,CM_Attributes,CM_ReplicationCount,CM_Header,CM_TextBlob,CM_SearchableText) VALUES (
274,
268440329,
0,
'00e0db4978cd8f60',
#07/06/2006#,
#07/06/2006#,
4,
0,
'0400000006140044000000000000000000200040002e4000102e4000101400c40000000000000000001000c0002e4000102e400010140280010000000000000000',

'00000000',

'        3 7 8 8 3 1 0 7 6 8 5 7 3 8 4   '
);

INSERT INTO identitytable (Parent_CMID,CM_FirstName,CM_LastName,CM_CompanyName,CM_Type,CM_Attributes,CM_HintField,CM_ExtHintField,CM_FirstNmPrn,CM_LastNmPrn,CM_CompanyNmPrn) VALUES (
274,
'Iapew',
'Bagukak',
NULL,
268440329,
4,
84,
0,
NULL,
NULL,
NULL
);

INSERT INTO phone (CM_Id,CM_PhoneMatching,CM_ExtendedPhoneMatching) VALUES (
274,
4837586,
70138873
);

INSERT INTO contacts (CM_Id,CM_Type,CM_PrefTemplateRefId,CM_UIDString,CM_Last_modified,CM_ContactCreationDate,CM_Attributes,CM_ReplicationCount,CM_Header,CM_TextBlob,CM_SearchableText) VALUES (
275,
268440329,
0,
'00e0db4978cdb670',
#07/06/2006#,
#07/06/2006#,
4,
0,
'0400000006140044000000000000000000200040002e4000102e4000101400c40000000000000000001000c0002e4000102e400010140280010000000000000000',

'00000000',

'        4 5 2 2 4 6 8 8 5 0 5 7 8 5 3   '
);

INSERT INTO identitytable (Parent_CMID,CM_FirstName,CM_LastName,CM_CompanyName,CM_Type,CM_Attributes,CM_HintField,CM_ExtHintField,CM_FirstNmPrn,CM_LastNmPrn,CM_CompanyNmPrn) VALUES (
275,
'Saridrareks',
'Fr',
NULL,
268440329,
4,
84,
0,
NULL,
NULL,
NULL
);

INSERT INTO phone (CM_Id,CM_PhoneMatching,CM_ExtendedPhoneMatching) VALUES (
275,
3587505,
88642254
);

INSERT INTO contacts (CM_Id,CM_Type,CM_PrefTemplateRefId,CM_UIDString,CM_Last_modified,CM_ContactCreationDate,CM_Attributes,CM_ReplicationCount,CM_Header,CM_TextBlob,CM_SearchableText) VALUES (
276,
268440329,
0,
'00e0db4978cddd80',
#07/06/2006#,
#07/06/2006#,
4,
0,
'0400000006140044000000000000000000200040002e4000102e4000101400c40000000000000000001000c0002e4000102e400010140280010000000000000000',

'00000000',

'        7 0 1 0 6 5 8 0 4 1 5 3 7 5 2   '
);

INSERT INTO identitytable (Parent_CMID,CM_FirstName,CM_LastName,CM_CompanyName,CM_Type,CM_Attributes,CM_HintField,CM_ExtHintField,CM_FirstNmPrn,CM_LastNmPrn,CM_CompanyNmPrn) VALUES (
276,
'Damobdan',
'Wier',
NULL,
268440329,
4,
84,
0,
NULL,
NULL,
NULL
);

INSERT INTO phone (CM_Id,CM_PhoneMatching,CM_ExtendedPhoneMatching) VALUES (
276,
2573514,
8560107
);

INSERT INTO contacts (CM_Id,CM_Type,CM_PrefTemplateRefId,CM_UIDString,CM_Last_modified,CM_ContactCreationDate,CM_Attributes,CM_ReplicationCount,CM_Header,CM_TextBlob,CM_SearchableText) VALUES (
277,
268440329,
0,
'00e0db4978ce0490',
#07/06/2006#,
#07/06/2006#,
4,
0,
'0400000006140044000000000000000000200040002e4000102e4000101400c40000000000000000001000c0002e4000102e400010140280010000000000000000',

'00000000',

'        6 8 4 1 3 8 0 2 1 1 1 3 2 8 6   '
);

INSERT INTO identitytable (Parent_CMID,CM_FirstName,CM_LastName,CM_CompanyName,CM_Type,CM_Attributes,CM_HintField,CM_ExtHintField,CM_FirstNmPrn,CM_LastNmPrn,CM_CompanyNmPrn) VALUES (
277,
'Marn',
'Hararbind',
NULL,
268440329,
4,
84,
0,
NULL,
NULL,
NULL
);

INSERT INTO phone (CM_Id,CM_PhoneMatching,CM_ExtendedPhoneMatching) VALUES (
277,
6823111,
20831486
);

INSERT INTO contacts (CM_Id,CM_Type,CM_PrefTemplateRefId,CM_UIDString,CM_Last_modified,CM_ContactCreationDate,CM_Attributes,CM_ReplicationCount,CM_Header,CM_TextBlob,CM_SearchableText) VALUES (
278,
268440329,
0,
'00e0db4978ce1818',
#07/06/2006#,
#07/06/2006#,
4,
0,
'0400000006140044000000000000000000200040002e4000102e4000101400c40000000000000000001000c0002e4000102e400010140280010000000000000000',

'00000000',

'        0 8 3 7 4 0 8 3 7 7 4 5 5 3 7   '
);

INSERT INTO identitytable (Parent_CMID,CM_FirstName,CM_LastName,CM_CompanyName,CM_Type,CM_Attributes,CM_HintField,CM_ExtHintField,CM_FirstNmPrn,CM_LastNmPrn,CM_CompanyNmPrn) VALUES (
278,
'Deiketid',
'Foom',
NULL,
268440329,
4,
84,
0,
NULL,
NULL,
NULL
);

INSERT INTO phone (CM_Id,CM_PhoneMatching,CM_ExtendedPhoneMatching) VALUES (
278,
7355477,
38047380
);

INSERT INTO contacts (CM_Id,CM_Type,CM_PrefTemplateRefId,CM_UIDString,CM_Last_modified,CM_ContactCreationDate,CM_Attributes,CM_ReplicationCount,CM_Header,CM_TextBlob,CM_SearchableText) VALUES (
279,
268440329,
0,
'00e0db4978ce3f28',
#07/06/2006#,
#07/06/2006#,
4,
0,
'0400000006140044000000000000000000200040002e4000102e4000101400c40000000000000000001000c0002e4000102e400010140280010000000000000000',

'00000000',

'        8 5 4 6 4 8 5 0 3 3 8 0 0 5 4   '
);

INSERT INTO identitytable (Parent_CMID,CM_FirstName,CM_LastName,CM_CompanyName,CM_Type,CM_Attributes,CM_HintField,CM_ExtHintField,CM_FirstNmPrn,CM_LastNmPrn,CM_CompanyNmPrn) VALUES (
279,
'Be',
'Balcalertthawnd',
NULL,
268440329,
4,
84,
0,
NULL,
NULL,
NULL
);

INSERT INTO phone (CM_Id,CM_PhoneMatching,CM_ExtendedPhoneMatching) VALUES (
279,
4500833,
5846458
);

INSERT INTO contacts (CM_Id,CM_Type,CM_PrefTemplateRefId,CM_UIDString,CM_Last_modified,CM_ContactCreationDate,CM_Attributes,CM_ReplicationCount,CM_Header,CM_TextBlob,CM_SearchableText) VALUES (
280,
268440329,
0,
'00e0db4978ce6638',
#07/06/2006#,
#07/06/2006#,
4,
0,
'0400000006140044000000000000000000200040002e4000102e4000101400c40000000000000000001000c0002e4000102e400010140280010000000000000000',

'00000000',

'        8 4 2 5 1 8 4 0 5 7 8 1 2 8 4   '
);

INSERT INTO identitytable (Parent_CMID,CM_FirstName,CM_LastName,CM_CompanyName,CM_Type,CM_Attributes,CM_HintField,CM_ExtHintField,CM_FirstNmPrn,CM_LastNmPrn,CM_CompanyNmPrn) VALUES (
280,
'Hul',
'Glaksoe',
NULL,
268440329,
4,
84,
0,
NULL,
NULL,
NULL
);

INSERT INTO phone (CM_Id,CM_PhoneMatching,CM_ExtendedPhoneMatching) VALUES (
280,
4821875,
4815248
);

INSERT INTO contacts (CM_Id,CM_Type,CM_PrefTemplateRefId,CM_UIDString,CM_Last_modified,CM_ContactCreationDate,CM_Attributes,CM_ReplicationCount,CM_Header,CM_TextBlob,CM_SearchableText) VALUES (
281,
268440329,
0,
'00e0db4978ce8d48',
#07/06/2006#,
#07/06/2006#,
4,
0,
'0400000006140044000000000000000000200040002e4000102e4000101400c40000000000000000001000c0002e4000102e400010140280010000000000000000',

'00000000',

'        3 7 7 5 3 1 2 0 3 5 8 5 5 1 6   '
);

INSERT INTO identitytable (Parent_CMID,CM_FirstName,CM_LastName,CM_CompanyName,CM_Type,CM_Attributes,CM_HintField,CM_ExtHintField,CM_FirstNmPrn,CM_LastNmPrn,CM_CompanyNmPrn) VALUES (
281,
'Ala',
'Karrles',
NULL,
268440329,
4,
84,
0,
NULL,
NULL,
NULL
);

INSERT INTO phone (CM_Id,CM_PhoneMatching,CM_ExtendedPhoneMatching) VALUES (
281,
6155853,
2135773
);

INSERT INTO contacts (CM_Id,CM_Type,CM_PrefTemplateRefId,CM_UIDString,CM_Last_modified,CM_ContactCreationDate,CM_Attributes,CM_ReplicationCount,CM_Header,CM_TextBlob,CM_SearchableText) VALUES (
282,
268440329,
0,
'00e0db4978ceb458',
#07/06/2006#,
#07/06/2006#,
4,
0,
'0400000006140044000000000000000000200040002e4000102e4000101400c40000000000000000001000c0002e4000102e400010140280010000000000000000',

'00000000',

'        5 5 7 6 0 0 5 7 4 2 3 1 8 5 6   '
);

INSERT INTO identitytable (Parent_CMID,CM_FirstName,CM_LastName,CM_CompanyName,CM_Type,CM_Attributes,CM_HintField,CM_ExtHintField,CM_FirstNmPrn,CM_LastNmPrn,CM_CompanyNmPrn) VALUES (
282,
'Jorrn',
'Vra',
NULL,
268440329,
4,
84,
0,
NULL,
NULL,
NULL
);

INSERT INTO phone (CM_Id,CM_PhoneMatching,CM_ExtendedPhoneMatching) VALUES (
282,
6581324,
75006755
);

INSERT INTO contacts (CM_Id,CM_Type,CM_PrefTemplateRefId,CM_UIDString,CM_Last_modified,CM_ContactCreationDate,CM_Attributes,CM_ReplicationCount,CM_Header,CM_TextBlob,CM_SearchableText) VALUES (
283,
268440329,
0,
'00e0db4978cedb68',
#07/06/2006#,
#07/06/2006#,
4,
0,
'0400000006140044000000000000000000200040002e4000102e4000101400c40000000000000000001000c0002e4000102e400010140280010000000000000000',

'00000000',

'        1 1 8 7 2 1 0 2 1 2 2 2 0 5 3   '
);

INSERT INTO identitytable (Parent_CMID,CM_FirstName,CM_LastName,CM_CompanyName,CM_Type,CM_Attributes,CM_HintField,CM_ExtHintField,CM_FirstNmPrn,CM_LastNmPrn,CM_CompanyNmPrn) VALUES (
283,
'Ste',
'Hakegstolbebilance',
NULL,
268440329,
4,
84,
0,
NULL,
NULL,
NULL
);

INSERT INTO phone (CM_Id,CM_PhoneMatching,CM_ExtendedPhoneMatching) VALUES (
283,
3502221,
20127811
);

INSERT INTO contacts (CM_Id,CM_Type,CM_PrefTemplateRefId,CM_UIDString,CM_Last_modified,CM_ContactCreationDate,CM_Attributes,CM_ReplicationCount,CM_Header,CM_TextBlob,CM_SearchableText) VALUES (
284,
268440329,
0,
'00e0db4978ceeef0',
#07/06/2006#,
#07/06/2006#,
4,
0,
'0400000006140044000000000000000000200040002e4000102e4000101400c40000000000000000001000c0002e4000102e400010140280010000000000000000',

'00000000',

'        5 4 1 4 4 8 8 7 4 1 3 6 7 5 0   '
);

INSERT INTO identitytable (Parent_CMID,CM_FirstName,CM_LastName,CM_CompanyName,CM_Type,CM_Attributes,CM_HintField,CM_ExtHintField,CM_FirstNmPrn,CM_LastNmPrn,CM_CompanyNmPrn) VALUES (
284,
'Hen',
'Teing',
NULL,
268440329,
4,
84,
0,
NULL,
NULL,
NULL
);

INSERT INTO phone (CM_Id,CM_PhoneMatching,CM_ExtendedPhoneMatching) VALUES (
284,
576314,
78844145
);

INSERT INTO contacts (CM_Id,CM_Type,CM_PrefTemplateRefId,CM_UIDString,CM_Last_modified,CM_ContactCreationDate,CM_Attributes,CM_ReplicationCount,CM_Header,CM_TextBlob,CM_SearchableText) VALUES (
285,
268440329,
0,
'00e0db4978cf1600',
#07/06/2006#,
#07/06/2006#,
4,
0,
'0400000006140044000000000000000000200040002e4000102e4000101400c40000000000000000001000c0002e4000102e400010140280010000000000000000',

'00000000',

'        7 4 8 6 5 4 5 2 1 3 6 1 8 0 3   '
);

INSERT INTO identitytable (Parent_CMID,CM_FirstName,CM_LastName,CM_CompanyName,CM_Type,CM_Attributes,CM_HintField,CM_ExtHintField,CM_FirstNmPrn,CM_LastNmPrn,CM_CompanyNmPrn) VALUES (
285,
'Phem',
'Fer',
NULL,
268440329,
4,
84,
0,
NULL,
NULL,
NULL
);

INSERT INTO phone (CM_Id,CM_PhoneMatching,CM_ExtendedPhoneMatching) VALUES (
285,
3081631,
25456847
);

INSERT INTO contacts (CM_Id,CM_Type,CM_PrefTemplateRefId,CM_UIDString,CM_Last_modified,CM_ContactCreationDate,CM_Attributes,CM_ReplicationCount,CM_Header,CM_TextBlob,CM_SearchableText) VALUES (
286,
268440329,
0,
'00e0db4978cf3d10',
#07/06/2006#,
#07/06/2006#,
4,
0,
'0400000006140044000000000000000000200040002e4000102e4000101400c40000000000000000001000c0002e4000102e400010140280010000000000000000',

'00000000',

'        8 0 2 8 7 0 2 0 4 1 1 0 3 8 6   '
);

INSERT INTO identitytable (Parent_CMID,CM_FirstName,CM_LastName,CM_CompanyName,CM_Type,CM_Attributes,CM_HintField,CM_ExtHintField,CM_FirstNmPrn,CM_LastNmPrn,CM_CompanyNmPrn) VALUES (
286,
'Lunneshey',
'Tous',
NULL,
268440329,
4,
84,
0,
NULL,
NULL,
NULL
);

INSERT INTO phone (CM_Id,CM_PhoneMatching,CM_ExtendedPhoneMatching) VALUES (
286,
6830114,
2078208
);

INSERT INTO contacts (CM_Id,CM_Type,CM_PrefTemplateRefId,CM_UIDString,CM_Last_modified,CM_ContactCreationDate,CM_Attributes,CM_ReplicationCount,CM_Header,CM_TextBlob,CM_SearchableText) VALUES (
287,
268440329,
0,
'00e0db4978cf8b30',
#07/06/2006#,
#07/06/2006#,
4,
0,
'0400000006140044000000000000000000200040002e4000102e4000101400c40000000000000000001000c0002e4000102e400010140280010000000000000000',

'00000000',

'        5 5 7 0 2 2 6 6 0 4 1 4 6 1 2   '
);

INSERT INTO identitytable (Parent_CMID,CM_FirstName,CM_LastName,CM_CompanyName,CM_Type,CM_Attributes,CM_HintField,CM_ExtHintField,CM_FirstNmPrn,CM_LastNmPrn,CM_CompanyNmPrn) VALUES (
287,
'Frsa',
'Huntorrenerkh',
NULL,
268440329,
4,
84,
0,
NULL,
NULL,
NULL
);

INSERT INTO phone (CM_Id,CM_PhoneMatching,CM_ExtendedPhoneMatching) VALUES (
287,
2164140,
66220755
);

INSERT INTO contacts (CM_Id,CM_Type,CM_PrefTemplateRefId,CM_UIDString,CM_Last_modified,CM_ContactCreationDate,CM_Attributes,CM_ReplicationCount,CM_Header,CM_TextBlob,CM_SearchableText) VALUES (
288,
268440329,
0,
'00e0db4978cfb240',
#07/06/2006#,
#07/06/2006#,
4,
0,
'0400000006140044000000000000000000200040002e4000102e4000101400c40000000000000000001000c0002e4000102e400010140280010000000000000000',

'00000000',

'        8 2 7 6 6 3 7 7 3 2 7 7 0 8 7   '
);

INSERT INTO identitytable (Parent_CMID,CM_FirstName,CM_LastName,CM_CompanyName,CM_Type,CM_Attributes,CM_HintField,CM_ExtHintField,CM_FirstNmPrn,CM_LastNmPrn,CM_CompanyNmPrn) VALUES (
288,
'Ron',
'Jathanstodworiainwinute',
NULL,
268440329,
4,
84,
0,
NULL,
NULL,
NULL
);

INSERT INTO phone (CM_Id,CM_PhoneMatching,CM_ExtendedPhoneMatching) VALUES (
288,
7807723,
77366728
);

INSERT INTO contacts (CM_Id,CM_Type,CM_PrefTemplateRefId,CM_UIDString,CM_Last_modified,CM_ContactCreationDate,CM_Attributes,CM_ReplicationCount,CM_Header,CM_TextBlob,CM_SearchableText) VALUES (
289,
268440329,
0,
'00e0db4978cfd950',
#07/06/2006#,
#07/06/2006#,
4,
0,
'0400000006140044000000000000000000200040002e4000102e4000101400c40000000000000000001000c0002e4000102e400010140280010000000000000000',

'00000000',

'        6 0 1 8 3 2 2 2 5 4 2 6 4 0 3   '
);

INSERT INTO identitytable (Parent_CMID,CM_FirstName,CM_LastName,CM_CompanyName,CM_Type,CM_Attributes,CM_HintField,CM_ExtHintField,CM_FirstNmPrn,CM_LastNmPrn,CM_CompanyNmPrn) VALUES (
289,
'Mizie',
'Le',
NULL,
268440329,
4,
84,
0,
NULL,
NULL,
NULL
);

INSERT INTO phone (CM_Id,CM_PhoneMatching,CM_ExtendedPhoneMatching) VALUES (
289,
3046245,
22238106
);

INSERT INTO contacts (CM_Id,CM_Type,CM_PrefTemplateRefId,CM_UIDString,CM_Last_modified,CM_ContactCreationDate,CM_Attributes,CM_ReplicationCount,CM_Header,CM_TextBlob,CM_SearchableText) VALUES (
290,
268440329,
0,
'00e0db4978cfecd8',
#07/06/2006#,
#07/06/2006#,
4,
0,
'0400000006140044000000000000000000200040002e4000102e4000101400c40000000000000000001000c0002e4000102e400010140280010000000000000000',

'00000000',

'        6 0 5 4 1 0 2 2 3 5 7 8 6 8 1   '
);

INSERT INTO identitytable (Parent_CMID,CM_FirstName,CM_LastName,CM_CompanyName,CM_Type,CM_Attributes,CM_HintField,CM_ExtHintField,CM_FirstNmPrn,CM_LastNmPrn,CM_CompanyNmPrn) VALUES (
290,
'An',
'Gangharathane',
NULL,
268440329,
4,
84,
0,
NULL,
NULL,
NULL
);

INSERT INTO phone (CM_Id,CM_PhoneMatching,CM_ExtendedPhoneMatching) VALUES (
290,
1868753,
22014506
);

INSERT INTO contacts (CM_Id,CM_Type,CM_PrefTemplateRefId,CM_UIDString,CM_Last_modified,CM_ContactCreationDate,CM_Attributes,CM_ReplicationCount,CM_Header,CM_TextBlob,CM_SearchableText) VALUES (
291,
268440329,
0,
'00e0db4978d013e8',
#07/06/2006#,
#07/06/2006#,
4,
0,
'0400000006140044000000000000000000200040002e4000102e4000101400c40000000000000000001000c0002e4000102e400010140280010000000000000000',

'00000000',

'        5 4 4 8 8 6 5 8 7 3 7 1 5 4 1   '
);

INSERT INTO identitytable (Parent_CMID,CM_FirstName,CM_LastName,CM_CompanyName,CM_Type,CM_Attributes,CM_HintField,CM_ExtHintField,CM_FirstNmPrn,CM_LastNmPrn,CM_CompanyNmPrn) VALUES (
291,
'Gohel',
'Kar',
NULL,
268440329,
4,
84,
0,
NULL,
NULL,
NULL
);

INSERT INTO phone (CM_Id,CM_PhoneMatching,CM_ExtendedPhoneMatching) VALUES (
291,
1451737,
85688445
);

INSERT INTO contacts (CM_Id,CM_Type,CM_PrefTemplateRefId,CM_UIDString,CM_Last_modified,CM_ContactCreationDate,CM_Attributes,CM_ReplicationCount,CM_Header,CM_TextBlob,CM_SearchableText) VALUES (
292,
268440329,
0,
'00e0db4978d03af8',
#07/06/2006#,
#07/06/2006#,
4,
0,
'0400000006140044000000000000000000200040002e4000102e4000101400c40000000000000000001000c0002e4000102e400010140280010000000000000000',

'00000000',

'        6 1 6 2 6 3 3 5 4 5 8 2 1 8 4   '
);

INSERT INTO identitytable (Parent_CMID,CM_FirstName,CM_LastName,CM_CompanyName,CM_Type,CM_Attributes,CM_HintField,CM_ExtHintField,CM_FirstNmPrn,CM_LastNmPrn,CM_CompanyNmPrn) VALUES (
292,
'Timon',
'Matarol',
NULL,
268440329,
4,
84,
0,
NULL,
NULL,
NULL
);

INSERT INTO phone (CM_Id,CM_PhoneMatching,CM_ExtendedPhoneMatching) VALUES (
292,
4812854,
53362616
);

INSERT INTO contacts (CM_Id,CM_Type,CM_PrefTemplateRefId,CM_UIDString,CM_Last_modified,CM_ContactCreationDate,CM_Attributes,CM_ReplicationCount,CM_Header,CM_TextBlob,CM_SearchableText) VALUES (
293,
268440329,
0,
'00e0db4978d06208',
#07/06/2006#,
#07/06/2006#,
4,
0,
'0400000006140044000000000000000000200040002e4000102e4000101400c40000000000000000001000c0002e4000102e400010140280010000000000000000',

'00000000',

'        1 1 7 1 3 2 0 4 2 3 6 1 2 0 8   '
);

INSERT INTO identitytable (Parent_CMID,CM_FirstName,CM_LastName,CM_CompanyName,CM_Type,CM_Attributes,CM_HintField,CM_ExtHintField,CM_FirstNmPrn,CM_LastNmPrn,CM_CompanyNmPrn) VALUES (
293,
'Ol',
'Scharirwieri',
NULL,
268440329,
4,
84,
0,
NULL,
NULL,
NULL
);

INSERT INTO phone (CM_Id,CM_PhoneMatching,CM_ExtendedPhoneMatching) VALUES (
293,
8021632,
40231711
);

INSERT INTO contacts (CM_Id,CM_Type,CM_PrefTemplateRefId,CM_UIDString,CM_Last_modified,CM_ContactCreationDate,CM_Attributes,CM_ReplicationCount,CM_Header,CM_TextBlob,CM_SearchableText) VALUES (
294,
268440329,
0,
'00e0db4978d08918',
#07/06/2006#,
#07/06/2006#,
4,
0,
'0400000006140044000000000000000000200040002e4000102e4000101400c40000000000000000001000c0002e4000102e400010140280010000000000000000',

'00000000',

'        6 4 5 7 2 4 8 6 5 3 8 2 4 2 0   '
);

INSERT INTO identitytable (Parent_CMID,CM_FirstName,CM_LastName,CM_CompanyName,CM_Type,CM_Attributes,CM_HintField,CM_ExtHintField,CM_FirstNmPrn,CM_LastNmPrn,CM_CompanyNmPrn) VALUES (
294,
'Sin',
'Delmadwownte',
NULL,
268440329,
4,
84,
0,
NULL,
NULL,
NULL
);

INSERT INTO phone (CM_Id,CM_PhoneMatching,CM_ExtendedPhoneMatching) VALUES (
294,
242835,
68427546
);

INSERT INTO contacts (CM_Id,CM_Type,CM_PrefTemplateRefId,CM_UIDString,CM_Last_modified,CM_ContactCreationDate,CM_Attributes,CM_ReplicationCount,CM_Header,CM_TextBlob,CM_SearchableText) VALUES (
295,
268440329,
0,
'00e0db4978d09ca0',
#07/06/2006#,
#07/06/2006#,
4,
0,
'0400000006140044000000000000000000200040002e4000102e4000101400c40000000000000000001000c0002e4000102e400010140280010000000000000000',

'00000000',

'        1 5 3 4 8 8 8 6 8 2 8 6 5 5 6   '
);

INSERT INTO identitytable (Parent_CMID,CM_FirstName,CM_LastName,CM_CompanyName,CM_Type,CM_Attributes,CM_HintField,CM_ExtHintField,CM_FirstNmPrn,CM_LastNmPrn,CM_CompanyNmPrn) VALUES (
295,
'Jork',
'Z',
NULL,
268440329,
4,
84,
0,
NULL,
NULL,
NULL
);

INSERT INTO phone (CM_Id,CM_PhoneMatching,CM_ExtendedPhoneMatching) VALUES (
295,
6556828,
68884351
);

INSERT INTO contacts (CM_Id,CM_Type,CM_PrefTemplateRefId,CM_UIDString,CM_Last_modified,CM_ContactCreationDate,CM_Attributes,CM_ReplicationCount,CM_Header,CM_TextBlob,CM_SearchableText) VALUES (
296,
268440329,
0,
'00e0db4978d0c3b0',
#07/06/2006#,
#07/06/2006#,
4,
0,
'0400000006140044000000000000000000200040002e4000102e4000101400c40000000000000000001000c0002e4000102e400010140280010000000000000000',

'00000000',

'        6 1 6 7 0 7 6 8 4 1 3 2 3 2 5   '
);

INSERT INTO identitytable (Parent_CMID,CM_FirstName,CM_LastName,CM_CompanyName,CM_Type,CM_Attributes,CM_HintField,CM_ExtHintField,CM_FirstNmPrn,CM_LastNmPrn,CM_CompanyNmPrn) VALUES (
296,
'Gerlai',
'Boravirg',
NULL,
268440329,
4,
84,
0,
NULL,
NULL,
NULL
);

INSERT INTO phone (CM_Id,CM_PhoneMatching,CM_ExtendedPhoneMatching) VALUES (
296,
5232314,
86707616
);

INSERT INTO contacts (CM_Id,CM_Type,CM_PrefTemplateRefId,CM_UIDString,CM_Last_modified,CM_ContactCreationDate,CM_Attributes,CM_ReplicationCount,CM_Header,CM_TextBlob,CM_SearchableText) VALUES (
297,
268440329,
0,
'00e0db4978d0eac0',
#07/06/2006#,
#07/06/2006#,
4,
0,
'0400000006140044000000000000000000200040002e4000102e4000101400c40000000000000000001000c0002e4000102e400010140280010000000000000000',

'00000000',

'        3 3 2 0 3 6 0 2 1 1 1 1 6 8 4   '
);

INSERT INTO identitytable (Parent_CMID,CM_FirstName,CM_LastName,CM_CompanyName,CM_Type,CM_Attributes,CM_HintField,CM_ExtHintField,CM_FirstNmPrn,CM_LastNmPrn,CM_CompanyNmPrn) VALUES (
297,
'Pen',
'Bongg',
NULL,
268440329,
4,
84,
0,
NULL,
NULL,
NULL
);

INSERT INTO phone (CM_Id,CM_PhoneMatching,CM_ExtendedPhoneMatching) VALUES (
297,
4861111,
20630233
);

INSERT INTO contacts (CM_Id,CM_Type,CM_PrefTemplateRefId,CM_UIDString,CM_Last_modified,CM_ContactCreationDate,CM_Attributes,CM_ReplicationCount,CM_Header,CM_TextBlob,CM_SearchableText) VALUES (
298,
268440329,
0,
'00e0db4978d0fe48',
#07/06/2006#,
#07/06/2006#,
4,
0,
'0400000006140044000000000000000000200040002e4000102e4000101400c40000000000000000001000c0002e4000102e400010140280010000000000000000',

'00000000',

'        1 3 7 4 7 4 3 1 8 7 4 6 1 4 7   '
);

INSERT INTO identitytable (Parent_CMID,CM_FirstName,CM_LastName,CM_CompanyName,CM_Type,CM_Attributes,CM_HintField,CM_ExtHintField,CM_FirstNmPrn,CM_LastNmPrn,CM_CompanyNmPrn) VALUES (
298,
'Tharkerd',
'Erstsononiceweeriant',
NULL,
268440329,
4,
84,
0,
NULL,
NULL,
NULL
);

INSERT INTO phone (CM_Id,CM_PhoneMatching,CM_ExtendedPhoneMatching) VALUES (
298,
7416478,
13474731
);

INSERT INTO contacts (CM_Id,CM_Type,CM_PrefTemplateRefId,CM_UIDString,CM_Last_modified,CM_ContactCreationDate,CM_Attributes,CM_ReplicationCount,CM_Header,CM_TextBlob,CM_SearchableText) VALUES (
299,
268440329,
0,
'00e0db4978d12558',
#07/06/2006#,
#07/06/2006#,
4,
0,
'0400000006140044000000000000000000200040002e4000102e4000101400c40000000000000000001000c0002e4000102e400010140280010000000000000000',

'00000000',

'        3 1 4 3 5 6 2 4 6 7 2 5 2 0 5   '
);

INSERT INTO identitytable (Parent_CMID,CM_FirstName,CM_LastName,CM_CompanyName,CM_Type,CM_Attributes,CM_HintField,CM_ExtHintField,CM_FirstNmPrn,CM_LastNmPrn,CM_CompanyNmPrn) VALUES (
299,
'Danathik',
'Lonse',
NULL,
268440329,
4,
84,
0,
NULL,
NULL,
NULL
);

INSERT INTO phone (CM_Id,CM_PhoneMatching,CM_ExtendedPhoneMatching) VALUES (
299,
5025276,
42653413
);

INSERT INTO contacts (CM_Id,CM_Type,CM_PrefTemplateRefId,CM_UIDString,CM_Last_modified,CM_ContactCreationDate,CM_Attributes,CM_ReplicationCount,CM_Header,CM_TextBlob,CM_SearchableText) VALUES (
300,
268440329,
0,
'00e0db4978d14c68',
#07/06/2006#,
#07/06/2006#,
4,
0,
'0400000006140044000000000000000000200040002e4000102e4000101400c40000000000000000001000c0002e4000102e400010140280010000000000000000',

'00000000',

'        2 8 0 7 0 1 3 8 7 6 4 7 3 2 8   '
);

INSERT INTO identitytable (Parent_CMID,CM_FirstName,CM_LastName,CM_CompanyName,CM_Type,CM_Attributes,CM_HintField,CM_ExtHintField,CM_FirstNmPrn,CM_LastNmPrn,CM_CompanyNmPrn) VALUES (
300,
'Ana',
'Jari',
NULL,
268440329,
4,
84,
0,
NULL,
NULL,
NULL
);

INSERT INTO phone (CM_Id,CM_PhoneMatching,CM_ExtendedPhoneMatching) VALUES (
300,
8237467,
83107082
);

INSERT INTO contacts (CM_Id,CM_Type,CM_PrefTemplateRefId,CM_UIDString,CM_Last_modified,CM_ContactCreationDate,CM_Attributes,CM_ReplicationCount,CM_Header,CM_TextBlob,CM_SearchableText) VALUES (
301,
268440329,
0,
'00e0db4978d17378',
#07/06/2006#,
#07/06/2006#,
4,
0,
'0400000006140044000000000000000000200040002e4000102e4000101400c40000000000000000001000c0002e4000102e400010140280010000000000000000',

'00000000',

'        2 3 8 7 6 3 7 2 1 2 0 1 5 2 7   '
);

INSERT INTO identitytable (Parent_CMID,CM_FirstName,CM_LastName,CM_CompanyName,CM_Type,CM_Attributes,CM_HintField,CM_ExtHintField,CM_FirstNmPrn,CM_LastNmPrn,CM_CompanyNmPrn) VALUES (
301,
'Ris',
'Aba',
NULL,
268440329,
4,
84,
0,
NULL,
NULL,
NULL
);

INSERT INTO phone (CM_Id,CM_PhoneMatching,CM_ExtendedPhoneMatching) VALUES (
301,
7251021,
27367832
);

INSERT INTO contacts (CM_Id,CM_Type,CM_PrefTemplateRefId,CM_UIDString,CM_Last_modified,CM_ContactCreationDate,CM_Attributes,CM_ReplicationCount,CM_Header,CM_TextBlob,CM_SearchableText) VALUES (
302,
268440329,
0,
'00e0db4978d1c198',
#07/06/2006#,
#07/06/2006#,
4,
0,
'0400000006140044000000000000000000200040002e4000102e4000101400c40000000000000000001000c0002e4000102e400010140280010000000000000000',

'00000000',

'        0 3 2 0 3 2 0 3 6 3 5 2 4 7 8   '
);

INSERT INTO identitytable (Parent_CMID,CM_FirstName,CM_LastName,CM_CompanyName,CM_Type,CM_Attributes,CM_HintField,CM_ExtHintField,CM_FirstNmPrn,CM_LastNmPrn,CM_CompanyNmPrn) VALUES (
302,
'Crik',
'Si',
NULL,
268440329,
4,
84,
0,
NULL,
NULL,
NULL
);

INSERT INTO phone (CM_Id,CM_PhoneMatching,CM_ExtendedPhoneMatching) VALUES (
302,
8742536,
30230230
);

INSERT INTO contacts (CM_Id,CM_Type,CM_PrefTemplateRefId,CM_UIDString,CM_Last_modified,CM_ContactCreationDate,CM_Attributes,CM_ReplicationCount,CM_Header,CM_TextBlob,CM_SearchableText) VALUES (
303,
268440329,
0,
'00e0db4978d1e8a8',
#07/06/2006#,
#07/06/2006#,
4,
0,
'0400000006140044000000000000000000200040002e4000102e4000101400c40000000000000000001000c0002e4000102e400010140280010000000000000000',

'00000000',

'        0 1 2 2 4 6 4 8 7 7 4 6 0 5 4   '
);

INSERT INTO identitytable (Parent_CMID,CM_FirstName,CM_LastName,CM_CompanyName,CM_Type,CM_Attributes,CM_HintField,CM_ExtHintField,CM_FirstNmPrn,CM_LastNmPrn,CM_CompanyNmPrn) VALUES (
303,
'Mar',
'Kr',
NULL,
268440329,
4,
84,
0,
NULL,
NULL,
NULL
);

INSERT INTO phone (CM_Id,CM_PhoneMatching,CM_ExtendedPhoneMatching) VALUES (
303,
4506477,
84642210
);

INSERT INTO contacts (CM_Id,CM_Type,CM_PrefTemplateRefId,CM_UIDString,CM_Last_modified,CM_ContactCreationDate,CM_Attributes,CM_ReplicationCount,CM_Header,CM_TextBlob,CM_SearchableText) VALUES (
304,
268440329,
0,
'00e0db4978d20fb8',
#07/06/2006#,
#07/06/2006#,
4,
0,
'0400000006140044000000000000000000200040002e4000102e4000101400c40000000000000000001000c0002e4000102e400010140280010000000000000000',

'00000000',

'        1 5 3 7 2 1 4 5 2 4 6 0 2 7 1   '
);

INSERT INTO identitytable (Parent_CMID,CM_FirstName,CM_LastName,CM_CompanyName,CM_Type,CM_Attributes,CM_HintField,CM_ExtHintField,CM_FirstNmPrn,CM_LastNmPrn,CM_CompanyNmPrn) VALUES (
304,
'Pelie',
'Bam',
NULL,
268440329,
4,
84,
0,
NULL,
NULL,
NULL
);

INSERT INTO phone (CM_Id,CM_PhoneMatching,CM_ExtendedPhoneMatching) VALUES (
304,
1720642,
54127351
);

INSERT INTO contacts (CM_Id,CM_Type,CM_PrefTemplateRefId,CM_UIDString,CM_Last_modified,CM_ContactCreationDate,CM_Attributes,CM_ReplicationCount,CM_Header,CM_TextBlob,CM_SearchableText) VALUES (
305,
268440329,
0,
'00e0db4978d236c8',
#07/06/2006#,
#07/06/2006#,
4,
0,
'0400000006140044000000000000000000200040002e4000102e4000101400c40000000000000000001000c0002e4000102e400010140280010000000000000000',

'00000000',

'        6 5 6 7 8 7 4 2 3 8 0 4 0 4 0   '
);

INSERT INTO identitytable (Parent_CMID,CM_FirstName,CM_LastName,CM_CompanyName,CM_Type,CM_Attributes,CM_HintField,CM_ExtHintField,CM_FirstNmPrn,CM_LastNmPrn,CM_CompanyNmPrn) VALUES (
305,
'Vamean',
'Matesstel',
NULL,
268440329,
4,
84,
0,
NULL,
NULL,
NULL
);

INSERT INTO phone (CM_Id,CM_PhoneMatching,CM_ExtendedPhoneMatching) VALUES (
305,
404083,
24787656
);

INSERT INTO contacts (CM_Id,CM_Type,CM_PrefTemplateRefId,CM_UIDString,CM_Last_modified,CM_ContactCreationDate,CM_Attributes,CM_ReplicationCount,CM_Header,CM_TextBlob,CM_SearchableText) VALUES (
306,
268440329,
0,
'00e0db4978d25dd8',
#07/06/2006#,
#07/06/2006#,
4,
0,
'0400000006140044000000000000000000200040002e4000102e4000101400c40000000000000000001000c0002e4000102e400010140280010000000000000000',

'00000000',

'        5 1 8 6 1 3 1 7 8 1 3 8 6 3 8   '
);

INSERT INTO identitytable (Parent_CMID,CM_FirstName,CM_LastName,CM_CompanyName,CM_Type,CM_Attributes,CM_HintField,CM_ExtHintField,CM_FirstNmPrn,CM_LastNmPrn,CM_CompanyNmPrn) VALUES (
306,
'Chn',
'Sa',
NULL,
268440329,
4,
84,
0,
NULL,
NULL,
NULL
);

INSERT INTO phone (CM_Id,CM_PhoneMatching,CM_ExtendedPhoneMatching) VALUES (
306,
8368318,
71316815
);

INSERT INTO contacts (CM_Id,CM_Type,CM_PrefTemplateRefId,CM_UIDString,CM_Last_modified,CM_ContactCreationDate,CM_Attributes,CM_ReplicationCount,CM_Header,CM_TextBlob,CM_SearchableText) VALUES (
307,
268440329,
0,
'00e0db4978d27160',
#07/06/2006#,
#07/06/2006#,
4,
0,
'0400000006140044000000000000000000200040002e4000102e4000101400c40000000000000000001000c0002e4000102e400010140280010000000000000000',

'00000000',

'        6 8 8 6 3 6 7 3 1 4 3 5 8 8 4   '
);

INSERT INTO identitytable (Parent_CMID,CM_FirstName,CM_LastName,CM_CompanyName,CM_Type,CM_Attributes,CM_HintField,CM_ExtHintField,CM_FirstNmPrn,CM_LastNmPrn,CM_CompanyNmPrn) VALUES (
307,
'Claner',
'Jobsham',
NULL,
268440329,
4,
84,
0,
NULL,
NULL,
NULL
);

INSERT INTO phone (CM_Id,CM_PhoneMatching,CM_ExtendedPhoneMatching) VALUES (
307,
4885341,
37636886
);

INSERT INTO contacts (CM_Id,CM_Type,CM_PrefTemplateRefId,CM_UIDString,CM_Last_modified,CM_ContactCreationDate,CM_Attributes,CM_ReplicationCount,CM_Header,CM_TextBlob,CM_SearchableText) VALUES (
308,
268440329,
0,
'00e0db4978d29870',
#07/06/2006#,
#07/06/2006#,
4,
0,
'0400000006140044000000000000000000200040002e4000102e4000101400c40000000000000000001000c0002e4000102e400010140280010000000000000000',

'00000000',

'        6 0 2 1 1 4 3 7 6 8 1 4 4 3 8   '
);

INSERT INTO identitytable (Parent_CMID,CM_FirstName,CM_LastName,CM_CompanyName,CM_Type,CM_Attributes,CM_HintField,CM_ExtHintField,CM_FirstNmPrn,CM_LastNmPrn,CM_CompanyNmPrn) VALUES (
308,
'Gula',
'Wind',
NULL,
268440329,
4,
84,
0,
NULL,
NULL,
NULL
);

INSERT INTO phone (CM_Id,CM_PhoneMatching,CM_ExtendedPhoneMatching) VALUES (
308,
8344186,
73411206
);

INSERT INTO contacts (CM_Id,CM_Type,CM_PrefTemplateRefId,CM_UIDString,CM_Last_modified,CM_ContactCreationDate,CM_Attributes,CM_ReplicationCount,CM_Header,CM_TextBlob,CM_SearchableText) VALUES (
309,
268440329,
0,
'00e0db4978d2bf80',
#07/06/2006#,
#07/06/2006#,
4,
0,
'0400000006140044000000000000000000200040002e4000102e4000101400c40000000000000000001000c0002e4000102e400010140280010000000000000000',

'00000000',

'        4 0 7 4 3 2 7 4 1 6 0 1 7 6 0   '
);

INSERT INTO identitytable (Parent_CMID,CM_FirstName,CM_LastName,CM_CompanyName,CM_Type,CM_Attributes,CM_HintField,CM_ExtHintField,CM_FirstNmPrn,CM_LastNmPrn,CM_CompanyNmPrn) VALUES (
309,
'Casah',
'Brilllundonsssoug',
NULL,
268440329,
4,
84,
0,
NULL,
NULL,
NULL
);

INSERT INTO phone (CM_Id,CM_PhoneMatching,CM_ExtendedPhoneMatching) VALUES (
309,
671061,
47234704
);

INSERT INTO contacts (CM_Id,CM_Type,CM_PrefTemplateRefId,CM_UIDString,CM_Last_modified,CM_ContactCreationDate,CM_Attributes,CM_ReplicationCount,CM_Header,CM_TextBlob,CM_SearchableText) VALUES (
310,
268440329,
0,
'00e0db4978d2e690',
#07/06/2006#,
#07/06/2006#,
4,
0,
'0400000006140044000000000000000000200040002e4000102e4000101400c40000000000000000001000c0002e4000102e400010140280010000000000000000',

'00000000',

'        7 6 5 3 0 6 6 7 6 1 3 2 5 5 5   '
);

INSERT INTO identitytable (Parent_CMID,CM_FirstName,CM_LastName,CM_CompanyName,CM_Type,CM_Attributes,CM_HintField,CM_ExtHintField,CM_FirstNmPrn,CM_LastNmPrn,CM_CompanyNmPrn) VALUES (
310,
'Mi',
'Klind',
NULL,
268440329,
4,
84,
0,
NULL,
NULL,
NULL
);

INSERT INTO phone (CM_Id,CM_PhoneMatching,CM_ExtendedPhoneMatching) VALUES (
310,
5552316,
76603567
);

INSERT INTO contacts (CM_Id,CM_Type,CM_PrefTemplateRefId,CM_UIDString,CM_Last_modified,CM_ContactCreationDate,CM_Attributes,CM_ReplicationCount,CM_Header,CM_TextBlob,CM_SearchableText) VALUES (
311,
268440329,
0,
'00e0db4978d2fa18',
#07/06/2006#,
#07/06/2006#,
4,
0,
'0400000006140044000000000000000000200040002e4000102e4000101400c40000000000000000001000c0002e4000102e400010140280010000000000000000',

'00000000',

'        0 0 1 6 6 0 7 7 7 8 1 8 4 5 4   '
);

INSERT INTO identitytable (Parent_CMID,CM_FirstName,CM_LastName,CM_CompanyName,CM_Type,CM_Attributes,CM_HintField,CM_ExtHintField,CM_FirstNmPrn,CM_LastNmPrn,CM_CompanyNmPrn) VALUES (
311,
'Jeteareh',
'Kr',
NULL,
268440329,
4,
84,
0,
NULL,
NULL,
NULL
);

INSERT INTO phone (CM_Id,CM_PhoneMatching,CM_ExtendedPhoneMatching) VALUES (
311,
4548187,
77066100
);

INSERT INTO contacts (CM_Id,CM_Type,CM_PrefTemplateRefId,CM_UIDString,CM_Last_modified,CM_ContactCreationDate,CM_Attributes,CM_ReplicationCount,CM_Header,CM_TextBlob,CM_SearchableText) VALUES (
312,
268440329,
0,
'00e0db4978d32128',
#07/06/2006#,
#07/06/2006#,
4,
0,
'0400000006140044000000000000000000200040002e4000102e4000101400c40000000000000000001000c0002e4000102e400010140280010000000000000000',

'00000000',

'        4 3 1 0 3 5 1 3 5 5 8 4 0 7 8   '
);

INSERT INTO identitytable (Parent_CMID,CM_FirstName,CM_LastName,CM_CompanyName,CM_Type,CM_Attributes,CM_HintField,CM_ExtHintField,CM_FirstNmPrn,CM_LastNmPrn,CM_CompanyNmPrn) VALUES (
312,
'Ban',
'Glur',
NULL,
268440329,
4,
84,
0,
NULL,
NULL,
NULL
);

INSERT INTO phone (CM_Id,CM_PhoneMatching,CM_ExtendedPhoneMatching) VALUES (
312,
8704855,
31530134
);

INSERT INTO contacts (CM_Id,CM_Type,CM_PrefTemplateRefId,CM_UIDString,CM_Last_modified,CM_ContactCreationDate,CM_Attributes,CM_ReplicationCount,CM_Header,CM_TextBlob,CM_SearchableText) VALUES (
313,
268440329,
0,
'00e0db4978d34838',
#07/06/2006#,
#07/06/2006#,
4,
0,
'0400000006140044000000000000000000200040002e4000102e4000101400c40000000000000000001000c0002e4000102e400010140280010000000000000000',

'00000000',

'        5 3 5 4 1 3 2 4 4 2 3 6 0 0 7   '
);

INSERT INTO identitytable (Parent_CMID,CM_FirstName,CM_LastName,CM_CompanyName,CM_Type,CM_Attributes,CM_HintField,CM_ExtHintField,CM_FirstNmPrn,CM_LastNmPrn,CM_CompanyNmPrn) VALUES (
313,
'Jian',
'Qustte',
NULL,
268440329,
4,
84,
0,
NULL,
NULL,
NULL
);

INSERT INTO phone (CM_Id,CM_PhoneMatching,CM_ExtendedPhoneMatching) VALUES (
313,
7006324,
42314535
);

INSERT INTO contacts (CM_Id,CM_Type,CM_PrefTemplateRefId,CM_UIDString,CM_Last_modified,CM_ContactCreationDate,CM_Attributes,CM_ReplicationCount,CM_Header,CM_TextBlob,CM_SearchableText) VALUES (
314,
268440329,
0,
'00e0db4978d36f48',
#07/06/2006#,
#07/06/2006#,
4,
0,
'0400000006140044000000000000000000200040002e4000102e4000101400c40000000000000000001000c0002e4000102e400010140280010000000000000000',

'00000000',

'        3 0 1 2 3 5 1 4 8 4 4 3 0 7 2   '
);

INSERT INTO identitytable (Parent_CMID,CM_FirstName,CM_LastName,CM_CompanyName,CM_Type,CM_Attributes,CM_HintField,CM_ExtHintField,CM_FirstNmPrn,CM_LastNmPrn,CM_CompanyNmPrn) VALUES (
314,
'An',
'Rewonmuder',
NULL,
268440329,
4,
84,
0,
NULL,
NULL,
NULL
);

INSERT INTO phone (CM_Id,CM_PhoneMatching,CM_ExtendedPhoneMatching) VALUES (
314,
2703448,
41532103
);

INSERT INTO contacts (CM_Id,CM_Type,CM_PrefTemplateRefId,CM_UIDString,CM_Last_modified,CM_ContactCreationDate,CM_Attributes,CM_ReplicationCount,CM_Header,CM_TextBlob,CM_SearchableText) VALUES (
315,
268440329,
0,
'00e0db4978d39658',
#07/06/2006#,
#07/06/2006#,
4,
0,
'0400000006140044000000000000000000200040002e4000102e4000101400c40000000000000000001000c0002e4000102e400010140280010000000000000000',

'00000000',

'        8 4 2 1 1 5 2 6 3 1 4 4 1 3 7   '
);

INSERT INTO identitytable (Parent_CMID,CM_FirstName,CM_LastName,CM_CompanyName,CM_Type,CM_Attributes,CM_HintField,CM_ExtHintField,CM_FirstNmPrn,CM_LastNmPrn,CM_CompanyNmPrn) VALUES (
315,
'Jonuzul',
'Kigicheyew',
NULL,
268440329,
4,
84,
0,
NULL,
NULL,
NULL
);

INSERT INTO phone (CM_Id,CM_PhoneMatching,CM_ExtendedPhoneMatching) VALUES (
315,
7314413,
62511248
);

INSERT INTO contacts (CM_Id,CM_Type,CM_PrefTemplateRefId,CM_UIDString,CM_Last_modified,CM_ContactCreationDate,CM_Attributes,CM_ReplicationCount,CM_Header,CM_TextBlob,CM_SearchableText) VALUES (
316,
268440329,
0,
'00e0db4978d3bd68',
#07/06/2006#,
#07/06/2006#,
4,
0,
'0400000006140044000000000000000000200040002e4000102e4000101400c40000000000000000001000c0002e4000102e400010140280010000000000000000',

'00000000',

'        0 2 1 1 2 3 0 6 1 7 3 8 0 7 3   '
);

INSERT INTO identitytable (Parent_CMID,CM_FirstName,CM_LastName,CM_CompanyName,CM_Type,CM_Attributes,CM_HintField,CM_ExtHintField,CM_FirstNmPrn,CM_LastNmPrn,CM_CompanyNmPrn) VALUES (
316,
'Jo',
'Hand',
NULL,
268440329,
4,
84,
0,
NULL,
NULL,
NULL
);

INSERT INTO phone (CM_Id,CM_PhoneMatching,CM_ExtendedPhoneMatching) VALUES (
316,
3708371,
60321120
);

INSERT INTO contacts (CM_Id,CM_Type,CM_PrefTemplateRefId,CM_UIDString,CM_Last_modified,CM_ContactCreationDate,CM_Attributes,CM_ReplicationCount,CM_Header,CM_TextBlob,CM_SearchableText) VALUES (
317,
268440329,
0,
'00e0db4978d41f10',
#07/06/2006#,
#07/06/2006#,
4,
0,
'0400000006140044000000000000000000200040002e4000102e4000101400c40000000000000000001000c0002e4000102e400010140280010000000000000000',

'00000000',

'        5 6 2 1 4 6 6 6 3 8 0 2 3 6 6   '
);

INSERT INTO identitytable (Parent_CMID,CM_FirstName,CM_LastName,CM_CompanyName,CM_Type,CM_Attributes,CM_HintField,CM_ExtHintField,CM_FirstNmPrn,CM_LastNmPrn,CM_CompanyNmPrn) VALUES (
317,
'Belaul',
'Rome',
NULL,
268440329,
4,
84,
0,
NULL,
NULL,
NULL
);

INSERT INTO phone (CM_Id,CM_PhoneMatching,CM_ExtendedPhoneMatching) VALUES (
317,
6632083,
66641265
);

INSERT INTO contacts (CM_Id,CM_Type,CM_PrefTemplateRefId,CM_UIDString,CM_Last_modified,CM_ContactCreationDate,CM_Attributes,CM_ReplicationCount,CM_Header,CM_TextBlob,CM_SearchableText) VALUES (
318,
268440329,
0,
'00e0db4978d44620',
#07/06/2006#,
#07/06/2006#,
4,
0,
'0400000006140044000000000000000000200040002e4000102e4000101400c40000000000000000001000c0002e4000102e400010140280010000000000000000',

'00000000',

'        7 1 5 8 1 0 3 2 1 1 4 5 1 0 6   '
);

INSERT INTO identitytable (Parent_CMID,CM_FirstName,CM_LastName,CM_CompanyName,CM_Type,CM_Attributes,CM_HintField,CM_ExtHintField,CM_FirstNmPrn,CM_LastNmPrn,CM_CompanyNmPrn) VALUES (
318,
'Lurdo',
'De',
NULL,
268440329,
4,
84,
0,
NULL,
NULL,
NULL
);

INSERT INTO phone (CM_Id,CM_PhoneMatching,CM_ExtendedPhoneMatching) VALUES (
318,
6015411,
23018517
);

INSERT INTO contacts (CM_Id,CM_Type,CM_PrefTemplateRefId,CM_UIDString,CM_Last_modified,CM_ContactCreationDate,CM_Attributes,CM_ReplicationCount,CM_Header,CM_TextBlob,CM_SearchableText) VALUES (
319,
268440329,
0,
'00e0db4978d459a8',
#07/06/2006#,
#07/06/2006#,
4,
0,
'0400000006140044000000000000000000200040002e4000102e4000101400c40000000000000000001000c0002e4000102e400010140280010000000000000000',

'00000000',

'        1 1 5 6 2 1 6 4 0 0 7 0 1 8 8   '
);

INSERT INTO identitytable (Parent_CMID,CM_FirstName,CM_LastName,CM_CompanyName,CM_Type,CM_Attributes,CM_HintField,CM_ExtHintField,CM_FirstNmPrn,CM_LastNmPrn,CM_CompanyNmPrn) VALUES (
319,
'Pary',
'Trl',
NULL,
268440329,
4,
84,
0,
NULL,
NULL,
NULL
);

INSERT INTO phone (CM_Id,CM_PhoneMatching,CM_ExtendedPhoneMatching) VALUES (
319,
8810700,
46126511
);


INSERT INTO contacts (CM_Id,CM_Type,CM_PrefTemplateRefId,CM_UIDString,CM_Last_modified,CM_ContactCreationDate,CM_Attributes,CM_ReplicationCount,CM_Header,CM_TextBlob,CM_SearchableText) VALUES (
320,
268440329,
0,
'00e0db4978d480b8',
#07/06/2006#,
#07/06/2006#,
4,
0,
'0400000006140044000000000000000000200040002e4000102e4000101400c40000000000000000001000c0002e4000102e400010140280010000000000000000',

'00000000',

'        6 2 3 2 6 8 0 8 5 4 0 0 3 3 0   '
);

INSERT INTO identitytable (Parent_CMID,CM_FirstName,CM_LastName,CM_CompanyName,CM_Type,CM_Attributes,CM_HintField,CM_ExtHintField,CM_FirstNmPrn,CM_LastNmPrn,CM_CompanyNmPrn) VALUES (
320,
'Sicane',
'Allouisksi',
NULL,
268440329,
4,
84,
0,
NULL,
NULL,
NULL
);

INSERT INTO phone (CM_Id,CM_PhoneMatching,CM_ExtendedPhoneMatching) VALUES (
320,
330045,
80862326
);

INSERT INTO contacts (CM_Id,CM_Type,CM_PrefTemplateRefId,CM_UIDString,CM_Last_modified,CM_ContactCreationDate,CM_Attributes,CM_ReplicationCount,CM_Header,CM_TextBlob,CM_SearchableText) VALUES (
321,
268440329,
0,
'00e0db4978d4a7c8',
#07/06/2006#,
#07/06/2006#,
4,
0,
'0400000006140044000000000000000000200040002e4000102e4000101400c40000000000000000001000c0002e4000102e400010140280010000000000000000',

'00000000',

'        5 3 8 4 0 2 3 0 7 4 7 5 0 3 8   '
);

INSERT INTO identitytable (Parent_CMID,CM_FirstName,CM_LastName,CM_CompanyName,CM_Type,CM_Attributes,CM_HintField,CM_ExtHintField,CM_FirstNmPrn,CM_LastNmPrn,CM_CompanyNmPrn) VALUES (
321,
'Em',
'Sia',
NULL,
268440329,
4,
84,
0,
NULL,
NULL,
NULL
);

INSERT INTO phone (CM_Id,CM_PhoneMatching,CM_ExtendedPhoneMatching) VALUES (
321,
8305747,
3204835
);

INSERT INTO contacts (CM_Id,CM_Type,CM_PrefTemplateRefId,CM_UIDString,CM_Last_modified,CM_ContactCreationDate,CM_Attributes,CM_ReplicationCount,CM_Header,CM_TextBlob,CM_SearchableText) VALUES (
322,
268440329,
0,
'00e0db4978d4ced8',
#07/06/2006#,
#07/06/2006#,
4,
0,
'0400000006140044000000000000000000200040002e4000102e4000101400c40000000000000000001000c0002e4000102e400010140280010000000000000000',

'00000000',

'        5 0 2 1 5 8 6 5 4 4 5 3 5 7 8   '
);

INSERT INTO identitytable (Parent_CMID,CM_FirstName,CM_LastName,CM_CompanyName,CM_Type,CM_Attributes,CM_HintField,CM_ExtHintField,CM_FirstNmPrn,CM_LastNmPrn,CM_CompanyNmPrn) VALUES (
322,
'Jick',
'As',
NULL,
268440329,
4,
84,
0,
NULL,
NULL,
NULL
);

INSERT INTO phone (CM_Id,CM_PhoneMatching,CM_ExtendedPhoneMatching) VALUES (
322,
8753544,
56851205
);

INSERT INTO contacts (CM_Id,CM_Type,CM_PrefTemplateRefId,CM_UIDString,CM_Last_modified,CM_ContactCreationDate,CM_Attributes,CM_ReplicationCount,CM_Header,CM_TextBlob,CM_SearchableText) VALUES (
323,
268440329,
0,
'00e0db4978d4f5e8',
#07/06/2006#,
#07/06/2006#,
4,
0,
'0400000006140044000000000000000000200040002e4000102e4000101400c40000000000000000001000c0002e4000102e400010140280010000000000000000',

'00000000',

'        5 5 1 2 1 6 1 7 4 5 0 7 7 0 5   '
);

INSERT INTO identitytable (Parent_CMID,CM_FirstName,CM_LastName,CM_CompanyName,CM_Type,CM_Attributes,CM_HintField,CM_ExtHintField,CM_FirstNmPrn,CM_LastNmPrn,CM_CompanyNmPrn) VALUES (
323,
'Wil',
'Anw',
NULL,
268440329,
4,
84,
0,
NULL,
NULL,
NULL
);

INSERT INTO phone (CM_Id,CM_PhoneMatching,CM_ExtendedPhoneMatching) VALUES (
323,
5077054,
71612155
);

INSERT INTO contacts (CM_Id,CM_Type,CM_PrefTemplateRefId,CM_UIDString,CM_Last_modified,CM_ContactCreationDate,CM_Attributes,CM_ReplicationCount,CM_Header,CM_TextBlob,CM_SearchableText) VALUES (
324,
268440329,
0,
'00e0db4978d51cf8',
#07/06/2006#,
#07/06/2006#,
4,
0,
'0400000006140044000000000000000000200040002e4000102e4000101400c40000000000000000001000c0002e4000102e400010140280010000000000000000',

'00000000',

'        5 6 6 6 5 5 5 1 0 0 1 1 0 0 0   '
);

INSERT INTO identitytable (Parent_CMID,CM_FirstName,CM_LastName,CM_CompanyName,CM_Type,CM_Attributes,CM_HintField,CM_ExtHintField,CM_FirstNmPrn,CM_LastNmPrn,CM_CompanyNmPrn) VALUES (
324,
'Nare',
'Haklbertnysones',
NULL,
268440329,
4,
84,
0,
NULL,
NULL,
NULL
);

INSERT INTO phone (CM_Id,CM_PhoneMatching,CM_ExtendedPhoneMatching) VALUES (
324,
1100,
15556665
);

INSERT INTO contacts (CM_Id,CM_Type,CM_PrefTemplateRefId,CM_UIDString,CM_Last_modified,CM_ContactCreationDate,CM_Attributes,CM_ReplicationCount,CM_Header,CM_TextBlob,CM_SearchableText) VALUES (
325,
268440329,
0,
'00e0db4978d53080',
#07/06/2006#,
#07/06/2006#,
4,
0,
'0400000006140044000000000000000000200040002e4000102e4000101400c40000000000000000001000c0002e4000102e400010140280010000000000000000',

'00000000',

'        1 0 4 2 5 3 4 7 1 3 6 5 8 6 1   '
);

INSERT INTO identitytable (Parent_CMID,CM_FirstName,CM_LastName,CM_CompanyName,CM_Type,CM_Attributes,CM_HintField,CM_ExtHintField,CM_FirstNmPrn,CM_LastNmPrn,CM_CompanyNmPrn) VALUES (
325,
'Mal',
'Sinianna',
NULL,
268440329,
4,
84,
0,
NULL,
NULL,
NULL
);

INSERT INTO phone (CM_Id,CM_PhoneMatching,CM_ExtendedPhoneMatching) VALUES (
325,
1685631,
74352401
);

INSERT INTO contacts (CM_Id,CM_Type,CM_PrefTemplateRefId,CM_UIDString,CM_Last_modified,CM_ContactCreationDate,CM_Attributes,CM_ReplicationCount,CM_Header,CM_TextBlob,CM_SearchableText) VALUES (
326,
268440329,
0,
'00e0db4978d55790',
#07/06/2006#,
#07/06/2006#,
4,
0,
'0400000006140044000000000000000000200040002e4000102e4000101400c40000000000000000001000c0002e4000102e400010140280010000000000000000',

'00000000',

'        3 3 1 8 0 0 1 6 0 4 1 1 3 1 5   '
);

INSERT INTO identitytable (Parent_CMID,CM_FirstName,CM_LastName,CM_CompanyName,CM_Type,CM_Attributes,CM_HintField,CM_ExtHintField,CM_FirstNmPrn,CM_LastNmPrn,CM_CompanyNmPrn) VALUES (
326,
'Tonohengn',
'Werr',
NULL,
268440329,
4,
84,
0,
NULL,
NULL,
NULL
);

INSERT INTO phone (CM_Id,CM_PhoneMatching,CM_ExtendedPhoneMatching) VALUES (
326,
5131140,
61008133
);

INSERT INTO contacts (CM_Id,CM_Type,CM_PrefTemplateRefId,CM_UIDString,CM_Last_modified,CM_ContactCreationDate,CM_Attributes,CM_ReplicationCount,CM_Header,CM_TextBlob,CM_SearchableText) VALUES (
327,
268440329,
0,
'00e0db4978d57ea0',
#07/06/2006#,
#07/06/2006#,
4,
0,
'0400000006140044000000000000000000200040002e4000102e4000101400c40000000000000000001000c0002e4000102e400010140280010000000000000000',

'00000000',

'        3 8 3 1 1 5 2 1 6 0 1 0 3 1 7   '
);

INSERT INTO identitytable (Parent_CMID,CM_FirstName,CM_LastName,CM_CompanyName,CM_Type,CM_Attributes,CM_HintField,CM_ExtHintField,CM_FirstNmPrn,CM_LastNmPrn,CM_CompanyNmPrn) VALUES (
327,
'Bewasajatthreff',
'Merster',
NULL,
268440329,
4,
84,
0,
NULL,
NULL,
NULL
);

INSERT INTO phone (CM_Id,CM_PhoneMatching,CM_ExtendedPhoneMatching) VALUES (
327,
7130106,
12511383
);

INSERT INTO contacts (CM_Id,CM_Type,CM_PrefTemplateRefId,CM_UIDString,CM_Last_modified,CM_ContactCreationDate,CM_Attributes,CM_ReplicationCount,CM_Header,CM_TextBlob,CM_SearchableText) VALUES (
328,
268440329,
0,
'00e0db4978d59228',
#07/06/2006#,
#07/06/2006#,
4,
0,
'0400000006140044000000000000000000200040002e4000102e4000101400c40000000000000000001000c0002e4000102e400010140280010000000000000000',

'00000000',

'        8 6 5 0 3 7 6 4 4 8 4 7 2 4 7   '
);

INSERT INTO identitytable (Parent_CMID,CM_FirstName,CM_LastName,CM_CompanyName,CM_Type,CM_Attributes,CM_HintField,CM_ExtHintField,CM_FirstNmPrn,CM_LastNmPrn,CM_CompanyNmPrn) VALUES (
328,
'Kax',
'Fonr',
NULL,
268440329,
4,
84,
0,
NULL,
NULL,
NULL
);

INSERT INTO phone (CM_Id,CM_PhoneMatching,CM_ExtendedPhoneMatching) VALUES (
328,
7427484,
46730568
);

INSERT INTO contacts (CM_Id,CM_Type,CM_PrefTemplateRefId,CM_UIDString,CM_Last_modified,CM_ContactCreationDate,CM_Attributes,CM_ReplicationCount,CM_Header,CM_TextBlob,CM_SearchableText) VALUES (
329,
268440329,
0,
'00e0db4978d5b938',
#07/06/2006#,
#07/06/2006#,
4,
0,
'0400000006140044000000000000000000200040002e4000102e4000101400c40000000000000000001000c0002e4000102e400010140280010000000000000000',

'00000000',

'        4 7 4 0 7 4 0 0 6 1 0 8 2 0 1   '
);

INSERT INTO identitytable (Parent_CMID,CM_FirstName,CM_LastName,CM_CompanyName,CM_Type,CM_Attributes,CM_HintField,CM_ExtHintField,CM_FirstNmPrn,CM_LastNmPrn,CM_CompanyNmPrn) VALUES (
329,
'Julll',
'Wh',
NULL,
268440329,
4,
84,
0,
NULL,
NULL,
NULL
);

INSERT INTO phone (CM_Id,CM_PhoneMatching,CM_ExtendedPhoneMatching) VALUES (
329,
1028016,
470474
);

INSERT INTO contacts (CM_Id,CM_Type,CM_PrefTemplateRefId,CM_UIDString,CM_Last_modified,CM_ContactCreationDate,CM_Attributes,CM_ReplicationCount,CM_Header,CM_TextBlob,CM_SearchableText) VALUES (
330,
268440329,
0,
'00e0db4978d5d684',
#07/06/2006#,
#07/06/2006#,
4,
0,
'0400000006140044000000000000000000200040002e4000102e4000101400c40000000000000000001000c0002e4000102e400010140280010000000000000000',

'00000000',

'        2 8 4 1 6 8 6 5 5 7 6 0 7 6 2   '
);

INSERT INTO identitytable (Parent_CMID,CM_FirstName,CM_LastName,CM_CompanyName,CM_Type,CM_Attributes,CM_HintField,CM_ExtHintField,CM_FirstNmPrn,CM_LastNmPrn,CM_CompanyNmPrn) VALUES (
330,
'Paterris',
'Simiedd',
NULL,
268440329,
4,
84,
0,
NULL,
NULL,
NULL
);

INSERT INTO phone (CM_Id,CM_PhoneMatching,CM_ExtendedPhoneMatching) VALUES (
330,
2670675,
56861482
);

INSERT INTO contacts (CM_Id,CM_Type,CM_PrefTemplateRefId,CM_UIDString,CM_Last_modified,CM_ContactCreationDate,CM_Attributes,CM_ReplicationCount,CM_Header,CM_TextBlob,CM_SearchableText) VALUES (
331,
268440329,
0,
'00e0db4978d5fd94',
#07/06/2006#,
#07/06/2006#,
4,
0,
'0400000006140044000000000000000000200040002e4000102e4000101400c40000000000000000001000c0002e4000102e400010140280010000000000000000',

'00000000',

'        4 1 5 1 0 2 0 6 6 0 2 7 3 7 5   '
);

INSERT INTO identitytable (Parent_CMID,CM_FirstName,CM_LastName,CM_CompanyName,CM_Type,CM_Attributes,CM_HintField,CM_ExtHintField,CM_FirstNmPrn,CM_LastNmPrn,CM_CompanyNmPrn) VALUES (
331,
'Jorya',
'upmarone',
NULL,
268440329,
4,
84,
0,
NULL,
NULL,
NULL
);

INSERT INTO phone (CM_Id,CM_PhoneMatching,CM_ExtendedPhoneMatching) VALUES (
331,
5737206,
60201514
);

INSERT INTO contacts (CM_Id,CM_Type,CM_PrefTemplateRefId,CM_UIDString,CM_Last_modified,CM_ContactCreationDate,CM_Attributes,CM_ReplicationCount,CM_Header,CM_TextBlob,CM_SearchableText) VALUES (
332,
268440329,
0,
'00e0db4978d64e25',
#07/06/2006#,
#07/06/2006#,
4,
0,
'0400000006140044000000000000000000200040002e4000102e4000101400c40000000000000000001000c0002e4000102e400010140280010000000000000000',

'00000000',

'        8 4 2 3 2 0 5 5 7 0 2 2 7 0 7   '
);

INSERT INTO identitytable (Parent_CMID,CM_FirstName,CM_LastName,CM_CompanyName,CM_Type,CM_Attributes,CM_HintField,CM_ExtHintField,CM_FirstNmPrn,CM_LastNmPrn,CM_CompanyNmPrn) VALUES (
332,
'Sashan',
'Wierindewnt',
NULL,
268440329,
4,
84,
0,
NULL,
NULL,
NULL
);

INSERT INTO phone (CM_Id,CM_PhoneMatching,CM_ExtendedPhoneMatching) VALUES (
332,
7072207,
55023248
);

INSERT INTO contacts (CM_Id,CM_Type,CM_PrefTemplateRefId,CM_UIDString,CM_Last_modified,CM_ContactCreationDate,CM_Attributes,CM_ReplicationCount,CM_Header,CM_TextBlob,CM_SearchableText) VALUES (
333,
268440329,
0,
'00e0db4978d67535',
#07/06/2006#,
#07/06/2006#,
4,
0,
'0400000006140044000000000000000000200040002e4000102e4000101400c40000000000000000001000c0002e4000102e400010140280010000000000000000',

'00000000',

'        8 8 0 3 5 2 0 3 1 4 7 3 4 8 2   '
);

INSERT INTO identitytable (Parent_CMID,CM_FirstName,CM_LastName,CM_CompanyName,CM_Type,CM_Attributes,CM_HintField,CM_ExtHintField,CM_FirstNmPrn,CM_LastNmPrn,CM_CompanyNmPrn) VALUES (
333,
'Coh',
'Gandoviamaner',
NULL,
268440329,
4,
84,
0,
NULL,
NULL,
NULL
);

INSERT INTO phone (CM_Id,CM_PhoneMatching,CM_ExtendedPhoneMatching) VALUES (
333,
2843741,
30253088
);

INSERT INTO contacts (CM_Id,CM_Type,CM_PrefTemplateRefId,CM_UIDString,CM_Last_modified,CM_ContactCreationDate,CM_Attributes,CM_ReplicationCount,CM_Header,CM_TextBlob,CM_SearchableText) VALUES (
334,
268440329,
0,
'00e0db4978d688bd',
#07/06/2006#,
#07/06/2006#,
4,
0,
'0400000006140044000000000000000000200040002e4000102e4000101400c40000000000000000001000c0002e4000102e400010140280010000000000000000',

'00000000',

'        7 6 4 7 5 0 6 2 2 1 4 1 5 2 4   '
);

INSERT INTO identitytable (Parent_CMID,CM_FirstName,CM_LastName,CM_CompanyName,CM_Type,CM_Attributes,CM_HintField,CM_ExtHintField,CM_FirstNmPrn,CM_LastNmPrn,CM_CompanyNmPrn) VALUES (
334,
'Thrrol',
'Gaytaranckenses',
NULL,
268440329,
4,
84,
0,
NULL,
NULL,
NULL
);

INSERT INTO phone (CM_Id,CM_PhoneMatching,CM_ExtendedPhoneMatching) VALUES (
334,
4251412,
26057467
);

INSERT INTO contacts (CM_Id,CM_Type,CM_PrefTemplateRefId,CM_UIDString,CM_Last_modified,CM_ContactCreationDate,CM_Attributes,CM_ReplicationCount,CM_Header,CM_TextBlob,CM_SearchableText) VALUES (
335,
268440329,
0,
'00e0db4978d6afcd',
#07/06/2006#,
#07/06/2006#,
4,
0,
'0400000006140044000000000000000000200040002e4000102e4000101400c40000000000000000001000c0002e4000102e400010140280010000000000000000',

'00000000',

'        7 3 5 1 0 0 8 2 1 6 1 2 3 4 2   '
);

INSERT INTO identitytable (Parent_CMID,CM_FirstName,CM_LastName,CM_CompanyName,CM_Type,CM_Attributes,CM_HintField,CM_ExtHintField,CM_FirstNmPrn,CM_LastNmPrn,CM_CompanyNmPrn) VALUES (
335,
'Ni',
'Apea',
NULL,
268440329,
4,
84,
0,
NULL,
NULL,
NULL
);

INSERT INTO phone (CM_Id,CM_PhoneMatching,CM_ExtendedPhoneMatching) VALUES (
335,
2432161,
28001537
);

INSERT INTO contacts (CM_Id,CM_Type,CM_PrefTemplateRefId,CM_UIDString,CM_Last_modified,CM_ContactCreationDate,CM_Attributes,CM_ReplicationCount,CM_Header,CM_TextBlob,CM_SearchableText) VALUES (
336,
268440329,
0,
'00e0db4978d6d6dd',
#07/06/2006#,
#07/06/2006#,
4,
0,
'0400000006140044000000000000000000200040002e4000102e4000101400c40000000000000000001000c0002e4000102e400010140280010000000000000000',

'00000000',

'        0 5 5 2 6 3 0 8 1 1 8 4 8 2 6   '
);

INSERT INTO identitytable (Parent_CMID,CM_FirstName,CM_LastName,CM_CompanyName,CM_Type,CM_Attributes,CM_HintField,CM_ExtHintField,CM_FirstNmPrn,CM_LastNmPrn,CM_CompanyNmPrn) VALUES (
336,
'Geri',
'Okun-Mamar',
NULL,
268440329,
4,
84,
0,
NULL,
NULL,
NULL
);

INSERT INTO phone (CM_Id,CM_PhoneMatching,CM_ExtendedPhoneMatching) VALUES (
336,
6284811,
80362550
);

INSERT INTO contacts (CM_Id,CM_Type,CM_PrefTemplateRefId,CM_UIDString,CM_Last_modified,CM_ContactCreationDate,CM_Attributes,CM_ReplicationCount,CM_Header,CM_TextBlob,CM_SearchableText) VALUES (
337,
268440329,
0,
'00e0db4978d6fded',
#07/06/2006#,
#07/06/2006#,
4,
0,
'0400000006140044000000000000000000200040002e4000102e4000101400c40000000000000000001000c0002e4000102e400010140280010000000000000000',

'00000000',

'        2 0 4 0 1 3 7 7 7 8 8 8 6 1 6   '
);

INSERT INTO identitytable (Parent_CMID,CM_FirstName,CM_LastName,CM_CompanyName,CM_Type,CM_Attributes,CM_HintField,CM_ExtHintField,CM_FirstNmPrn,CM_LastNmPrn,CM_CompanyNmPrn) VALUES (
337,
'Maile',
'Drssaoninchad',
NULL,
268440329,
4,
84,
0,
NULL,
NULL,
NULL
);

INSERT INTO phone (CM_Id,CM_PhoneMatching,CM_ExtendedPhoneMatching) VALUES (
337,
6168887,
77310402
);

INSERT INTO contacts (CM_Id,CM_Type,CM_PrefTemplateRefId,CM_UIDString,CM_Last_modified,CM_ContactCreationDate,CM_Attributes,CM_ReplicationCount,CM_Header,CM_TextBlob,CM_SearchableText) VALUES (
338,
268440329,
0,
'00e0db4978d724fd',
#07/06/2006#,
#07/06/2006#,
4,
0,
'0400000006140044000000000000000000200040002e4000102e4000101400c40000000000000000001000c0002e4000102e400010140280010000000000000000',

'00000000',

'        8 5 1 6 8 0 7 1 6 8 6 2 3 4 5   '
);

INSERT INTO identitytable (Parent_CMID,CM_FirstName,CM_LastName,CM_CompanyName,CM_Type,CM_Attributes,CM_HintField,CM_ExtHintField,CM_FirstNmPrn,CM_LastNmPrn,CM_CompanyNmPrn) VALUES (
338,
'Jargn',
'Fay',
NULL,
268440329,
4,
84,
0,
NULL,
NULL,
NULL
);

INSERT INTO phone (CM_Id,CM_PhoneMatching,CM_ExtendedPhoneMatching) VALUES (
338,
5432686,
17086158
);

INSERT INTO contacts (CM_Id,CM_Type,CM_PrefTemplateRefId,CM_UIDString,CM_Last_modified,CM_ContactCreationDate,CM_Attributes,CM_ReplicationCount,CM_Header,CM_TextBlob,CM_SearchableText) VALUES (
339,
268440329,
0,
'00e0db4978d73885',
#07/06/2006#,
#07/06/2006#,
4,
0,
'0400000006140044000000000000000000200040002e4000102e4000101400c40000000000000000001000c0002e4000102e400010140280010000000000000000',

'00000000',

'        3 4 3 4 0 4 4 6 6 0 4 3 1 2 2   '
);

INSERT INTO identitytable (Parent_CMID,CM_FirstName,CM_LastName,CM_CompanyName,CM_Type,CM_Attributes,CM_HintField,CM_ExtHintField,CM_FirstNmPrn,CM_LastNmPrn,CM_CompanyNmPrn) VALUES (
339,
'Sy',
'Ansstrs',
NULL,
268440329,
4,
84,
0,
NULL,
NULL,
NULL
);

INSERT INTO phone (CM_Id,CM_PhoneMatching,CM_ExtendedPhoneMatching) VALUES (
339,
2213406,
64404343
);

INSERT INTO contacts (CM_Id,CM_Type,CM_PrefTemplateRefId,CM_UIDString,CM_Last_modified,CM_ContactCreationDate,CM_Attributes,CM_ReplicationCount,CM_Header,CM_TextBlob,CM_SearchableText) VALUES (
340,
268440329,
0,
'00e0db4978d75f95',
#07/06/2006#,
#07/06/2006#,
4,
0,
'0400000006140044000000000000000000200040002e4000102e4000101400c40000000000000000001000c0002e4000102e400010140280010000000000000000',

'00000000',

'        7 5 5 2 0 4 6 8 7 4 4 8 8 4 6   '
);

INSERT INTO identitytable (Parent_CMID,CM_FirstName,CM_LastName,CM_CompanyName,CM_Type,CM_Attributes,CM_HintField,CM_ExtHintField,CM_FirstNmPrn,CM_LastNmPrn,CM_CompanyNmPrn) VALUES (
340,
'Alobie',
'Jondiss',
NULL,
268440329,
4,
84,
0,
NULL,
NULL,
NULL
);

INSERT INTO phone (CM_Id,CM_PhoneMatching,CM_ExtendedPhoneMatching) VALUES (
340,
6488447,
86402557
);

INSERT INTO contacts (CM_Id,CM_Type,CM_PrefTemplateRefId,CM_UIDString,CM_Last_modified,CM_ContactCreationDate,CM_Attributes,CM_ReplicationCount,CM_Header,CM_TextBlob,CM_SearchableText) VALUES (
341,
268440329,
0,
'00e0db4978d786a5',
#07/06/2006#,
#07/06/2006#,
4,
0,
'0400000006140044000000000000000000200040002e4000102e4000101400c40000000000000000001000c0002e4000102e400010140280010000000000000000',

'00000000',

'        3 1 8 5 3 3 8 7 2 3 8 0 2 6 7   '
);

INSERT INTO identitytable (Parent_CMID,CM_FirstName,CM_LastName,CM_CompanyName,CM_Type,CM_Attributes,CM_HintField,CM_ExtHintField,CM_FirstNmPrn,CM_LastNmPrn,CM_CompanyNmPrn) VALUES (
341,
'Jahrim',
'Arou',
NULL,
268440329,
4,
84,
0,
NULL,
NULL,
NULL
);

INSERT INTO phone (CM_Id,CM_PhoneMatching,CM_ExtendedPhoneMatching) VALUES (
341,
7620832,
78335813
);

INSERT INTO contacts (CM_Id,CM_Type,CM_PrefTemplateRefId,CM_UIDString,CM_Last_modified,CM_ContactCreationDate,CM_Attributes,CM_ReplicationCount,CM_Header,CM_TextBlob,CM_SearchableText) VALUES (
342,
268440329,
0,
'00e0db4978d7adb5',
#07/06/2006#,
#07/06/2006#,
4,
0,
'0400000006140044000000000000000000200040002e4000102e4000101400c40000000000000000001000c0002e4000102e400010140280010000000000000000',

'00000000',

'        1 0 8 8 5 3 6 8 6 7 6 1 7 3 6   '
);

INSERT INTO identitytable (Parent_CMID,CM_FirstName,CM_LastName,CM_CompanyName,CM_Type,CM_Attributes,CM_HintField,CM_ExtHintField,CM_FirstNmPrn,CM_LastNmPrn,CM_CompanyNmPrn) VALUES (
342,
'Caushatattoatot',
'Wes',
NULL,
268440329,
4,
84,
0,
NULL,
NULL,
NULL
);

INSERT INTO phone (CM_Id,CM_PhoneMatching,CM_ExtendedPhoneMatching) VALUES (
342,
6371676,
86358801
);

INSERT INTO contacts (CM_Id,CM_Type,CM_PrefTemplateRefId,CM_UIDString,CM_Last_modified,CM_ContactCreationDate,CM_Attributes,CM_ReplicationCount,CM_Header,CM_TextBlob,CM_SearchableText) VALUES (
343,
268440329,
0,
'00e0db4978d7d4c5',
#07/06/2006#,
#07/06/2006#,
4,
0,
'0400000006140044000000000000000000200040002e4000102e4000101400c40000000000000000001000c0002e4000102e400010140280010000000000000000',

'00000000',

'        1 7 2 7 5 4 5 8 4 1 3 5 1 7 6   '
);

INSERT INTO identitytable (Parent_CMID,CM_FirstName,CM_LastName,CM_CompanyName,CM_Type,CM_Attributes,CM_HintField,CM_ExtHintField,CM_FirstNmPrn,CM_LastNmPrn,CM_CompanyNmPrn) VALUES (
343,
'Hel',
'Lethiste',
NULL,
268440329,
4,
84,
0,
NULL,
NULL,
NULL
);

INSERT INTO phone (CM_Id,CM_PhoneMatching,CM_ExtendedPhoneMatching) VALUES (
343,
6715314,
85457271
);

INSERT INTO contacts (CM_Id,CM_Type,CM_PrefTemplateRefId,CM_UIDString,CM_Last_modified,CM_ContactCreationDate,CM_Attributes,CM_ReplicationCount,CM_Header,CM_TextBlob,CM_SearchableText) VALUES (
344,
268440329,
0,
'00e0db4978d7e84d',
#07/06/2006#,
#07/06/2006#,
4,
0,
'0400000006140044000000000000000000200040002e4000102e4000101400c40000000000000000001000c0002e4000102e400010140280010000000000000000',

'00000000',

'        5 5 3 7 7 3 3 8 6 7 6 7 2 2 3   '
);

INSERT INTO identitytable (Parent_CMID,CM_FirstName,CM_LastName,CM_CompanyName,CM_Type,CM_Attributes,CM_HintField,CM_ExtHintField,CM_FirstNmPrn,CM_LastNmPrn,CM_CompanyNmPrn) VALUES (
344,
'Pauavol',
'Le',
NULL,
268440329,
4,
84,
0,
NULL,
NULL,
NULL
);

INSERT INTO phone (CM_Id,CM_PhoneMatching,CM_ExtendedPhoneMatching) VALUES (
344,
3227676,
83377355
);

INSERT INTO contacts (CM_Id,CM_Type,CM_PrefTemplateRefId,CM_UIDString,CM_Last_modified,CM_ContactCreationDate,CM_Attributes,CM_ReplicationCount,CM_Header,CM_TextBlob,CM_SearchableText) VALUES (
345,
268440329,
0,
'00e0db4978d87105',
#07/06/2006#,
#07/06/2006#,
4,
0,
'0400000006140044000000000000000000200040002e4000102e4000101400c40000000000000000001000c0002e4000102e400010140280010000000000000000',

'00000000',

'        8 3 6 8 8 7 2 8 2 1 4 6 0 2 4   '
);

INSERT INTO identitytable (Parent_CMID,CM_FirstName,CM_LastName,CM_CompanyName,CM_Type,CM_Attributes,CM_HintField,CM_ExtHintField,CM_FirstNmPrn,CM_LastNmPrn,CM_CompanyNmPrn) VALUES (
345,
'Periky',
'Ta',
NULL,
268440329,
4,
84,
0,
NULL,
NULL,
NULL
);

INSERT INTO phone (CM_Id,CM_PhoneMatching,CM_ExtendedPhoneMatching) VALUES (
345,
4206412,
82788638
);

INSERT INTO contacts (CM_Id,CM_Type,CM_PrefTemplateRefId,CM_UIDString,CM_Last_modified,CM_ContactCreationDate,CM_Attributes,CM_ReplicationCount,CM_Header,CM_TextBlob,CM_SearchableText) VALUES (
346,
268440329,
0,
'00e0db4978d89815',
#07/06/2006#,
#07/06/2006#,
4,
0,
'0400000006140044000000000000000000200040002e4000102e4000101400c40000000000000000001000c0002e4000102e400010140280010000000000000000',

'00000000',

'        4 5 6 5 1 1 0 1 2 3 6 7 7 7 5   '
);

INSERT INTO identitytable (Parent_CMID,CM_FirstName,CM_LastName,CM_CompanyName,CM_Type,CM_Attributes,CM_HintField,CM_ExtHintField,CM_FirstNmPrn,CM_LastNmPrn,CM_CompanyNmPrn) VALUES (
346,
'Inid',
'Hintewsho',
NULL,
268440329,
4,
84,
0,
NULL,
NULL,
NULL
);

INSERT INTO phone (CM_Id,CM_PhoneMatching,CM_ExtendedPhoneMatching) VALUES (
346,
5777632,
10115654
);

INSERT INTO contacts (CM_Id,CM_Type,CM_PrefTemplateRefId,CM_UIDString,CM_Last_modified,CM_ContactCreationDate,CM_Attributes,CM_ReplicationCount,CM_Header,CM_TextBlob,CM_SearchableText) VALUES (
347,
268440329,
0,
'00e0db4978d8f9bd',
#07/06/2006#,
#07/06/2006#,
4,
0,
'0400000006140044000000000000000000200040002e4000102e4000101400c40000000000000000001000c0002e4000102e400010140280010000000000000000',

'00000000',

'        3 8 1 4 4 1 4 2 5 4 6 2 0 0 4   '
);

INSERT INTO identitytable (Parent_CMID,CM_FirstName,CM_LastName,CM_CompanyName,CM_Type,CM_Attributes,CM_HintField,CM_ExtHintField,CM_FirstNmPrn,CM_LastNmPrn,CM_CompanyNmPrn) VALUES (
347,
'Ann',
'Ekum',
NULL,
268440329,
4,
84,
0,
NULL,
NULL,
NULL
);

INSERT INTO phone (CM_Id,CM_PhoneMatching,CM_ExtendedPhoneMatching) VALUES (
347,
4002645,
24144183
);

INSERT INTO contacts (CM_Id,CM_Type,CM_PrefTemplateRefId,CM_UIDString,CM_Last_modified,CM_ContactCreationDate,CM_Attributes,CM_ReplicationCount,CM_Header,CM_TextBlob,CM_SearchableText) VALUES (
348,
268440329,
0,
'00e0db4978d90d45',
#07/06/2006#,
#07/06/2006#,
4,
0,
'0400000006140044000000000000000000200040002e4000102e4000101400c40000000000000000001000c0002e4000102e400010140280010000000000000000',

'00000000',

'        1 2 4 7 2 4 3 2 2 4 3 5 4 5 5   '
);

INSERT INTO identitytable (Parent_CMID,CM_FirstName,CM_LastName,CM_CompanyName,CM_Type,CM_Attributes,CM_HintField,CM_ExtHintField,CM_FirstNmPrn,CM_LastNmPrn,CM_CompanyNmPrn) VALUES (
348,
'Anortoausl',
'Kenoonssssoninals',
NULL,
268440329,
4,
84,
0,
NULL,
NULL,
NULL
);

INSERT INTO phone (CM_Id,CM_PhoneMatching,CM_ExtendedPhoneMatching) VALUES (
348,
5545342,
23427421
);

INSERT INTO contacts (CM_Id,CM_Type,CM_PrefTemplateRefId,CM_UIDString,CM_Last_modified,CM_ContactCreationDate,CM_Attributes,CM_ReplicationCount,CM_Header,CM_TextBlob,CM_SearchableText) VALUES (
349,
268440329,
0,
'00e0db4978d93455',
#07/06/2006#,
#07/06/2006#,
4,
0,
'0400000006140044000000000000000000200040002e4000102e4000101400c40000000000000000001000c0002e4000102e400010140280010000000000000000',

'00000000',

'        6 7 0 0 6 3 1 3 0 4 4 3 7 2 8   '
);

INSERT INTO identitytable (Parent_CMID,CM_FirstName,CM_LastName,CM_CompanyName,CM_Type,CM_Attributes,CM_HintField,CM_ExtHintField,CM_FirstNmPrn,CM_LastNmPrn,CM_CompanyNmPrn) VALUES (
349,
'Donnd',
'Tr',
NULL,
268440329,
4,
84,
0,
NULL,
NULL,
NULL
);

INSERT INTO phone (CM_Id,CM_PhoneMatching,CM_ExtendedPhoneMatching) VALUES (
349,
8273440,
31360076
);

INSERT INTO contacts (CM_Id,CM_Type,CM_PrefTemplateRefId,CM_UIDString,CM_Last_modified,CM_ContactCreationDate,CM_Attributes,CM_ReplicationCount,CM_Header,CM_TextBlob,CM_SearchableText) VALUES (
350,
268440329,
0,
'00e0db4978d95b65',
#07/06/2006#,
#07/06/2006#,
4,
0,
'0400000006140044000000000000000000200040002e4000102e4000101400c40000000000000000001000c0002e4000102e400010140280010000000000000000',

'00000000',

'        3 0 4 8 6 5 0 8 0 4 3 6 5 4 5   '
);

INSERT INTO identitytable (Parent_CMID,CM_FirstName,CM_LastName,CM_CompanyName,CM_Type,CM_Attributes,CM_HintField,CM_ExtHintField,CM_FirstNmPrn,CM_LastNmPrn,CM_CompanyNmPrn) VALUES (
350,
'Jonichopaphomiloshara',
'Janulace',
NULL,
268440329,
4,
84,
0,
NULL,
NULL,
NULL
);

INSERT INTO phone (CM_Id,CM_PhoneMatching,CM_ExtendedPhoneMatching) VALUES (
350,
5456340,
80568403
);

INSERT INTO contacts (CM_Id,CM_Type,CM_PrefTemplateRefId,CM_UIDString,CM_Last_modified,CM_ContactCreationDate,CM_Attributes,CM_ReplicationCount,CM_Header,CM_TextBlob,CM_SearchableText) VALUES (
351,
268440329,
0,
'00e0db4978d98275',
#07/06/2006#,
#07/06/2006#,
4,
0,
'0400000006140044000000000000000000200040002e4000102e4000101400c40000000000000000001000c0002e4000102e400010140280010000000000000000',

'00000000',

'        8 2 0 0 5 0 0 5 1 2 0 4 6 7 0   '
);

INSERT INTO identitytable (Parent_CMID,CM_FirstName,CM_LastName,CM_CompanyName,CM_Type,CM_Attributes,CM_HintField,CM_ExtHintField,CM_FirstNmPrn,CM_LastNmPrn,CM_CompanyNmPrn) VALUES (
351,
'Mandidramatie',
'Mar',
NULL,
268440329,
4,
84,
0,
NULL,
NULL,
NULL
);

INSERT INTO phone (CM_Id,CM_PhoneMatching,CM_ExtendedPhoneMatching) VALUES (
351,
764021,
50050028
);

INSERT INTO contacts (CM_Id,CM_Type,CM_PrefTemplateRefId,CM_UIDString,CM_Last_modified,CM_ContactCreationDate,CM_Attributes,CM_ReplicationCount,CM_Header,CM_TextBlob,CM_SearchableText) VALUES (
352,
268440329,
0,
'00e0db4978d9a985',
#07/06/2006#,
#07/06/2006#,
4,
0,
'0400000006140044000000000000000000200040002e4000102e4000101400c40000000000000000001000c0002e4000102e400010140280010000000000000000',

'00000000',

'        1 0 0 1 0 8 7 5 6 8 5 8 2 4 6   '
);

INSERT INTO identitytable (Parent_CMID,CM_FirstName,CM_LastName,CM_CompanyName,CM_Type,CM_Attributes,CM_HintField,CM_ExtHintField,CM_FirstNmPrn,CM_LastNmPrn,CM_CompanyNmPrn) VALUES (
352,
'An',
'Ar',
NULL,
268440329,
4,
84,
0,
NULL,
NULL,
NULL
);

INSERT INTO phone (CM_Id,CM_PhoneMatching,CM_ExtendedPhoneMatching) VALUES (
352,
6428586,
57801001
);

INSERT INTO contacts (CM_Id,CM_Type,CM_PrefTemplateRefId,CM_UIDString,CM_Last_modified,CM_ContactCreationDate,CM_Attributes,CM_ReplicationCount,CM_Header,CM_TextBlob,CM_SearchableText) VALUES (
353,
268440329,
0,
'00e0db4978d9d095',
#07/06/2006#,
#07/06/2006#,
4,
0,
'0400000006140044000000000000000000200040002e4000102e4000101400c40000000000000000001000c0002e4000102e400010140280010000000000000000',

'00000000',

'        8 4 3 3 1 0 3 6 4 5 0 5 3 5 0   '
);

INSERT INTO identitytable (Parent_CMID,CM_FirstName,CM_LastName,CM_CompanyName,CM_Type,CM_Attributes,CM_HintField,CM_ExtHintField,CM_FirstNmPrn,CM_LastNmPrn,CM_CompanyNmPrn) VALUES (
353,
'Tievik',
'Mc',
NULL,
268440329,
4,
84,
0,
NULL,
NULL,
NULL
);

INSERT INTO phone (CM_Id,CM_PhoneMatching,CM_ExtendedPhoneMatching) VALUES (
353,
535054,
63013348
);

INSERT INTO contacts (CM_Id,CM_Type,CM_PrefTemplateRefId,CM_UIDString,CM_Last_modified,CM_ContactCreationDate,CM_Attributes,CM_ReplicationCount,CM_Header,CM_TextBlob,CM_SearchableText) VALUES (
354,
268440329,
0,
'00e0db4978da0b2d',
#07/06/2006#,
#07/06/2006#,
4,
0,
'0400000006140044000000000000000000200040002e4000102e4000101400c40000000000000000001000c0002e4000102e400010140280010000000000000000',

'00000000',

'        8 1 6 7 5 0 2 5 4 0 2 1 6 4 7   '
);

INSERT INTO identitytable (Parent_CMID,CM_FirstName,CM_LastName,CM_CompanyName,CM_Type,CM_Attributes,CM_HintField,CM_ExtHintField,CM_FirstNmPrn,CM_LastNmPrn,CM_CompanyNmPrn) VALUES (
354,
'Pete',
'Ass',
NULL,
268440329,
4,
84,
0,
NULL,
NULL,
NULL
);

INSERT INTO phone (CM_Id,CM_PhoneMatching,CM_ExtendedPhoneMatching) VALUES (
354,
7461204,
52057618
);

INSERT INTO contacts (CM_Id,CM_Type,CM_PrefTemplateRefId,CM_UIDString,CM_Last_modified,CM_ContactCreationDate,CM_Attributes,CM_ReplicationCount,CM_Header,CM_TextBlob,CM_SearchableText) VALUES (
355,
268440329,
0,
'00e0db4978da323d',
#07/06/2006#,
#07/06/2006#,
4,
0,
'0400000006140044000000000000000000200040002e4000102e4000101400c40000000000000000001000c0002e4000102e400010140280010000000000000000',

'00000000',

'        5 4 8 3 5 8 5 0 6 8 1 3 8 3 3   '
);

INSERT INTO identitytable (Parent_CMID,CM_FirstName,CM_LastName,CM_CompanyName,CM_Type,CM_Attributes,CM_HintField,CM_ExtHintField,CM_FirstNmPrn,CM_LastNmPrn,CM_CompanyNmPrn) VALUES (
355,
'Andeteiarume',
'Hot',
NULL,
268440329,
4,
84,
0,
NULL,
NULL,
NULL
);

INSERT INTO phone (CM_Id,CM_PhoneMatching,CM_ExtendedPhoneMatching) VALUES (
355,
3383186,
5853845
);

INSERT INTO contacts (CM_Id,CM_Type,CM_PrefTemplateRefId,CM_UIDString,CM_Last_modified,CM_ContactCreationDate,CM_Attributes,CM_ReplicationCount,CM_Header,CM_TextBlob,CM_SearchableText) VALUES (
356,
268440329,
0,
'00e0db4978da594d',
#07/06/2006#,
#07/06/2006#,
4,
0,
'0400000006140044000000000000000000200040002e4000102e4000101400c40000000000000000001000c0002e4000102e400010140280010000000000000000',

'00000000',

'        2 5 4 5 8 4 5 7 0 0 1 2 4 4 2   '
);

INSERT INTO identitytable (Parent_CMID,CM_FirstName,CM_LastName,CM_CompanyName,CM_Type,CM_Attributes,CM_HintField,CM_ExtHintField,CM_FirstNmPrn,CM_LastNmPrn,CM_CompanyNmPrn) VALUES (
356,
'Midreridew',
'Feningaws',
NULL,
268440329,
4,
84,
0,
NULL,
NULL,
NULL
);

INSERT INTO phone (CM_Id,CM_PhoneMatching,CM_ExtendedPhoneMatching) VALUES (
356,
2442100,
75485452
);

INSERT INTO contacts (CM_Id,CM_Type,CM_PrefTemplateRefId,CM_UIDString,CM_Last_modified,CM_ContactCreationDate,CM_Attributes,CM_ReplicationCount,CM_Header,CM_TextBlob,CM_SearchableText) VALUES (
357,
268440329,
0,
'00e0db4978da6cd5',
#07/06/2006#,
#07/06/2006#,
4,
0,
'0400000006140044000000000000000000200040002e4000102e4000101400c40000000000000000001000c0002e4000102e400010140280010000000000000000',

'00000000',

'        2 4 7 1 4 7 1 8 8 8 6 2 8 2 4   '
);

INSERT INTO identitytable (Parent_CMID,CM_FirstName,CM_LastName,CM_CompanyName,CM_Type,CM_Attributes,CM_HintField,CM_ExtHintField,CM_FirstNmPrn,CM_LastNmPrn,CM_CompanyNmPrn) VALUES (
357,
'Al',
'Laso',
NULL,
268440329,
4,
84,
0,
NULL,
NULL,
NULL
);

INSERT INTO phone (CM_Id,CM_PhoneMatching,CM_ExtendedPhoneMatching) VALUES (
357,
4282688,
81741742
);

INSERT INTO contacts (CM_Id,CM_Type,CM_PrefTemplateRefId,CM_UIDString,CM_Last_modified,CM_ContactCreationDate,CM_Attributes,CM_ReplicationCount,CM_Header,CM_TextBlob,CM_SearchableText) VALUES (
358,
268440329,
0,
'00e0db4978da93e5',
#07/06/2006#,
#07/06/2006#,
4,
0,
'0400000006140044000000000000000000200040002e4000102e4000101400c40000000000000000001000c0002e4000102e400010140280010000000000000000',

'00000000',

'        1 6 3 2 2 5 5 8 7 1 2 4 3 1 6   '
);

INSERT INTO identitytable (Parent_CMID,CM_FirstName,CM_LastName,CM_CompanyName,CM_Type,CM_Attributes,CM_HintField,CM_ExtHintField,CM_FirstNmPrn,CM_LastNmPrn,CM_CompanyNmPrn) VALUES (
358,
'Cavim',
'Hahianklg',
NULL,
268440329,
4,
84,
0,
NULL,
NULL,
NULL
);

INSERT INTO phone (CM_Id,CM_PhoneMatching,CM_ExtendedPhoneMatching) VALUES (
358,
6134217,
85522361
);

INSERT INTO contacts (CM_Id,CM_Type,CM_PrefTemplateRefId,CM_UIDString,CM_Last_modified,CM_ContactCreationDate,CM_Attributes,CM_ReplicationCount,CM_Header,CM_TextBlob,CM_SearchableText) VALUES (
359,
268440329,
0,
'00e0db4978dabaf5',
#07/06/2006#,
#07/06/2006#,
4,
0,
'0400000006140044000000000000000000200040002e4000102e4000101400c40000000000000000001000c0002e4000102e400010140280010000000000000000',

'00000000',

'        2 6 1 3 7 8 5 8 2 7 0 7 2 3 2   '
);

INSERT INTO identitytable (Parent_CMID,CM_FirstName,CM_LastName,CM_CompanyName,CM_Type,CM_Attributes,CM_HintField,CM_ExtHintField,CM_FirstNmPrn,CM_LastNmPrn,CM_CompanyNmPrn) VALUES (
359,
'Brlarm',
'Wa',
NULL,
268440329,
4,
84,
0,
NULL,
NULL,
NULL
);

INSERT INTO phone (CM_Id,CM_PhoneMatching,CM_ExtendedPhoneMatching) VALUES (
359,
2327072,
85873162
);

INSERT INTO contacts (CM_Id,CM_Type,CM_PrefTemplateRefId,CM_UIDString,CM_Last_modified,CM_ContactCreationDate,CM_Attributes,CM_ReplicationCount,CM_Header,CM_TextBlob,CM_SearchableText) VALUES (
360,
268440329,
0,
'00e0db4978dae205',
#07/06/2006#,
#07/06/2006#,
4,
0,
'0400000006140044000000000000000000200040002e4000102e4000101400c40000000000000000001000c0002e4000102e400010140280010000000000000000',

'00000000',

'        4 4 8 5 8 8 3 8 8 1 1 7 0 6 4   '
);

INSERT INTO identitytable (Parent_CMID,CM_FirstName,CM_LastName,CM_CompanyName,CM_Type,CM_Attributes,CM_HintField,CM_ExtHintField,CM_FirstNmPrn,CM_LastNmPrn,CM_CompanyNmPrn) VALUES (
360,
'Sus',
'Ra',
NULL,
268440329,
4,
84,
0,
NULL,
NULL,
NULL
);

INSERT INTO phone (CM_Id,CM_PhoneMatching,CM_ExtendedPhoneMatching) VALUES (
360,
4607118,
83885844
);

INSERT INTO contacts (CM_Id,CM_Type,CM_PrefTemplateRefId,CM_UIDString,CM_Last_modified,CM_ContactCreationDate,CM_Attributes,CM_ReplicationCount,CM_Header,CM_TextBlob,CM_SearchableText) VALUES (
361,
268440329,
0,
'00e0db4978db0915',
#07/06/2006#,
#07/06/2006#,
4,
0,
'0400000006140044000000000000000000200040002e4000102e4000101400c40000000000000000001000c0002e4000102e400010140280010000000000000000',

'00000000',

'        1 8 4 8 5 1 4 5 6 2 3 1 3 5 7   '
);

INSERT INTO identitytable (Parent_CMID,CM_FirstName,CM_LastName,CM_CompanyName,CM_Type,CM_Attributes,CM_HintField,CM_ExtHintField,CM_FirstNmPrn,CM_LastNmPrn,CM_CompanyNmPrn) VALUES (
361,
'St',
'Lanas',
NULL,
268440329,
4,
84,
0,
NULL,
NULL,
NULL
);

INSERT INTO phone (CM_Id,CM_PhoneMatching,CM_ExtendedPhoneMatching) VALUES (
361,
7531326,
54158481
);

INSERT INTO contacts (CM_Id,CM_Type,CM_PrefTemplateRefId,CM_UIDString,CM_Last_modified,CM_ContactCreationDate,CM_Attributes,CM_ReplicationCount,CM_Header,CM_TextBlob,CM_SearchableText) VALUES (
362,
268440329,
0,
'00e0db4978db43ad',
#07/06/2006#,
#07/06/2006#,
4,
0,
'0400000006140044000000000000000000200040002e4000102e4000101400c40000000000000000001000c0002e4000102e400010140280010000000000000000',

'00000000',

'        6 2 1 8 1 4 4 2 4 7 6 3 1 4 6   '
);

INSERT INTO identitytable (Parent_CMID,CM_FirstName,CM_LastName,CM_CompanyName,CM_Type,CM_Attributes,CM_HintField,CM_ExtHintField,CM_FirstNmPrn,CM_LastNmPrn,CM_CompanyNmPrn) VALUES (
362,
'An',
'Roosupe',
NULL,
268440329,
4,
84,
0,
NULL,
NULL,
NULL
);

INSERT INTO phone (CM_Id,CM_PhoneMatching,CM_ExtendedPhoneMatching) VALUES (
362,
6413674,
24418126
);

INSERT INTO contacts (CM_Id,CM_Type,CM_PrefTemplateRefId,CM_UIDString,CM_Last_modified,CM_ContactCreationDate,CM_Attributes,CM_ReplicationCount,CM_Header,CM_TextBlob,CM_SearchableText) VALUES (
363,
268440329,
0,
'00e0db4978db6abd',
#07/06/2006#,
#07/06/2006#,
4,
0,
'0400000006140044000000000000000000200040002e4000102e4000101400c40000000000000000001000c0002e4000102e400010140280010000000000000000',

'00000000',

'        6 2 3 2 2 4 1 1 5 0 0 7 3 0 7   '
);

INSERT INTO identitytable (Parent_CMID,CM_FirstName,CM_LastName,CM_CompanyName,CM_Type,CM_Attributes,CM_HintField,CM_ExtHintField,CM_FirstNmPrn,CM_LastNmPrn,CM_CompanyNmPrn) VALUES (
363,
'Ias',
'Thaskens',
NULL,
268440329,
4,
84,
0,
NULL,
NULL,
NULL
);

INSERT INTO phone (CM_Id,CM_PhoneMatching,CM_ExtendedPhoneMatching) VALUES (
363,
7037005,
11422326
);

INSERT INTO contacts (CM_Id,CM_Type,CM_PrefTemplateRefId,CM_UIDString,CM_Last_modified,CM_ContactCreationDate,CM_Attributes,CM_ReplicationCount,CM_Header,CM_TextBlob,CM_SearchableText) VALUES (
364,
268440329,
0,
'00e0db4978db91cd',
#07/06/2006#,
#07/06/2006#,
4,
0,
'0400000006140044000000000000000000200040002e4000102e4000101400c40000000000000000001000c0002e4000102e400010140280010000000000000000',

'00000000',

'        2 3 0 8 0 4 5 4 5 6 0 3 7 0 6   '
);

INSERT INTO identitytable (Parent_CMID,CM_FirstName,CM_LastName,CM_CompanyName,CM_Type,CM_Attributes,CM_HintField,CM_ExtHintField,CM_FirstNmPrn,CM_LastNmPrn,CM_CompanyNmPrn) VALUES (
364,
'Candrim',
'Jonr',
NULL,
268440329,
4,
84,
0,
NULL,
NULL,
NULL
);

INSERT INTO phone (CM_Id,CM_PhoneMatching,CM_ExtendedPhoneMatching) VALUES (
364,
6073065,
45408032
);

INSERT INTO contacts (CM_Id,CM_Type,CM_PrefTemplateRefId,CM_UIDString,CM_Last_modified,CM_ContactCreationDate,CM_Attributes,CM_ReplicationCount,CM_Header,CM_TextBlob,CM_SearchableText) VALUES (
365,
268440329,
0,
'00e0db4978dbb8dd',
#07/06/2006#,
#07/06/2006#,
4,
0,
'0400000006140044000000000000000000200040002e4000102e4000101400c40000000000000000001000c0002e4000102e400010140280010000000000000000',

'00000000',

'        5 5 1 8 5 3 5 0 2 3 3 6 7 3 8   '
);

INSERT INTO identitytable (Parent_CMID,CM_FirstName,CM_LastName,CM_CompanyName,CM_Type,CM_Attributes,CM_HintField,CM_ExtHintField,CM_FirstNmPrn,CM_LastNmPrn,CM_CompanyNmPrn) VALUES (
365,
'Veshan-In',
'Tuns',
NULL,
268440329,
4,
84,
0,
NULL,
NULL,
NULL
);

INSERT INTO phone (CM_Id,CM_PhoneMatching,CM_ExtendedPhoneMatching) VALUES (
365,
8376332,
5358155
);

INSERT INTO contacts (CM_Id,CM_Type,CM_PrefTemplateRefId,CM_UIDString,CM_Last_modified,CM_ContactCreationDate,CM_Attributes,CM_ReplicationCount,CM_Header,CM_TextBlob,CM_SearchableText) VALUES (
366,
268440329,
0,
'00e0db4978dbdfed',
#07/06/2006#,
#07/06/2006#,
4,
0,
'0400000006140044000000000000000000200040002e4000102e4000101400c40000000000000000001000c0002e4000102e400010140280010000000000000000',

'00000000',

'        0 5 5 7 3 0 0 8 2 4 2 7 7 0 1   '
);

INSERT INTO identitytable (Parent_CMID,CM_FirstName,CM_LastName,CM_CompanyName,CM_Type,CM_Attributes,CM_HintField,CM_ExtHintField,CM_FirstNmPrn,CM_LastNmPrn,CM_CompanyNmPrn) VALUES (
366,
'Mam',
'Lahe',
NULL,
268440329,
4,
84,
0,
NULL,
NULL,
NULL
);

INSERT INTO phone (CM_Id,CM_PhoneMatching,CM_ExtendedPhoneMatching) VALUES (
366,
1077242,
80037550
);

INSERT INTO contacts (CM_Id,CM_Type,CM_PrefTemplateRefId,CM_UIDString,CM_Last_modified,CM_ContactCreationDate,CM_Attributes,CM_ReplicationCount,CM_Header,CM_TextBlob,CM_SearchableText) VALUES (
367,
268440329,
0,
'00e0db4978dbf375',
#07/06/2006#,
#07/06/2006#,
4,
0,
'0400000006140044000000000000000000200040002e4000102e4000101400c40000000000000000001000c0002e4000102e400010140280010000000000000000',

'00000000',

'        1 2 2 8 8 8 2 7 5 1 6 8 7 0 6   '
);

INSERT INTO identitytable (Parent_CMID,CM_FirstName,CM_LastName,CM_CompanyName,CM_Type,CM_Attributes,CM_HintField,CM_ExtHintField,CM_FirstNmPrn,CM_LastNmPrn,CM_CompanyNmPrn) VALUES (
367,
'Rasa',
'Jot',
NULL,
268440329,
4,
84,
0,
NULL,
NULL,
NULL
);

INSERT INTO phone (CM_Id,CM_PhoneMatching,CM_ExtendedPhoneMatching) VALUES (
367,
6078615,
72888221
);

INSERT INTO contacts (CM_Id,CM_Type,CM_PrefTemplateRefId,CM_UIDString,CM_Last_modified,CM_ContactCreationDate,CM_Attributes,CM_ReplicationCount,CM_Header,CM_TextBlob,CM_SearchableText) VALUES (
368,
268440329,
0,
'00e0db4978dc2e0d',
#07/06/2006#,
#07/06/2006#,
4,
0,
'0400000006140044000000000000000000200040002e4000102e4000101400c40000000000000000001000c0002e4000102e400010140280010000000000000000',

'00000000',

'        0 4 2 3 1 4 7 6 0 4 8 7 7 0 0   '
);

INSERT INTO identitytable (Parent_CMID,CM_FirstName,CM_LastName,CM_CompanyName,CM_Type,CM_Attributes,CM_HintField,CM_ExtHintField,CM_FirstNmPrn,CM_LastNmPrn,CM_CompanyNmPrn) VALUES (
368,
'Cha',
'Rog',
NULL,
268440329,
4,
84,
0,
NULL,
NULL,
NULL
);

INSERT INTO phone (CM_Id,CM_PhoneMatching,CM_ExtendedPhoneMatching) VALUES (
368,
77840,
67413240
);

INSERT INTO contacts (CM_Id,CM_Type,CM_PrefTemplateRefId,CM_UIDString,CM_Last_modified,CM_ContactCreationDate,CM_Attributes,CM_ReplicationCount,CM_Header,CM_TextBlob,CM_SearchableText) VALUES (
369,
268440329,
0,
'00e0db4978dc4195',
#07/06/2006#,
#07/06/2006#,
4,
0,
'0400000006140044000000000000000000200040002e4000102e4000101400c40000000000000000001000c0002e4000102e400010140280010000000000000000',

'00000000',

'        3 4 7 0 7 4 6 3 7 3 1 7 7 0 2   '
);

INSERT INTO identitytable (Parent_CMID,CM_FirstName,CM_LastName,CM_CompanyName,CM_Type,CM_Attributes,CM_HintField,CM_ExtHintField,CM_FirstNmPrn,CM_LastNmPrn,CM_CompanyNmPrn) VALUES (
369,
'Sam',
'Qutans',
NULL,
268440329,
4,
84,
0,
NULL,
NULL,
NULL
);

INSERT INTO phone (CM_Id,CM_PhoneMatching,CM_ExtendedPhoneMatching) VALUES (
369,
2077137,
36470743
);

INSERT INTO contacts (CM_Id,CM_Type,CM_PrefTemplateRefId,CM_UIDString,CM_Last_modified,CM_ContactCreationDate,CM_Attributes,CM_ReplicationCount,CM_Header,CM_TextBlob,CM_SearchableText) VALUES (
370,
268440329,
0,
'00e0db4978dc68a5',
#07/06/2006#,
#07/06/2006#,
4,
0,
'0400000006140044000000000000000000200040002e4000102e4000101400c40000000000000000001000c0002e4000102e400010140280010000000000000000',

'00000000',

'        7 8 5 2 5 7 6 7 8 8 6 0 6 8 5   '
);

INSERT INTO identitytable (Parent_CMID,CM_FirstName,CM_LastName,CM_CompanyName,CM_Type,CM_Attributes,CM_HintField,CM_ExtHintField,CM_FirstNmPrn,CM_LastNmPrn,CM_CompanyNmPrn) VALUES (
370,
'Stex',
'Dey',
NULL,
268440329,
4,
84,
0,
NULL,
NULL,
NULL
);

INSERT INTO phone (CM_Id,CM_PhoneMatching,CM_ExtendedPhoneMatching) VALUES (
370,
5860688,
76752587
);

INSERT INTO contacts (CM_Id,CM_Type,CM_PrefTemplateRefId,CM_UIDString,CM_Last_modified,CM_ContactCreationDate,CM_Attributes,CM_ReplicationCount,CM_Header,CM_TextBlob,CM_SearchableText) VALUES (
371,
268440329,
0,
'00e0db4978dc9708',
#07/06/2006#,
#07/06/2006#,
4,
0,
'0400000006140044000000000000000000200040002e4000102e4000101400c40000000000000000001000c0002e4000102e400010140280010000000000000000',

'00000000',

'        8 4 4 1 7 2 4 1 4 0 2 4 8 6 6   '
);

INSERT INTO identitytable (Parent_CMID,CM_FirstName,CM_LastName,CM_CompanyName,CM_Type,CM_Attributes,CM_HintField,CM_ExtHintField,CM_FirstNmPrn,CM_LastNmPrn,CM_CompanyNmPrn) VALUES (
371,
'Matt',
'Magr',
NULL,
268440329,
4,
84,
0,
NULL,
NULL,
NULL
);

INSERT INTO phone (CM_Id,CM_PhoneMatching,CM_ExtendedPhoneMatching) VALUES (
371,
6684204,
14271448
);

INSERT INTO contacts (CM_Id,CM_Type,CM_PrefTemplateRefId,CM_UIDString,CM_Last_modified,CM_ContactCreationDate,CM_Attributes,CM_ReplicationCount,CM_Header,CM_TextBlob,CM_SearchableText) VALUES (
372,
268440329,
0,
'00e0db4978dcbe18',
#07/06/2006#,
#07/06/2006#,
4,
0,
'0400000006140044000000000000000000200040002e4000102e4000101400c40000000000000000001000c0002e4000102e400010140280010000000000000000',

'00000000',

'        6 2 2 7 5 3 4 7 7 8 7 1 7 0 5   '
);

INSERT INTO identitytable (Parent_CMID,CM_FirstName,CM_LastName,CM_CompanyName,CM_Type,CM_Attributes,CM_HintField,CM_ExtHintField,CM_FirstNmPrn,CM_LastNmPrn,CM_CompanyNmPrn) VALUES (
372,
'Phond',
'Reepttt',
NULL,
268440329,
4,
84,
0,
NULL,
NULL,
NULL
);

INSERT INTO phone (CM_Id,CM_PhoneMatching,CM_ExtendedPhoneMatching) VALUES (
372,
5071787,
74357226
);

INSERT INTO contacts (CM_Id,CM_Type,CM_PrefTemplateRefId,CM_UIDString,CM_Last_modified,CM_ContactCreationDate,CM_Attributes,CM_ReplicationCount,CM_Header,CM_TextBlob,CM_SearchableText) VALUES (
373,
268440329,
0,
'00e0db4978dce528',
#07/06/2006#,
#07/06/2006#,
4,
0,
'0400000006140044000000000000000000200040002e4000102e4000101400c40000000000000000001000c0002e4000102e400010140280010000000000000000',

'00000000',

'        1 1 0 6 2 1 5 4 4 5 1 8 0 1 3   '
);

INSERT INTO identitytable (Parent_CMID,CM_FirstName,CM_LastName,CM_CompanyName,CM_Type,CM_Attributes,CM_HintField,CM_ExtHintField,CM_FirstNmPrn,CM_LastNmPrn,CM_CompanyNmPrn) VALUES (
373,
'R',
'Rakepeyuisole',
NULL,
268440329,
4,
84,
0,
NULL,
NULL,
NULL
);

INSERT INTO phone (CM_Id,CM_PhoneMatching,CM_ExtendedPhoneMatching) VALUES (
373,
3108154,
45126011
);

INSERT INTO contacts (CM_Id,CM_Type,CM_PrefTemplateRefId,CM_UIDString,CM_Last_modified,CM_ContactCreationDate,CM_Attributes,CM_ReplicationCount,CM_Header,CM_TextBlob,CM_SearchableText) VALUES (
374,
268440329,
0,
'00e0db4978dcf8b0',
#07/06/2006#,
#07/06/2006#,
4,
0,
'0400000006140044000000000000000000200040002e4000102e4000101400c40000000000000000001000c0002e4000102e400010140280010000000000000000',

'00000000',

'        3 3 3 4 8 3 6 8 8 2 4 5 2 4 5   '
);

INSERT INTO identitytable (Parent_CMID,CM_FirstName,CM_LastName,CM_CompanyName,CM_Type,CM_Attributes,CM_HintField,CM_ExtHintField,CM_FirstNmPrn,CM_LastNmPrn,CM_CompanyNmPrn) VALUES (
374,
'Jom',
'Drobindrrr',
NULL,
268440329,
4,
84,
0,
NULL,
NULL,
NULL
);

INSERT INTO phone (CM_Id,CM_PhoneMatching,CM_ExtendedPhoneMatching) VALUES (
374,
5425428,
86384333
);

INSERT INTO contacts (CM_Id,CM_Type,CM_PrefTemplateRefId,CM_UIDString,CM_Last_modified,CM_ContactCreationDate,CM_Attributes,CM_ReplicationCount,CM_Header,CM_TextBlob,CM_SearchableText) VALUES (
375,
268440329,
0,
'00e0db4978dd1fc0',
#07/06/2006#,
#07/06/2006#,
4,
0,
'0400000006140044000000000000000000200040002e4000102e4000101400c40000000000000000001000c0002e4000102e400010140280010000000000000000',

'00000000',

'        2 5 7 5 8 0 2 3 4 8 1 2 5 3 6   '
);

INSERT INTO identitytable (Parent_CMID,CM_FirstName,CM_LastName,CM_CompanyName,CM_Type,CM_Attributes,CM_HintField,CM_ExtHintField,CM_FirstNmPrn,CM_LastNmPrn,CM_CompanyNmPrn) VALUES (
375,
'Mathuleleppella',
'Loff',
NULL,
268440329,
4,
84,
0,
NULL,
NULL,
NULL
);

INSERT INTO phone (CM_Id,CM_PhoneMatching,CM_ExtendedPhoneMatching) VALUES (
375,
6352184,
32085752
);

INSERT INTO contacts (CM_Id,CM_Type,CM_PrefTemplateRefId,CM_UIDString,CM_Last_modified,CM_ContactCreationDate,CM_Attributes,CM_ReplicationCount,CM_Header,CM_TextBlob,CM_SearchableText) VALUES (
376,
268440329,
0,
'00e0db4978dd46d0',
#07/06/2006#,
#07/06/2006#,
4,
0,
'0400000006140044000000000000000000200040002e4000102e4000101400c40000000000000000001000c0002e4000102e400010140280010000000000000000',

'00000000',

'        7 8 6 5 2 8 1 8 0 2 7 4 8 2 8   '
);

INSERT INTO identitytable (Parent_CMID,CM_FirstName,CM_LastName,CM_CompanyName,CM_Type,CM_Attributes,CM_HintField,CM_ExtHintField,CM_FirstNmPrn,CM_LastNmPrn,CM_CompanyNmPrn) VALUES (
376,
'Pheeiam',
'Trisshinelitterathticharsck',
NULL,
268440329,
4,
84,
0,
NULL,
NULL,
NULL
);

INSERT INTO phone (CM_Id,CM_PhoneMatching,CM_ExtendedPhoneMatching) VALUES (
376,
8284720,
81825687
);

INSERT INTO contacts (CM_Id,CM_Type,CM_PrefTemplateRefId,CM_UIDString,CM_Last_modified,CM_ContactCreationDate,CM_Attributes,CM_ReplicationCount,CM_Header,CM_TextBlob,CM_SearchableText) VALUES (
377,
268440329,
0,
'00e0db4978dd94f0',
#07/06/2006#,
#07/06/2006#,
4,
0,
'0400000006140044000000000000000000200040002e4000102e4000101400c40000000000000000001000c0002e4000102e400010140280010000000000000000',

'00000000',

'        8 4 3 0 6 6 6 5 2 4 5 5 7 7 8   '
);

INSERT INTO identitytable (Parent_CMID,CM_FirstName,CM_LastName,CM_CompanyName,CM_Type,CM_Attributes,CM_HintField,CM_ExtHintField,CM_FirstNmPrn,CM_LastNmPrn,CM_CompanyNmPrn) VALUES (
377,
'Ma',
'Sallvalatcky',
NULL,
268440329,
4,
84,
0,
NULL,
NULL,
NULL
);

INSERT INTO phone (CM_Id,CM_PhoneMatching,CM_ExtendedPhoneMatching) VALUES (
377,
8775542,
56660348
);

INSERT INTO contacts (CM_Id,CM_Type,CM_PrefTemplateRefId,CM_UIDString,CM_Last_modified,CM_ContactCreationDate,CM_Attributes,CM_ReplicationCount,CM_Header,CM_TextBlob,CM_SearchableText) VALUES (
378,
268440329,
0,
'00e0db4978ddbc00',
#07/06/2006#,
#07/06/2006#,
4,
0,
'0400000006140044000000000000000000200040002e4000102e4000101400c40000000000000000001000c0002e4000102e400010140280010000000000000000',

'00000000',

'        5 6 3 0 2 3 8 6 6 8 0 2 5 4 2   '
);

INSERT INTO identitytable (Parent_CMID,CM_FirstName,CM_LastName,CM_CompanyName,CM_Type,CM_Attributes,CM_HintField,CM_ExtHintField,CM_FirstNmPrn,CM_LastNmPrn,CM_CompanyNmPrn) VALUES (
378,
'Jol',
'Sudazud',
NULL,
268440329,
4,
84,
0,
NULL,
NULL,
NULL
);

INSERT INTO phone (CM_Id,CM_PhoneMatching,CM_ExtendedPhoneMatching) VALUES (
378,
2452086,
68320365
);

INSERT INTO contacts (CM_Id,CM_Type,CM_PrefTemplateRefId,CM_UIDString,CM_Last_modified,CM_ContactCreationDate,CM_Attributes,CM_ReplicationCount,CM_Header,CM_TextBlob,CM_SearchableText) VALUES (
379,
268440329,
0,
'00e0db4978dde310',
#07/06/2006#,
#07/06/2006#,
4,
0,
'0400000006140044000000000000000000200040002e4000102e4000101400c40000000000000000001000c0002e4000102e400010140280010000000000000000',

'00000000',

'        7 5 1 5 8 3 0 4 3 2 1 5 0 3 1   '
);

INSERT INTO identitytable (Parent_CMID,CM_FirstName,CM_LastName,CM_CompanyName,CM_Type,CM_Attributes,CM_HintField,CM_ExtHintField,CM_FirstNmPrn,CM_LastNmPrn,CM_CompanyNmPrn) VALUES (
379,
'Kous',
'Javivelll',
NULL,
268440329,
4,
84,
0,
NULL,
NULL,
NULL
);

INSERT INTO phone (CM_Id,CM_PhoneMatching,CM_ExtendedPhoneMatching) VALUES (
379,
1305123,
40385157
);

INSERT INTO contacts (CM_Id,CM_Type,CM_PrefTemplateRefId,CM_UIDString,CM_Last_modified,CM_ContactCreationDate,CM_Attributes,CM_ReplicationCount,CM_Header,CM_TextBlob,CM_SearchableText) VALUES (
380,
268440329,
0,
'00e0db4978de0a20',
#07/06/2006#,
#07/06/2006#,
4,
0,
'0400000006140044000000000000000000200040002e4000102e4000101400c40000000000000000001000c0002e4000102e400010140280010000000000000000',

'00000000',

'        0 1 8 4 3 5 4 4 8 3 7 6 3 0 8   '
);

INSERT INTO identitytable (Parent_CMID,CM_FirstName,CM_LastName,CM_CompanyName,CM_Type,CM_Attributes,CM_HintField,CM_ExtHintField,CM_FirstNmPrn,CM_LastNmPrn,CM_CompanyNmPrn) VALUES (
380,
'Nichun',
'Balbe',
NULL,
268440329,
4,
84,
0,
NULL,
NULL,
NULL
);

INSERT INTO phone (CM_Id,CM_PhoneMatching,CM_ExtendedPhoneMatching) VALUES (
380,
8036738,
44534810
);

INSERT INTO contacts (CM_Id,CM_Type,CM_PrefTemplateRefId,CM_UIDString,CM_Last_modified,CM_ContactCreationDate,CM_Attributes,CM_ReplicationCount,CM_Header,CM_TextBlob,CM_SearchableText) VALUES (
381,
268440329,
0,
'00e0db4978de3130',
#07/06/2006#,
#07/06/2006#,
4,
0,
'0400000006140044000000000000000000200040002e4000102e4000101400c40000000000000000001000c0002e4000102e400010140280010000000000000000',

'00000000',

'        3 2 1 3 5 6 1 3 1 5 4 7 3 5 7   '
);

INSERT INTO identitytable (Parent_CMID,CM_FirstName,CM_LastName,CM_CompanyName,CM_Type,CM_Attributes,CM_HintField,CM_ExtHintField,CM_FirstNmPrn,CM_LastNmPrn,CM_CompanyNmPrn) VALUES (
381,
'Rom',
'Roby',
NULL,
268440329,
4,
84,
0,
NULL,
NULL,
NULL
);

INSERT INTO phone (CM_Id,CM_PhoneMatching,CM_ExtendedPhoneMatching) VALUES (
381,
7537451,
31653123
);

INSERT INTO contacts (CM_Id,CM_Type,CM_PrefTemplateRefId,CM_UIDString,CM_Last_modified,CM_ContactCreationDate,CM_Attributes,CM_ReplicationCount,CM_Header,CM_TextBlob,CM_SearchableText) VALUES (
382,
268440329,
0,
'00e0db4978de5840',
#07/06/2006#,
#07/06/2006#,
4,
0,
'0400000006140044000000000000000000200040002e4000102e4000101400c40000000000000000001000c0002e4000102e400010140280010000000000000000',

'00000000',

'        0 5 2 0 2 5 7 1 6 5 1 7 8 4 6   '
);

INSERT INTO identitytable (Parent_CMID,CM_FirstName,CM_LastName,CM_CompanyName,CM_Type,CM_Attributes,CM_HintField,CM_ExtHintField,CM_FirstNmPrn,CM_LastNmPrn,CM_CompanyNmPrn) VALUES (
382,
'Pann',
'Houytann Veg',
NULL,
268440329,
4,
84,
0,
NULL,
NULL,
NULL
);

INSERT INTO phone (CM_Id,CM_PhoneMatching,CM_ExtendedPhoneMatching) VALUES (
382,
6487156,
17520250
);

INSERT INTO contacts (CM_Id,CM_Type,CM_PrefTemplateRefId,CM_UIDString,CM_Last_modified,CM_ContactCreationDate,CM_Attributes,CM_ReplicationCount,CM_Header,CM_TextBlob,CM_SearchableText) VALUES (
383,
268440329,
0,
'00e0db4978dfdee0',
#07/06/2006#,
#07/06/2006#,
4,
0,
'0400000006140044000000000000000000200040002e4000102e4000101400c40000000000000000001000c0002e4000102e400010140280010000000000000000',

'00000000',

'        5 3 5 3 3 8 0 6 4 7 0 4 5 6 3   '
);

INSERT INTO identitytable (Parent_CMID,CM_FirstName,CM_LastName,CM_CompanyName,CM_Type,CM_Attributes,CM_HintField,CM_ExtHintField,CM_FirstNmPrn,CM_LastNmPrn,CM_CompanyNmPrn) VALUES (
383,
'Ardif',
'Gletindyngimpss',
NULL,
268440329,
4,
84,
0,
NULL,
NULL,
NULL
);

INSERT INTO phone (CM_Id,CM_PhoneMatching,CM_ExtendedPhoneMatching) VALUES (
383,
3654074,
60833535
);


INSERT INTO contacts (CM_Id,CM_Type,CM_PrefTemplateRefId,CM_UIDString,CM_Last_modified,CM_ContactCreationDate,CM_Attributes,CM_ReplicationCount,CM_Header,CM_TextBlob,CM_SearchableText) VALUES (
384,
268440329,
0,
'00e0db4978e005f0',
#07/06/2006#,
#07/06/2006#,
4,
0,
'0400000006140044000000000000000000200040002e4000102e4000101400c40000000000000000001000c0002e4000102e400010140280010000000000000000',

'00000000',

'        0 3 1 4 1 0 4 0 0 7 8 1 8 4 0   '
);

INSERT INTO identitytable (Parent_CMID,CM_FirstName,CM_LastName,CM_CompanyName,CM_Type,CM_Attributes,CM_HintField,CM_ExtHintField,CM_FirstNmPrn,CM_LastNmPrn,CM_CompanyNmPrn) VALUES (
384,
'Grgecarelilin',
'Jomigtowenmanels',
NULL,
268440329,
4,
84,
0,
NULL,
NULL,
NULL
);

INSERT INTO phone (CM_Id,CM_PhoneMatching,CM_ExtendedPhoneMatching) VALUES (
384,
481870,
4014130
);

INSERT INTO contacts (CM_Id,CM_Type,CM_PrefTemplateRefId,CM_UIDString,CM_Last_modified,CM_ContactCreationDate,CM_Attributes,CM_ReplicationCount,CM_Header,CM_TextBlob,CM_SearchableText) VALUES (
385,
268440329,
0,
'00e0db4978e01978',
#07/06/2006#,
#07/06/2006#,
4,
0,
'0400000006140044000000000000000000200040002e4000102e4000101400c40000000000000000001000c0002e4000102e400010140280010000000000000000',

'00000000',

'        2 8 8 6 5 7 8 4 3 5 3 2 1 6 2   '
);

INSERT INTO identitytable (Parent_CMID,CM_FirstName,CM_LastName,CM_CompanyName,CM_Type,CM_Attributes,CM_HintField,CM_ExtHintField,CM_FirstNmPrn,CM_LastNmPrn,CM_CompanyNmPrn) VALUES (
385,
'Jontikav',
'Rod',
NULL,
268440329,
4,
84,
0,
NULL,
NULL,
NULL
);

INSERT INTO phone (CM_Id,CM_PhoneMatching,CM_ExtendedPhoneMatching) VALUES (
385,
2612353,
48756882
);

INSERT INTO contacts (CM_Id,CM_Type,CM_PrefTemplateRefId,CM_UIDString,CM_Last_modified,CM_ContactCreationDate,CM_Attributes,CM_ReplicationCount,CM_Header,CM_TextBlob,CM_SearchableText) VALUES (
386,
268440329,
0,
'00e0db4978e04088',
#07/06/2006#,
#07/06/2006#,
4,
0,
'0400000006140044000000000000000000200040002e4000102e4000101400c40000000000000000001000c0002e4000102e400010140280010000000000000000',

'00000000',

'        8 0 6 6 8 8 6 7 1 8 0 3 4 7 7   '
);

INSERT INTO identitytable (Parent_CMID,CM_FirstName,CM_LastName,CM_CompanyName,CM_Type,CM_Attributes,CM_HintField,CM_ExtHintField,CM_FirstNmPrn,CM_LastNmPrn,CM_CompanyNmPrn) VALUES (
386,
'An',
'Gumikusssalssimpsewe',
NULL,
268440329,
4,
84,
0,
NULL,
NULL,
NULL
);

INSERT INTO phone (CM_Id,CM_PhoneMatching,CM_ExtendedPhoneMatching) VALUES (
386,
7743081,
76886608
);

INSERT INTO contacts (CM_Id,CM_Type,CM_PrefTemplateRefId,CM_UIDString,CM_Last_modified,CM_ContactCreationDate,CM_Attributes,CM_ReplicationCount,CM_Header,CM_TextBlob,CM_SearchableText) VALUES (
387,
268440329,
0,
'00e0db4978e06798',
#07/06/2006#,
#07/06/2006#,
4,
0,
'0400000006140044000000000000000000200040002e4000102e4000101400c40000000000000000001000c0002e4000102e400010140280010000000000000000',

'00000000',

'        1 3 1 0 2 2 6 4 0 6 1 6 1 8 6   '
);

INSERT INTO identitytable (Parent_CMID,CM_FirstName,CM_LastName,CM_CompanyName,CM_Type,CM_Attributes,CM_HintField,CM_ExtHintField,CM_FirstNmPrn,CM_LastNmPrn,CM_CompanyNmPrn) VALUES (
387,
'Fr',
'Breninanynckajatemi',
NULL,
268440329,
4,
84,
0,
NULL,
NULL,
NULL
);

INSERT INTO phone (CM_Id,CM_PhoneMatching,CM_ExtendedPhoneMatching) VALUES (
387,
6816160,
46220131
);

INSERT INTO contacts (CM_Id,CM_Type,CM_PrefTemplateRefId,CM_UIDString,CM_Last_modified,CM_ContactCreationDate,CM_Attributes,CM_ReplicationCount,CM_Header,CM_TextBlob,CM_SearchableText) VALUES (
388,
268440329,
0,
'00e0db4978e08ea8',
#07/06/2006#,
#07/06/2006#,
4,
0,
'0400000006140044000000000000000000200040002e4000102e4000101400c40000000000000000001000c0002e4000102e400010140280010000000000000000',

'00000000',

'        6 4 2 8 1 4 7 3 8 8 4 2 6 2 8   '
);

INSERT INTO identitytable (Parent_CMID,CM_FirstName,CM_LastName,CM_CompanyName,CM_Type,CM_Attributes,CM_HintField,CM_ExtHintField,CM_FirstNmPrn,CM_LastNmPrn,CM_CompanyNmPrn) VALUES (
388,
'Tiast',
'Mcee',
NULL,
268440329,
4,
84,
0,
NULL,
NULL,
NULL
);

INSERT INTO phone (CM_Id,CM_PhoneMatching,CM_ExtendedPhoneMatching) VALUES (
388,
8262488,
37418246
);

INSERT INTO contacts (CM_Id,CM_Type,CM_PrefTemplateRefId,CM_UIDString,CM_Last_modified,CM_ContactCreationDate,CM_Attributes,CM_ReplicationCount,CM_Header,CM_TextBlob,CM_SearchableText) VALUES (
389,
268440329,
0,
'00e0db4978e0b5b8',
#07/06/2006#,
#07/06/2006#,
4,
0,
'0400000006140044000000000000000000200040002e4000102e4000101400c40000000000000000001000c0002e4000102e400010140280010000000000000000',

'00000000',

'        2 8 8 0 2 4 2 8 2 1 0 7 0 0 0   '
);

INSERT INTO identitytable (Parent_CMID,CM_FirstName,CM_LastName,CM_CompanyName,CM_Type,CM_Attributes,CM_HintField,CM_ExtHintField,CM_FirstNmPrn,CM_LastNmPrn,CM_CompanyNmPrn) VALUES (
389,
'Pan',
'Hilesertatickesobss-',
NULL,
268440329,
4,
84,
0,
NULL,
NULL,
NULL
);

INSERT INTO phone (CM_Id,CM_PhoneMatching,CM_ExtendedPhoneMatching) VALUES (
389,
7012,
82420882
);

INSERT INTO contacts (CM_Id,CM_Type,CM_PrefTemplateRefId,CM_UIDString,CM_Last_modified,CM_ContactCreationDate,CM_Attributes,CM_ReplicationCount,CM_Header,CM_TextBlob,CM_SearchableText) VALUES (
390,
268440329,
0,
'00e0db4978e0c940',
#07/06/2006#,
#07/06/2006#,
4,
0,
'0400000006140044000000000000000000200040002e4000102e4000101400c40000000000000000001000c0002e4000102e400010140280010000000000000000',

'00000000',

'        7 0 2 7 4 7 4 0 5 0 8 4 2 7 4   '
);

INSERT INTO identitytable (Parent_CMID,CM_FirstName,CM_LastName,CM_CompanyName,CM_Type,CM_Attributes,CM_HintField,CM_ExtHintField,CM_FirstNmPrn,CM_LastNmPrn,CM_CompanyNmPrn) VALUES (
390,
'Pan',
'Hi',
NULL,
268440329,
4,
84,
0,
NULL,
NULL,
NULL
);

INSERT INTO phone (CM_Id,CM_PhoneMatching,CM_ExtendedPhoneMatching) VALUES (
390,
4724805,
4747207
);

INSERT INTO contacts (CM_Id,CM_Type,CM_PrefTemplateRefId,CM_UIDString,CM_Last_modified,CM_ContactCreationDate,CM_Attributes,CM_ReplicationCount,CM_Header,CM_TextBlob,CM_SearchableText) VALUES (
391,
268440329,
0,
'00e0db4978e0f050',
#07/06/2006#,
#07/06/2006#,
4,
0,
'0400000006140044000000000000000000200040002e4000102e4000101400c40000000000000000001000c0002e4000102e400010140280010000000000000000',

'00000000',

'        4 0 6 8 6 3 3 3 0 4 7 8 2 2 1   '
);

INSERT INTO identitytable (Parent_CMID,CM_FirstName,CM_LastName,CM_CompanyName,CM_Type,CM_Attributes,CM_HintField,CM_ExtHintField,CM_FirstNmPrn,CM_LastNmPrn,CM_CompanyNmPrn) VALUES (
391,
'Niartonn',
'Rans',
NULL,
268440329,
4,
84,
0,
NULL,
NULL,
NULL
);

INSERT INTO phone (CM_Id,CM_PhoneMatching,CM_ExtendedPhoneMatching) VALUES (
391,
1228740,
33368604
);

INSERT INTO contacts (CM_Id,CM_Type,CM_PrefTemplateRefId,CM_UIDString,CM_Last_modified,CM_ContactCreationDate,CM_Attributes,CM_ReplicationCount,CM_Header,CM_TextBlob,CM_SearchableText) VALUES (
392,
268440329,
0,
'00e0db4978e151f8',
#07/06/2006#,
#07/06/2006#,
4,
0,
'0400000006140044000000000000000000200040002e4000102e4000101400c40000000000000000001000c0002e4000102e400010140280010000000000000000',

'00000000',

'        0 2 1 4 2 4 6 5 6 4 1 7 7 0 0   '
);

INSERT INTO identitytable (Parent_CMID,CM_FirstName,CM_LastName,CM_CompanyName,CM_Type,CM_Attributes,CM_HintField,CM_ExtHintField,CM_FirstNmPrn,CM_LastNmPrn,CM_CompanyNmPrn) VALUES (
392,
'Mittew',
'Malel',
NULL,
268440329,
4,
84,
0,
NULL,
NULL,
NULL
);

INSERT INTO phone (CM_Id,CM_PhoneMatching,CM_ExtendedPhoneMatching) VALUES (
392,
77146,
56424120
);

INSERT INTO contacts (CM_Id,CM_Type,CM_PrefTemplateRefId,CM_UIDString,CM_Last_modified,CM_ContactCreationDate,CM_Attributes,CM_ReplicationCount,CM_Header,CM_TextBlob,CM_SearchableText) VALUES (
393,
268440329,
0,
'00e0db4978e16580',
#07/06/2006#,
#07/06/2006#,
4,
0,
'0400000006140044000000000000000000200040002e4000102e4000101400c40000000000000000001000c0002e4000102e400010140280010000000000000000',

'00000000',

'        3 8 3 8 1 2 4 4 0 8 5 1 2 8 3   '
);

INSERT INTO identitytable (Parent_CMID,CM_FirstName,CM_LastName,CM_CompanyName,CM_Type,CM_Attributes,CM_HintField,CM_ExtHintField,CM_FirstNmPrn,CM_LastNmPrn,CM_CompanyNmPrn) VALUES (
393,
'Ras',
'Yanellso',
NULL,
268440329,
4,
84,
0,
NULL,
NULL,
NULL
);

INSERT INTO phone (CM_Id,CM_PhoneMatching,CM_ExtendedPhoneMatching) VALUES (
393,
3821580,
44218383
);

INSERT INTO contacts (CM_Id,CM_Type,CM_PrefTemplateRefId,CM_UIDString,CM_Last_modified,CM_ContactCreationDate,CM_Attributes,CM_ReplicationCount,CM_Header,CM_TextBlob,CM_SearchableText) VALUES (
394,
268440329,
0,
'00e0db4978e18c90',
#07/06/2006#,
#07/06/2006#,
4,
0,
'0400000006140044000000000000000000200040002e4000102e4000101400c40000000000000000001000c0002e4000102e400010140280010000000000000000',

'00000000',

'        3 6 5 6 1 8 2 3 5 7 7 1 8 3 7   '
);

INSERT INTO identitytable (Parent_CMID,CM_FirstName,CM_LastName,CM_CompanyName,CM_Type,CM_Attributes,CM_HintField,CM_ExtHintField,CM_FirstNmPrn,CM_LastNmPrn,CM_CompanyNmPrn) VALUES (
394,
'Rige',
'Mat',
NULL,
268440329,
4,
84,
0,
NULL,
NULL,
NULL
);

INSERT INTO phone (CM_Id,CM_PhoneMatching,CM_ExtendedPhoneMatching) VALUES (
394,
7381775,
32816563
);

INSERT INTO contacts (CM_Id,CM_Type,CM_PrefTemplateRefId,CM_UIDString,CM_Last_modified,CM_ContactCreationDate,CM_Attributes,CM_ReplicationCount,CM_Header,CM_TextBlob,CM_SearchableText) VALUES (
395,
268440329,
0,
'00e0db4978e1b3a0',
#07/06/2006#,
#07/06/2006#,
4,
0,
'0400000006140044000000000000000000200040002e4000102e4000101400c40000000000000000001000c0002e4000102e400010140280010000000000000000',

'00000000',

'        2 4 7 1 3 5 6 6 7 5 6 0 2 3 7   '
);

INSERT INTO identitytable (Parent_CMID,CM_FirstName,CM_LastName,CM_CompanyName,CM_Type,CM_Attributes,CM_HintField,CM_ExtHintField,CM_FirstNmPrn,CM_LastNmPrn,CM_CompanyNmPrn) VALUES (
395,
'Le',
'Lidstonstsstterlms',
NULL,
268440329,
4,
84,
0,
NULL,
NULL,
NULL
);

INSERT INTO phone (CM_Id,CM_PhoneMatching,CM_ExtendedPhoneMatching) VALUES (
395,
7320657,
66531742
);

INSERT INTO contacts (CM_Id,CM_Type,CM_PrefTemplateRefId,CM_UIDString,CM_Last_modified,CM_ContactCreationDate,CM_Attributes,CM_ReplicationCount,CM_Header,CM_TextBlob,CM_SearchableText) VALUES (
396,
268440329,
0,
'00e0db4978e1c728',
#07/06/2006#,
#07/06/2006#,
4,
0,
'0400000006140044000000000000000000200040002e4000102e4000101400c40000000000000000001000c0002e4000102e400010140280010000000000000000',

'00000000',

'        0 0 4 0 4 6 6 4 0 0 2 8 0 1 4   '
);

INSERT INTO identitytable (Parent_CMID,CM_FirstName,CM_LastName,CM_CompanyName,CM_Type,CM_Attributes,CM_HintField,CM_ExtHintField,CM_FirstNmPrn,CM_LastNmPrn,CM_CompanyNmPrn) VALUES (
396,
'John',
'Serodg',
NULL,
268440329,
4,
84,
0,
NULL,
NULL,
NULL
);

INSERT INTO phone (CM_Id,CM_PhoneMatching,CM_ExtendedPhoneMatching) VALUES (
396,
4108200,
46640400
);

INSERT INTO contacts (CM_Id,CM_Type,CM_PrefTemplateRefId,CM_UIDString,CM_Last_modified,CM_ContactCreationDate,CM_Attributes,CM_ReplicationCount,CM_Header,CM_TextBlob,CM_SearchableText) VALUES (
397,
268440329,
0,
'00e0db4978e1ee38',
#07/06/2006#,
#07/06/2006#,
4,
0,
'0400000006140044000000000000000000200040002e4000102e4000101400c40000000000000000001000c0002e4000102e400010140280010000000000000000',

'00000000',

'        8 3 4 4 3 2 3 6 0 8 1 1 3 3 2   '
);

INSERT INTO identitytable (Parent_CMID,CM_FirstName,CM_LastName,CM_CompanyName,CM_Type,CM_Attributes,CM_HintField,CM_ExtHintField,CM_FirstNmPrn,CM_LastNmPrn,CM_CompanyNmPrn) VALUES (
397,
'Sy',
'Fuderi',
NULL,
268440329,
4,
84,
0,
NULL,
NULL,
NULL
);

INSERT INTO phone (CM_Id,CM_PhoneMatching,CM_ExtendedPhoneMatching) VALUES (
397,
2331180,
63234438
);

INSERT INTO contacts (CM_Id,CM_Type,CM_PrefTemplateRefId,CM_UIDString,CM_Last_modified,CM_ContactCreationDate,CM_Attributes,CM_ReplicationCount,CM_Header,CM_TextBlob,CM_SearchableText) VALUES (
398,
268440329,
0,
'00e0db4978e21548',
#07/06/2006#,
#07/06/2006#,
4,
0,
'0400000006140044000000000000000000200040002e4000102e4000101400c40000000000000000001000c0002e4000102e400010140280010000000000000000',

'00000000',

'        0 3 0 7 7 5 3 8 5 7 2 4 3 5 8   '
);

INSERT INTO identitytable (Parent_CMID,CM_FirstName,CM_LastName,CM_CompanyName,CM_Type,CM_Attributes,CM_HintField,CM_ExtHintField,CM_FirstNmPrn,CM_LastNmPrn,CM_CompanyNmPrn) VALUES (
398,
'Nictt',
'Ratobond',
NULL,
268440329,
4,
84,
0,
NULL,
NULL,
NULL
);

INSERT INTO phone (CM_Id,CM_PhoneMatching,CM_ExtendedPhoneMatching) VALUES (
398,
8534275,
83577030
);

INSERT INTO contacts (CM_Id,CM_Type,CM_PrefTemplateRefId,CM_UIDString,CM_Last_modified,CM_ContactCreationDate,CM_Attributes,CM_ReplicationCount,CM_Header,CM_TextBlob,CM_SearchableText) VALUES (
399,
268440329,
0,
'00e0db4978e23c58',
#07/06/2006#,
#07/06/2006#,
4,
0,
'0400000006140044000000000000000000200040002e4000102e4000101400c40000000000000000001000c0002e4000102e400010140280010000000000000000',

'00000000',

'        7 0 8 1 6 6 2 0 2 7 0 3 6 4 1   '
);

INSERT INTO identitytable (Parent_CMID,CM_FirstName,CM_LastName,CM_CompanyName,CM_Type,CM_Attributes,CM_HintField,CM_ExtHintField,CM_FirstNmPrn,CM_LastNmPrn,CM_CompanyNmPrn) VALUES (
399,
'Paren',
'Wopps',
NULL,
268440329,
4,
84,
0,
NULL,
NULL,
NULL
);

INSERT INTO phone (CM_Id,CM_PhoneMatching,CM_ExtendedPhoneMatching) VALUES (
399,
1463072,
2661807
);

INSERT INTO contacts (CM_Id,CM_Type,CM_PrefTemplateRefId,CM_UIDString,CM_Last_modified,CM_ContactCreationDate,CM_Attributes,CM_ReplicationCount,CM_Header,CM_TextBlob,CM_SearchableText) VALUES (
400,
268440329,
0,
'00e0db4978e26368',
#07/06/2006#,
#07/06/2006#,
4,
0,
'0400000006140044000000000000000000200040002e4000102e4000101400c40000000000000000001000c0002e4000102e400010140280010000000000000000',

'00000000',

'        7 2 7 3 5 2 2 7 1 6 3 0 0 1 3   '
);

INSERT INTO identitytable (Parent_CMID,CM_FirstName,CM_LastName,CM_CompanyName,CM_Type,CM_Attributes,CM_HintField,CM_ExtHintField,CM_FirstNmPrn,CM_LastNmPrn,CM_CompanyNmPrn) VALUES (
400,
'Gastammy',
'Oka',
NULL,
268440329,
4,
84,
0,
NULL,
NULL,
NULL
);

INSERT INTO phone (CM_Id,CM_PhoneMatching,CM_ExtendedPhoneMatching) VALUES (
400,
3100361,
72253727
);

INSERT INTO contacts (CM_Id,CM_Type,CM_PrefTemplateRefId,CM_UIDString,CM_Last_modified,CM_ContactCreationDate,CM_Attributes,CM_ReplicationCount,CM_Header,CM_TextBlob,CM_SearchableText) VALUES (
401,
268440329,
0,
'00e0db4978e276f0',
#07/06/2006#,
#07/06/2006#,
4,
0,
'0400000006140044000000000000000000200040002e4000102e4000101400c40000000000000000001000c0002e4000102e400010140280010000000000000000',

'00000000',

'        6 6 4 6 3 8 1 5 2 8 5 0 1 5 2   '
);

INSERT INTO identitytable (Parent_CMID,CM_FirstName,CM_LastName,CM_CompanyName,CM_Type,CM_Attributes,CM_HintField,CM_ExtHintField,CM_FirstNmPrn,CM_LastNmPrn,CM_CompanyNmPrn) VALUES (
401,
'Saus',
'Vengs',
NULL,
268440329,
4,
84,
0,
NULL,
NULL,
NULL
);

INSERT INTO phone (CM_Id,CM_PhoneMatching,CM_ExtendedPhoneMatching) VALUES (
401,
2510582,
51836466
);

INSERT INTO contacts (CM_Id,CM_Type,CM_PrefTemplateRefId,CM_UIDString,CM_Last_modified,CM_ContactCreationDate,CM_Attributes,CM_ReplicationCount,CM_Header,CM_TextBlob,CM_SearchableText) VALUES (
402,
268440329,
0,
'00e0db4978e2b188',
#07/06/2006#,
#07/06/2006#,
4,
0,
'0400000006140044000000000000000000200040002e4000102e4000101400c40000000000000000001000c0002e4000102e400010140280010000000000000000',

'00000000',

'        8 0 7 1 8 0 2 0 1 7 2 2 5 6 4   '
);

INSERT INTO identitytable (Parent_CMID,CM_FirstName,CM_LastName,CM_CompanyName,CM_Type,CM_Attributes,CM_HintField,CM_ExtHintField,CM_FirstNmPrn,CM_LastNmPrn,CM_CompanyNmPrn) VALUES (
402,
'Um',
'Fat',
NULL,
268440329,
4,
84,
0,
NULL,
NULL,
NULL
);

INSERT INTO phone (CM_Id,CM_PhoneMatching,CM_ExtendedPhoneMatching) VALUES (
402,
4652271,
2081708
);

INSERT INTO contacts (CM_Id,CM_Type,CM_PrefTemplateRefId,CM_UIDString,CM_Last_modified,CM_ContactCreationDate,CM_Attributes,CM_ReplicationCount,CM_Header,CM_TextBlob,CM_SearchableText) VALUES (
403,
268440329,
0,
'00e0db4978e2c510',
#07/06/2006#,
#07/06/2006#,
4,
0,
'0400000006140044000000000000000000200040002e4000102e4000101400c40000000000000000001000c0002e4000102e400010140280010000000000000000',

'00000000',

'        0 6 2 1 3 3 4 5 8 0 2 2 1 4 0   '
);

INSERT INTO identitytable (Parent_CMID,CM_FirstName,CM_LastName,CM_CompanyName,CM_Type,CM_Attributes,CM_HintField,CM_ExtHintField,CM_FirstNmPrn,CM_LastNmPrn,CM_CompanyNmPrn) VALUES (
403,
'Iavin',
'Hachyevavaspsanontha',
NULL,
268440329,
4,
84,
0,
NULL,
NULL,
NULL
);

INSERT INTO phone (CM_Id,CM_PhoneMatching,CM_ExtendedPhoneMatching) VALUES (
403,
412208,
54331260
);

INSERT INTO contacts (CM_Id,CM_Type,CM_PrefTemplateRefId,CM_UIDString,CM_Last_modified,CM_ContactCreationDate,CM_Attributes,CM_ReplicationCount,CM_Header,CM_TextBlob,CM_SearchableText) VALUES (
404,
268440329,
0,
'00e0db4978e2ec20',
#07/06/2006#,
#07/06/2006#,
4,
0,
'0400000006140044000000000000000000200040002e4000102e4000101400c40000000000000000001000c0002e4000102e400010140280010000000000000000',

'00000000',

'        4 6 2 1 4 1 6 0 5 1 3 3 7 1 6   '
);

INSERT INTO identitytable (Parent_CMID,CM_FirstName,CM_LastName,CM_CompanyName,CM_Type,CM_Attributes,CM_HintField,CM_ExtHintField,CM_FirstNmPrn,CM_LastNmPrn,CM_CompanyNmPrn) VALUES (
404,
'Stobew',
'Toukankk',
NULL,
268440329,
4,
84,
0,
NULL,
NULL,
NULL
);

INSERT INTO phone (CM_Id,CM_PhoneMatching,CM_ExtendedPhoneMatching) VALUES (
404,
6173315,
6141264
);

INSERT INTO contacts (CM_Id,CM_Type,CM_PrefTemplateRefId,CM_UIDString,CM_Last_modified,CM_ContactCreationDate,CM_Attributes,CM_ReplicationCount,CM_Header,CM_TextBlob,CM_SearchableText) VALUES (
405,
268440329,
0,
'00e0db4978e31330',
#07/06/2006#,
#07/06/2006#,
4,
0,
'0400000006140044000000000000000000200040002e4000102e4000101400c40000000000000000001000c0002e4000102e400010140280010000000000000000',

'00000000',

'        7 2 7 1 1 0 4 1 8 6 6 1 4 5 8   '
);

INSERT INTO identitytable (Parent_CMID,CM_FirstName,CM_LastName,CM_CompanyName,CM_Type,CM_Attributes,CM_HintField,CM_ExtHintField,CM_FirstNmPrn,CM_LastNmPrn,CM_CompanyNmPrn) VALUES (
405,
'Maul',
'Hure',
NULL,
268440329,
4,
84,
0,
NULL,
NULL,
NULL
);

INSERT INTO phone (CM_Id,CM_PhoneMatching,CM_ExtendedPhoneMatching) VALUES (
405,
8541668,
14011727
);

INSERT INTO contacts (CM_Id,CM_Type,CM_PrefTemplateRefId,CM_UIDString,CM_Last_modified,CM_ContactCreationDate,CM_Attributes,CM_ReplicationCount,CM_Header,CM_TextBlob,CM_SearchableText) VALUES (
406,
268440329,
0,
'00e0db4978e33a40',
#07/06/2006#,
#07/06/2006#,
4,
0,
'0400000006140044000000000000000000200040002e4000102e4000101400c40000000000000000001000c0002e4000102e400010140280010000000000000000',

'00000000',

'        0 0 3 1 6 2 8 4 3 3 8 8 5 0 8   '
);

INSERT INTO identitytable (Parent_CMID,CM_FirstName,CM_LastName,CM_CompanyName,CM_Type,CM_Attributes,CM_HintField,CM_ExtHintField,CM_FirstNmPrn,CM_LastNmPrn,CM_CompanyNmPrn) VALUES (
406,
'Bettias',
'Ra',
NULL,
268440329,
4,
84,
0,
NULL,
NULL,
NULL
);

INSERT INTO phone (CM_Id,CM_PhoneMatching,CM_ExtendedPhoneMatching) VALUES (
406,
8058833,
48261300
);

INSERT INTO contacts (CM_Id,CM_Type,CM_PrefTemplateRefId,CM_UIDString,CM_Last_modified,CM_ContactCreationDate,CM_Attributes,CM_ReplicationCount,CM_Header,CM_TextBlob,CM_SearchableText) VALUES (
407,
268440329,
0,
'00e0db4978e38860',
#07/06/2006#,
#07/06/2006#,
4,
0,
'0400000006140044000000000000000000200040002e4000102e4000101400c40000000000000000001000c0002e4000102e400010140280010000000000000000',

'00000000',

'        6 0 5 3 2 2 6 3 5 7 7 0 0 7 5   '
);

INSERT INTO identitytable (Parent_CMID,CM_FirstName,CM_LastName,CM_CompanyName,CM_Type,CM_Attributes,CM_HintField,CM_ExtHintField,CM_FirstNmPrn,CM_LastNmPrn,CM_CompanyNmPrn) VALUES (
407,
'Gew',
'Hareilphms-MacDerlus',
NULL,
268440329,
4,
84,
0,
NULL,
NULL,
NULL
);

INSERT INTO phone (CM_Id,CM_PhoneMatching,CM_ExtendedPhoneMatching) VALUES (
407,
5700775,
36223506
);

INSERT INTO contacts (CM_Id,CM_Type,CM_PrefTemplateRefId,CM_UIDString,CM_Last_modified,CM_ContactCreationDate,CM_Attributes,CM_ReplicationCount,CM_Header,CM_TextBlob,CM_SearchableText) VALUES (
408,
268440329,
0,
'00e0db4978e3af70',
#07/06/2006#,
#07/06/2006#,
4,
0,
'0400000006140044000000000000000000200040002e4000102e4000101400c40000000000000000001000c0002e4000102e400010140280010000000000000000',

'00000000',

'        6 6 6 3 0 6 0 8 1 2 0 3 8 2 1   '
);

INSERT INTO identitytable (Parent_CMID,CM_FirstName,CM_LastName,CM_CompanyName,CM_Type,CM_Attributes,CM_HintField,CM_ExtHintField,CM_FirstNmPrn,CM_LastNmPrn,CM_CompanyNmPrn) VALUES (
408,
'Kean',
'Drare',
NULL,
268440329,
4,
84,
0,
NULL,
NULL,
NULL
);

INSERT INTO phone (CM_Id,CM_PhoneMatching,CM_ExtendedPhoneMatching) VALUES (
408,
1283021,
80603666
);

INSERT INTO contacts (CM_Id,CM_Type,CM_PrefTemplateRefId,CM_UIDString,CM_Last_modified,CM_ContactCreationDate,CM_Attributes,CM_ReplicationCount,CM_Header,CM_TextBlob,CM_SearchableText) VALUES (
409,
268440329,
0,
'00e0db4978e3d680',
#07/06/2006#,
#07/06/2006#,
4,
0,
'0400000006140044000000000000000000200040002e4000102e4000101400c40000000000000000001000c0002e4000102e400010140280010000000000000000',

'00000000',

'        6 8 8 7 6 5 7 8 4 6 3 0 6 4 1   '
);

INSERT INTO identitytable (Parent_CMID,CM_FirstName,CM_LastName,CM_CompanyName,CM_Type,CM_Attributes,CM_HintField,CM_ExtHintField,CM_FirstNmPrn,CM_LastNmPrn,CM_CompanyNmPrn) VALUES (
409,
'Anretohenil',
'Tand',
NULL,
268440329,
4,
84,
0,
NULL,
NULL,
NULL
);

INSERT INTO phone (CM_Id,CM_PhoneMatching,CM_ExtendedPhoneMatching) VALUES (
409,
1460364,
87567886
);

INSERT INTO contacts (CM_Id,CM_Type,CM_PrefTemplateRefId,CM_UIDString,CM_Last_modified,CM_ContactCreationDate,CM_Attributes,CM_ReplicationCount,CM_Header,CM_TextBlob,CM_SearchableText) VALUES (
410,
268440329,
0,
'00e0db4978e3fd90',
#07/06/2006#,
#07/06/2006#,
4,
0,
'0400000006140044000000000000000000200040002e4000102e4000101400c40000000000000000001000c0002e4000102e400010140280010000000000000000',

'00000000',

'        2 3 7 4 3 3 5 2 8 1 3 7 1 2 5   '
);

INSERT INTO identitytable (Parent_CMID,CM_FirstName,CM_LastName,CM_CompanyName,CM_Type,CM_Attributes,CM_HintField,CM_ExtHintField,CM_FirstNmPrn,CM_LastNmPrn,CM_CompanyNmPrn) VALUES (
410,
'Loy',
'Bandase',
NULL,
268440329,
4,
84,
0,
NULL,
NULL,
NULL
);

INSERT INTO phone (CM_Id,CM_PhoneMatching,CM_ExtendedPhoneMatching) VALUES (
410,
5217318,
25334732
);

INSERT INTO contacts (CM_Id,CM_Type,CM_PrefTemplateRefId,CM_UIDString,CM_Last_modified,CM_ContactCreationDate,CM_Attributes,CM_ReplicationCount,CM_Header,CM_TextBlob,CM_SearchableText) VALUES (
411,
268440329,
0,
'00e0db4978e41118',
#07/06/2006#,
#07/06/2006#,
4,
0,
'0400000006140044000000000000000000200040002e4000102e4000101400c40000000000000000001000c0002e4000102e400010140280010000000000000000',

'00000000',

'        0 3 4 3 7 2 7 0 7 1 8 1 7 7 4   '
);

INSERT INTO identitytable (Parent_CMID,CM_FirstName,CM_LastName,CM_CompanyName,CM_Type,CM_Attributes,CM_HintField,CM_ExtHintField,CM_FirstNmPrn,CM_LastNmPrn,CM_CompanyNmPrn) VALUES (
411,
'Matin',
'Fure',
NULL,
268440329,
4,
84,
0,
NULL,
NULL,
NULL
);

INSERT INTO phone (CM_Id,CM_PhoneMatching,CM_ExtendedPhoneMatching) VALUES (
411,
4771817,
7273430
);

INSERT INTO contacts (CM_Id,CM_Type,CM_PrefTemplateRefId,CM_UIDString,CM_Last_modified,CM_ContactCreationDate,CM_Attributes,CM_ReplicationCount,CM_Header,CM_TextBlob,CM_SearchableText) VALUES (
412,
268440329,
0,
'00e0db4978e43828',
#07/06/2006#,
#07/06/2006#,
4,
0,
'0400000006140044000000000000000000200040002e4000102e4000101400c40000000000000000001000c0002e4000102e400010140280010000000000000000',

'00000000',

'        1 3 2 6 7 4 0 3 2 4 8 3 5 0 1   '
);

INSERT INTO identitytable (Parent_CMID,CM_FirstName,CM_LastName,CM_CompanyName,CM_Type,CM_Attributes,CM_HintField,CM_ExtHintField,CM_FirstNmPrn,CM_LastNmPrn,CM_CompanyNmPrn) VALUES (
412,
'Pa',
'Ustarerncky',
NULL,
268440329,
4,
84,
0,
NULL,
NULL,
NULL
);

INSERT INTO phone (CM_Id,CM_PhoneMatching,CM_ExtendedPhoneMatching) VALUES (
412,
1053842,
30476231
);

INSERT INTO contacts (CM_Id,CM_Type,CM_PrefTemplateRefId,CM_UIDString,CM_Last_modified,CM_ContactCreationDate,CM_Attributes,CM_ReplicationCount,CM_Header,CM_TextBlob,CM_SearchableText) VALUES (
413,
268440329,
0,
'00e0db4978e45f38',
#07/06/2006#,
#07/06/2006#,
4,
0,
'0400000006140044000000000000000000200040002e4000102e4000101400c40000000000000000001000c0002e4000102e400010140280010000000000000000',

'00000000',

'        8 3 3 5 4 8 8 4 3 3 0 3 1 5 2   '
);

INSERT INTO identitytable (Parent_CMID,CM_FirstName,CM_LastName,CM_CompanyName,CM_Type,CM_Attributes,CM_HintField,CM_ExtHintField,CM_FirstNmPrn,CM_LastNmPrn,CM_CompanyNmPrn) VALUES (
413,
'Kaul',
'Janbes',
NULL,
268440329,
4,
84,
0,
NULL,
NULL,
NULL
);

INSERT INTO phone (CM_Id,CM_PhoneMatching,CM_ExtendedPhoneMatching) VALUES (
413,
2513033,
48845338
);

INSERT INTO contacts (CM_Id,CM_Type,CM_PrefTemplateRefId,CM_UIDString,CM_Last_modified,CM_ContactCreationDate,CM_Attributes,CM_ReplicationCount,CM_Header,CM_TextBlob,CM_SearchableText) VALUES (
414,
268440329,
0,
'00e0db4978e48648',
#07/06/2006#,
#07/06/2006#,
4,
0,
'0400000006140044000000000000000000200040002e4000102e4000101400c40000000000000000001000c0002e4000102e400010140280010000000000000000',

'00000000',

'        0 5 2 4 4 4 5 3 3 5 3 6 2 3 2   '
);

INSERT INTO identitytable (Parent_CMID,CM_FirstName,CM_LastName,CM_CompanyName,CM_Type,CM_Attributes,CM_HintField,CM_ExtHintField,CM_FirstNmPrn,CM_LastNmPrn,CM_CompanyNmPrn) VALUES (
414,
'Emidan',
'Bast',
NULL,
268440329,
4,
84,
0,
NULL,
NULL,
NULL
);

INSERT INTO phone (CM_Id,CM_PhoneMatching,CM_ExtendedPhoneMatching) VALUES (
414,
2326353,
35444250
);

INSERT INTO contacts (CM_Id,CM_Type,CM_PrefTemplateRefId,CM_UIDString,CM_Last_modified,CM_ContactCreationDate,CM_Attributes,CM_ReplicationCount,CM_Header,CM_TextBlob,CM_SearchableText) VALUES (
415,
268440329,
0,
'00e0db4978e4ad58',
#07/06/2006#,
#07/06/2006#,
4,
0,
'0400000006140044000000000000000000200040002e4000102e4000101400c40000000000000000001000c0002e4000102e400010140280010000000000000000',

'00000000',

'        1 3 6 3 8 7 0 1 3 4 4 6 1 1 2   '
);

INSERT INTO identitytable (Parent_CMID,CM_FirstName,CM_LastName,CM_CompanyName,CM_Type,CM_Attributes,CM_HintField,CM_ExtHintField,CM_FirstNmPrn,CM_LastNmPrn,CM_CompanyNmPrn) VALUES (
415,
'Chewa',
'Fikinterve',
NULL,
268440329,
4,
84,
0,
NULL,
NULL,
NULL
);

INSERT INTO phone (CM_Id,CM_PhoneMatching,CM_ExtendedPhoneMatching) VALUES (
415,
2116443,
10783631
);

INSERT INTO contacts (CM_Id,CM_Type,CM_PrefTemplateRefId,CM_UIDString,CM_Last_modified,CM_ContactCreationDate,CM_Attributes,CM_ReplicationCount,CM_Header,CM_TextBlob,CM_SearchableText) VALUES (
416,
268440329,
0,
'00e0db4978e4d468',
#07/06/2006#,
#07/06/2006#,
4,
0,
'0400000006140044000000000000000000200040002e4000102e4000101400c40000000000000000001000c0002e4000102e400010140280010000000000000000',

'00000000',

'        5 1 0 1 6 7 2 0 2 2 7 3 4 0 3   '
);

INSERT INTO identitytable (Parent_CMID,CM_FirstName,CM_LastName,CM_CompanyName,CM_Type,CM_Attributes,CM_HintField,CM_ExtHintField,CM_FirstNmPrn,CM_LastNmPrn,CM_CompanyNmPrn) VALUES (
416,
'Martuan',
'El',
NULL,
268440329,
4,
84,
0,
NULL,
NULL,
NULL
);

INSERT INTO phone (CM_Id,CM_PhoneMatching,CM_ExtendedPhoneMatching) VALUES (
416,
3043722,
2761015
);

INSERT INTO contacts (CM_Id,CM_Type,CM_PrefTemplateRefId,CM_UIDString,CM_Last_modified,CM_ContactCreationDate,CM_Attributes,CM_ReplicationCount,CM_Header,CM_TextBlob,CM_SearchableText) VALUES (
417,
268440329,
0,
'00e0db4978e4fb78',
#07/06/2006#,
#07/06/2006#,
4,
0,
'0400000006140044000000000000000000200040002e4000102e4000101400c40000000000000000001000c0002e4000102e400010140280010000000000000000',

'00000000',

'        2 2 1 2 6 1 5 5 1 4 1 6 8 7 7   '
);

INSERT INTO identitytable (Parent_CMID,CM_FirstName,CM_LastName,CM_CompanyName,CM_Type,CM_Attributes,CM_HintField,CM_ExtHintField,CM_FirstNmPrn,CM_LastNmPrn,CM_CompanyNmPrn) VALUES (
417,
'Mathl',
'KevaokesorsourtadulgutonncLe',
NULL,
268440329,
4,
84,
0,
NULL,
NULL,
NULL
);

INSERT INTO phone (CM_Id,CM_PhoneMatching,CM_ExtendedPhoneMatching) VALUES (
417,
7786141,
55162122
);

INSERT INTO contacts (CM_Id,CM_Type,CM_PrefTemplateRefId,CM_UIDString,CM_Last_modified,CM_ContactCreationDate,CM_Attributes,CM_ReplicationCount,CM_Header,CM_TextBlob,CM_SearchableText) VALUES (
418,
268440329,
0,
'00e0db4978e50f00',
#07/06/2006#,
#07/06/2006#,
4,
0,
'0400000006140044000000000000000000200040002e4000102e4000101400c40000000000000000001000c0002e4000102e400010140280010000000000000000',

'00000000',

'        8 2 5 7 1 4 1 8 1 8 8 6 1 1 7   '
);

INSERT INTO identitytable (Parent_CMID,CM_FirstName,CM_LastName,CM_CompanyName,CM_Type,CM_Attributes,CM_HintField,CM_ExtHintField,CM_FirstNmPrn,CM_LastNmPrn,CM_CompanyNmPrn) VALUES (
418,
'An',
'Maychum',
NULL,
268440329,
4,
84,
0,
NULL,
NULL,
NULL
);

INSERT INTO phone (CM_Id,CM_PhoneMatching,CM_ExtendedPhoneMatching) VALUES (
418,
7116881,
81417528
);

INSERT INTO contacts (CM_Id,CM_Type,CM_PrefTemplateRefId,CM_UIDString,CM_Last_modified,CM_ContactCreationDate,CM_Attributes,CM_ReplicationCount,CM_Header,CM_TextBlob,CM_SearchableText) VALUES (
419,
268440329,
0,
'00e0db4978e52c4c',
#07/06/2006#,
#07/06/2006#,
4,
0,
'0400000006140044000000000000000000200040002e4000102e4000101400c40000000000000000001000c0002e4000102e400010140280010000000000000000',

'00000000',

'        4 5 4 5 8 1 7 2 6 0 4 3 0 2 8   '
);

INSERT INTO identitytable (Parent_CMID,CM_FirstName,CM_LastName,CM_CompanyName,CM_Type,CM_Attributes,CM_HintField,CM_ExtHintField,CM_FirstNmPrn,CM_LastNmPrn,CM_CompanyNmPrn) VALUES (
419,
'Kofely',
'Railllbaf',
NULL,
268440329,
4,
84,
0,
NULL,
NULL,
NULL
);

INSERT INTO phone (CM_Id,CM_PhoneMatching,CM_ExtendedPhoneMatching) VALUES (
419,
8203406,
27185454
);

INSERT INTO contacts (CM_Id,CM_Type,CM_PrefTemplateRefId,CM_UIDString,CM_Last_modified,CM_ContactCreationDate,CM_Attributes,CM_ReplicationCount,CM_Header,CM_TextBlob,CM_SearchableText) VALUES (
420,
268440329,
0,
'00e0db4978e555cd',
#07/06/2006#,
#07/06/2006#,
4,
0,
'0400000006140044000000000000000000200040002e4000102e4000101400c40000000000000000001000c0002e4000102e400010140280010000000000000000',

'00000000',

'        0 3 8 3 6 1 7 6 4 6 5 4 7 2 5   '
);

INSERT INTO identitytable (Parent_CMID,CM_FirstName,CM_LastName,CM_CompanyName,CM_Type,CM_Attributes,CM_HintField,CM_ExtHintField,CM_FirstNmPrn,CM_LastNmPrn,CM_CompanyNmPrn) VALUES (
420,
'Pa',
'Jous',
NULL,
268440329,
4,
84,
0,
NULL,
NULL,
NULL
);

INSERT INTO phone (CM_Id,CM_PhoneMatching,CM_ExtendedPhoneMatching) VALUES (
420,
5274564,
67163830
);

INSERT INTO contacts (CM_Id,CM_Type,CM_PrefTemplateRefId,CM_UIDString,CM_Last_modified,CM_ContactCreationDate,CM_Attributes,CM_ReplicationCount,CM_Header,CM_TextBlob,CM_SearchableText) VALUES (
421,
268440329,
0,
'00e0db4978e56955',
#07/06/2006#,
#07/06/2006#,
4,
0,
'0400000006140044000000000000000000200040002e4000102e4000101400c40000000000000000001000c0002e4000102e400010140280010000000000000000',

'00000000',

'        6 0 5 6 5 2 5 0 5 5 3 2 1 5 6   '
);

INSERT INTO identitytable (Parent_CMID,CM_FirstName,CM_LastName,CM_CompanyName,CM_Type,CM_Attributes,CM_HintField,CM_ExtHintField,CM_FirstNmPrn,CM_LastNmPrn,CM_CompanyNmPrn) VALUES (
421,
'Rabe',
'Tangistoy',
NULL,
268440329,
4,
84,
0,
NULL,
NULL,
NULL
);

INSERT INTO phone (CM_Id,CM_PhoneMatching,CM_ExtendedPhoneMatching) VALUES (
421,
6512355,
5256506
);

INSERT INTO contacts (CM_Id,CM_Type,CM_PrefTemplateRefId,CM_UIDString,CM_Last_modified,CM_ContactCreationDate,CM_Attributes,CM_ReplicationCount,CM_Header,CM_TextBlob,CM_SearchableText) VALUES (
422,
268440329,
0,
'00e0db4978e5cafd',
#07/06/2006#,
#07/06/2006#,
4,
0,
'0400000006140044000000000000000000200040002e4000102e4000101400c40000000000000000001000c0002e4000102e400010140280010000000000000000',

'00000000',

'        1 3 6 0 2 0 3 8 1 5 6 1 3 7 1   '
);

INSERT INTO identitytable (Parent_CMID,CM_FirstName,CM_LastName,CM_CompanyName,CM_Type,CM_Attributes,CM_HintField,CM_ExtHintField,CM_FirstNmPrn,CM_LastNmPrn,CM_CompanyNmPrn) VALUES (
422,
'Shadenurish',
'Ronnggimerbrndottterametho',
NULL,
268440329,
4,
84,
0,
NULL,
NULL,
NULL
);

INSERT INTO phone (CM_Id,CM_PhoneMatching,CM_ExtendedPhoneMatching) VALUES (
422,
1731651,
83020631
);

INSERT INTO contacts (CM_Id,CM_Type,CM_PrefTemplateRefId,CM_UIDString,CM_Last_modified,CM_ContactCreationDate,CM_Attributes,CM_ReplicationCount,CM_Header,CM_TextBlob,CM_SearchableText) VALUES (
423,
268440329,
0,
'00e0db4978e5f20d',
#07/06/2006#,
#07/06/2006#,
4,
0,
'0400000006140044000000000000000000200040002e4000102e4000101400c40000000000000000001000c0002e4000102e400010140280010000000000000000',

'00000000',

'        8 1 7 6 4 7 8 3 5 7 1 4 2 4 5   '
);

INSERT INTO identitytable (Parent_CMID,CM_FirstName,CM_LastName,CM_CompanyName,CM_Type,CM_Attributes,CM_HintField,CM_ExtHintField,CM_FirstNmPrn,CM_LastNmPrn,CM_CompanyNmPrn) VALUES (
423,
'Stidran',
'Harf',
NULL,
268440329,
4,
84,
0,
NULL,
NULL,
NULL
);

INSERT INTO phone (CM_Id,CM_PhoneMatching,CM_ExtendedPhoneMatching) VALUES (
423,
5424175,
38746718
);

INSERT INTO contacts (CM_Id,CM_Type,CM_PrefTemplateRefId,CM_UIDString,CM_Last_modified,CM_ContactCreationDate,CM_Attributes,CM_ReplicationCount,CM_Header,CM_TextBlob,CM_SearchableText) VALUES (
424,
268440329,
0,
'00e0db4978e6191d',
#07/06/2006#,
#07/06/2006#,
4,
0,
'0400000006140044000000000000000000200040002e4000102e4000101400c40000000000000000001000c0002e4000102e400010140280010000000000000000',

'00000000',

'        0 4 2 2 8 7 4 7 0 0 4 4 7 3 8   '
);

INSERT INTO identitytable (Parent_CMID,CM_FirstName,CM_LastName,CM_CompanyName,CM_Type,CM_Attributes,CM_HintField,CM_ExtHintField,CM_FirstNmPrn,CM_LastNmPrn,CM_CompanyNmPrn) VALUES (
424,
'Jorimee',
'Ronk',
NULL,
268440329,
4,
84,
0,
NULL,
NULL,
NULL
);

INSERT INTO phone (CM_Id,CM_PhoneMatching,CM_ExtendedPhoneMatching) VALUES (
424,
8374400,
74782240
);

INSERT INTO contacts (CM_Id,CM_Type,CM_PrefTemplateRefId,CM_UIDString,CM_Last_modified,CM_ContactCreationDate,CM_Attributes,CM_ReplicationCount,CM_Header,CM_TextBlob,CM_SearchableText) VALUES (
425,
268440329,
0,
'00e0db4978e62ca5',
#07/06/2006#,
#07/06/2006#,
4,
0,
'0400000006140044000000000000000000200040002e4000102e4000101400c40000000000000000001000c0002e4000102e400010140280010000000000000000',

'00000000',

'        8 1 5 2 1 8 3 2 4 3 3 5 8 5 2   '
);

INSERT INTO identitytable (Parent_CMID,CM_FirstName,CM_LastName,CM_CompanyName,CM_Type,CM_Attributes,CM_HintField,CM_ExtHintField,CM_FirstNmPrn,CM_LastNmPrn,CM_CompanyNmPrn) VALUES (
425,
'Anausebe',
'Sig',
NULL,
268440329,
4,
84,
0,
NULL,
NULL,
NULL
);

INSERT INTO phone (CM_Id,CM_PhoneMatching,CM_ExtendedPhoneMatching) VALUES (
425,
2585334,
23812518
);

INSERT INTO contacts (CM_Id,CM_Type,CM_PrefTemplateRefId,CM_UIDString,CM_Last_modified,CM_ContactCreationDate,CM_Attributes,CM_ReplicationCount,CM_Header,CM_TextBlob,CM_SearchableText) VALUES (
426,
268440329,
0,
'00e0db4978e653b5',
#07/06/2006#,
#07/06/2006#,
4,
0,
'0400000006140044000000000000000000200040002e4000102e4000101400c40000000000000000001000c0002e4000102e400010140280010000000000000000',

'00000000',

'        1 2 5 7 4 2 5 7 2 5 4 2 1 5 0   '
);

INSERT INTO identitytable (Parent_CMID,CM_FirstName,CM_LastName,CM_CompanyName,CM_Type,CM_Attributes,CM_HintField,CM_ExtHintField,CM_FirstNmPrn,CM_LastNmPrn,CM_CompanyNmPrn) VALUES (
426,
'Brendhikisthnd',
'Trsssongannbstt',
NULL,
268440329,
4,
84,
0,
NULL,
NULL,
NULL
);

INSERT INTO phone (CM_Id,CM_PhoneMatching,CM_ExtendedPhoneMatching) VALUES (
426,
512452,
75247521
);

INSERT INTO contacts (CM_Id,CM_Type,CM_PrefTemplateRefId,CM_UIDString,CM_Last_modified,CM_ContactCreationDate,CM_Attributes,CM_ReplicationCount,CM_Header,CM_TextBlob,CM_SearchableText) VALUES (
427,
268440329,
0,
'00e0db4978e69a82',
#07/06/2006#,
#07/06/2006#,
4,
0,
'0400000006140044000000000000000000200040002e4000102e4000101400c40000000000000000001000c0002e4000102e400010140280010000000000000000',

'00000000',

'        4 3 0 1 1 1 1 5 0 8 4 3 7 6 8   '
);

INSERT INTO identitytable (Parent_CMID,CM_FirstName,CM_LastName,CM_CompanyName,CM_Type,CM_Attributes,CM_HintField,CM_ExtHintField,CM_FirstNmPrn,CM_LastNmPrn,CM_CompanyNmPrn) VALUES (
427,
'Teopp',
'Muibitakeruneshay',
NULL,
268440329,
4,
84,
0,
NULL,
NULL,
NULL
);

INSERT INTO phone (CM_Id,CM_PhoneMatching,CM_ExtendedPhoneMatching) VALUES (
427,
8673480,
51111034
);

INSERT INTO contacts (CM_Id,CM_Type,CM_PrefTemplateRefId,CM_UIDString,CM_Last_modified,CM_ContactCreationDate,CM_Attributes,CM_ReplicationCount,CM_Header,CM_TextBlob,CM_SearchableText) VALUES (
428,
268440329,
0,
'00e0db4978e6e8a2',
#07/06/2006#,
#07/06/2006#,
4,
0,
'0400000006140044000000000000000000200040002e4000102e4000101400c40000000000000000001000c0002e4000102e400010140280010000000000000000',

'00000000',

'        4 6 3 5 3 5 7 1 0 3 5 2 3 6 8   '
);

INSERT INTO identitytable (Parent_CMID,CM_FirstName,CM_LastName,CM_CompanyName,CM_Type,CM_Attributes,CM_HintField,CM_ExtHintField,CM_FirstNmPrn,CM_LastNmPrn,CM_CompanyNmPrn) VALUES (
428,
'Gralilas',
'Beny',
NULL,
268440329,
4,
84,
0,
NULL,
NULL,
NULL
);

INSERT INTO phone (CM_Id,CM_PhoneMatching,CM_ExtendedPhoneMatching) VALUES (
428,
8632530,
17535364
);

INSERT INTO contacts (CM_Id,CM_Type,CM_PrefTemplateRefId,CM_UIDString,CM_Last_modified,CM_ContactCreationDate,CM_Attributes,CM_ReplicationCount,CM_Header,CM_TextBlob,CM_SearchableText) VALUES (
429,
268440329,
0,
'00e0db4978e70fb2',
#07/06/2006#,
#07/06/2006#,
4,
0,
'0400000006140044000000000000000000200040002e4000102e4000101400c40000000000000000001000c0002e4000102e400010140280010000000000000000',

'00000000',

'        2 6 4 4 0 3 2 1 6 6 4 2 2 3 4   '
);

INSERT INTO identitytable (Parent_CMID,CM_FirstName,CM_LastName,CM_CompanyName,CM_Type,CM_Attributes,CM_HintField,CM_ExtHintField,CM_FirstNmPrn,CM_LastNmPrn,CM_CompanyNmPrn) VALUES (
429,
'Per',
'Br',
NULL,
268440329,
4,
84,
0,
NULL,
NULL,
NULL
);

INSERT INTO phone (CM_Id,CM_PhoneMatching,CM_ExtendedPhoneMatching) VALUES (
429,
4322466,
12304462
);

INSERT INTO contacts (CM_Id,CM_Type,CM_PrefTemplateRefId,CM_UIDString,CM_Last_modified,CM_ContactCreationDate,CM_Attributes,CM_ReplicationCount,CM_Header,CM_TextBlob,CM_SearchableText) VALUES (
430,
268440329,
0,
'00e0db4978e736c2',
#07/06/2006#,
#07/06/2006#,
4,
0,
'0400000006140044000000000000000000200040002e4000102e4000101400c40000000000000000001000c0002e4000102e400010140280010000000000000000',

'00000000',

'        0 2 3 0 0 0 6 3 7 4 7 3 1 2 8   '
);

INSERT INTO identitytable (Parent_CMID,CM_FirstName,CM_LastName,CM_CompanyName,CM_Type,CM_Attributes,CM_HintField,CM_ExtHintField,CM_FirstNmPrn,CM_LastNmPrn,CM_CompanyNmPrn) VALUES (
430,
'Nate',
'Gun',
NULL,
268440329,
4,
84,
0,
NULL,
NULL,
NULL
);

INSERT INTO phone (CM_Id,CM_PhoneMatching,CM_ExtendedPhoneMatching) VALUES (
430,
8213747,
36000320
);

INSERT INTO contacts (CM_Id,CM_Type,CM_PrefTemplateRefId,CM_UIDString,CM_Last_modified,CM_ContactCreationDate,CM_Attributes,CM_ReplicationCount,CM_Header,CM_TextBlob,CM_SearchableText) VALUES (
431,
268440329,
0,
'00e0db4978e7519d',
#07/06/2006#,
#07/06/2006#,
4,
0,
'0400000006140044000000000000000000200040002e4000102e4000101400c40000000000000000001000c0002e4000102e400010140280010000000000000000',

'00000000',

'        5 8 4 4 0 7 5 3 8 4 3 8 3 2 2   '
);

INSERT INTO identitytable (Parent_CMID,CM_FirstName,CM_LastName,CM_CompanyName,CM_Type,CM_Attributes,CM_HintField,CM_ExtHintField,CM_FirstNmPrn,CM_LastNmPrn,CM_CompanyNmPrn) VALUES (
431,
'Cry',
'Ollllg',
NULL,
268440329,
4,
84,
0,
NULL,
NULL,
NULL
);

INSERT INTO phone (CM_Id,CM_PhoneMatching,CM_ExtendedPhoneMatching) VALUES (
431,
2238348,
35704485
);

INSERT INTO contacts (CM_Id,CM_Type,CM_PrefTemplateRefId,CM_UIDString,CM_Last_modified,CM_ContactCreationDate,CM_Attributes,CM_ReplicationCount,CM_Header,CM_TextBlob,CM_SearchableText) VALUES (
432,
268440329,
0,
'00e0db4978e778ad',
#07/06/2006#,
#07/06/2006#,
4,
0,
'0400000006140044000000000000000000200040002e4000102e4000101400c40000000000000000001000c0002e4000102e400010140280010000000000000000',

'00000000',

'        0 7 7 5 5 5 7 4 4 8 1 3 1 5 7   '
);

INSERT INTO identitytable (Parent_CMID,CM_FirstName,CM_LastName,CM_CompanyName,CM_Type,CM_Attributes,CM_HintField,CM_ExtHintField,CM_FirstNmPrn,CM_LastNmPrn,CM_CompanyNmPrn) VALUES (
432,
'Jaminrdhrivichndri',
'Sumiures',
NULL,
268440329,
4,
84,
0,
NULL,
NULL,
NULL
);

INSERT INTO phone (CM_Id,CM_PhoneMatching,CM_ExtendedPhoneMatching) VALUES (
432,
7513184,
47555770
);

INSERT INTO contacts (CM_Id,CM_Type,CM_PrefTemplateRefId,CM_UIDString,CM_Last_modified,CM_ContactCreationDate,CM_Attributes,CM_ReplicationCount,CM_Header,CM_TextBlob,CM_SearchableText) VALUES (
433,
268440329,
0,
'00e0db4978e79fbd',
#07/06/2006#,
#07/06/2006#,
4,
0,
'0400000006140044000000000000000000200040002e4000102e4000101400c40000000000000000001000c0002e4000102e400010140280010000000000000000',

'00000000',

'        1 7 2 3 0 4 6 0 8 4 4 0 3 0 3   '
);

INSERT INTO identitytable (Parent_CMID,CM_FirstName,CM_LastName,CM_CompanyName,CM_Type,CM_Attributes,CM_HintField,CM_ExtHintField,CM_FirstNmPrn,CM_LastNmPrn,CM_CompanyNmPrn) VALUES (
433,
'Erichesti',
'Gansetshmar',
NULL,
268440329,
4,
84,
0,
NULL,
NULL,
NULL
);

INSERT INTO phone (CM_Id,CM_PhoneMatching,CM_ExtendedPhoneMatching) VALUES (
433,
3030448,
6403271
);

INSERT INTO contacts (CM_Id,CM_Type,CM_PrefTemplateRefId,CM_UIDString,CM_Last_modified,CM_ContactCreationDate,CM_Attributes,CM_ReplicationCount,CM_Header,CM_TextBlob,CM_SearchableText) VALUES (
434,
268440329,
0,
'00e0db4978e7b345',
#07/06/2006#,
#07/06/2006#,
4,
0,
'0400000006140044000000000000000000200040002e4000102e4000101400c40000000000000000001000c0002e4000102e400010140280010000000000000000',

'00000000',

'        4 7 5 8 5 8 3 4 5 7 6 3 5 8 7   '
);

INSERT INTO identitytable (Parent_CMID,CM_FirstName,CM_LastName,CM_CompanyName,CM_Type,CM_Attributes,CM_HintField,CM_ExtHintField,CM_FirstNmPrn,CM_LastNmPrn,CM_CompanyNmPrn) VALUES (
434,
'Daulis',
'Marlsstajeshi',
NULL,
268440329,
4,
84,
0,
NULL,
NULL,
NULL
);

INSERT INTO phone (CM_Id,CM_PhoneMatching,CM_ExtendedPhoneMatching) VALUES (
434,
7853675,
43858574
);

INSERT INTO contacts (CM_Id,CM_Type,CM_PrefTemplateRefId,CM_UIDString,CM_Last_modified,CM_ContactCreationDate,CM_Attributes,CM_ReplicationCount,CM_Header,CM_TextBlob,CM_SearchableText) VALUES (
435,
268440329,
0,
'00e0db4978e7da55',
#07/06/2006#,
#07/06/2006#,
4,
0,
'0400000006140044000000000000000000200040002e4000102e4000101400c40000000000000000001000c0002e4000102e400010140280010000000000000000',

'00000000',

'        0 1 8 7 8 8 8 4 6 8 6 0 8 4 4   '
);

INSERT INTO identitytable (Parent_CMID,CM_FirstName,CM_LastName,CM_CompanyName,CM_Type,CM_Attributes,CM_HintField,CM_ExtHintField,CM_FirstNmPrn,CM_LastNmPrn,CM_CompanyNmPrn) VALUES (
435,
'Suna',
'Sheryniseykeissthachins',
NULL,
268440329,
4,
84,
0,
NULL,
NULL,
NULL
);

INSERT INTO phone (CM_Id,CM_PhoneMatching,CM_ExtendedPhoneMatching) VALUES (
435,
4480686,
48887810
);

INSERT INTO contacts (CM_Id,CM_Type,CM_PrefTemplateRefId,CM_UIDString,CM_Last_modified,CM_ContactCreationDate,CM_Attributes,CM_ReplicationCount,CM_Header,CM_TextBlob,CM_SearchableText) VALUES (
436,
268440329,
0,
'00e0db4978e80165',
#07/06/2006#,
#07/06/2006#,
4,
0,
'0400000006140044000000000000000000200040002e4000102e4000101400c40000000000000000001000c0002e4000102e400010140280010000000000000000',

'00000000',

'        0 0 8 2 5 4 0 2 7 7 1 0 2 8 7   '
);

INSERT INTO identitytable (Parent_CMID,CM_FirstName,CM_LastName,CM_CompanyName,CM_Type,CM_Attributes,CM_HintField,CM_ExtHintField,CM_FirstNmPrn,CM_LastNmPrn,CM_CompanyNmPrn) VALUES (
436,
'Jeimar',
'Be',
NULL,
268440329,
4,
84,
0,
NULL,
NULL,
NULL
);

INSERT INTO phone (CM_Id,CM_PhoneMatching,CM_ExtendedPhoneMatching) VALUES (
436,
7820177,
20452800
);

INSERT INTO contacts (CM_Id,CM_Type,CM_PrefTemplateRefId,CM_UIDString,CM_Last_modified,CM_ContactCreationDate,CM_Attributes,CM_ReplicationCount,CM_Header,CM_TextBlob,CM_SearchableText) VALUES (
437,
268440329,
0,
'00e0db4978e84f85',
#07/06/2006#,
#07/06/2006#,
4,
0,
'0400000006140044000000000000000000200040002e4000102e4000101400c40000000000000000001000c0002e4000102e400010140280010000000000000000',

'00000000',

'        5 6 7 6 5 0 5 2 8 5 4 0 2 2 3   '
);

INSERT INTO identitytable (Parent_CMID,CM_FirstName,CM_LastName,CM_CompanyName,CM_Type,CM_Attributes,CM_HintField,CM_ExtHintField,CM_FirstNmPrn,CM_LastNmPrn,CM_CompanyNmPrn) VALUES (
437,
'Sicy',
'Hume',
NULL,
268440329,
4,
84,
0,
NULL,
NULL,
NULL
);

INSERT INTO phone (CM_Id,CM_PhoneMatching,CM_ExtendedPhoneMatching) VALUES (
437,
3220458,
25056765
);

INSERT INTO contacts (CM_Id,CM_Type,CM_PrefTemplateRefId,CM_UIDString,CM_Last_modified,CM_ContactCreationDate,CM_Attributes,CM_ReplicationCount,CM_Header,CM_TextBlob,CM_SearchableText) VALUES (
438,
268440329,
0,
'00e0db4978e87695',
#07/06/2006#,
#07/06/2006#,
4,
0,
'0400000006140044000000000000000000200040002e4000102e4000101400c40000000000000000001000c0002e4000102e400010140280010000000000000000',

'00000000',

'        0 1 5 2 5 1 4 5 5 8 1 3 8 7 8   '
);

INSERT INTO identitytable (Parent_CMID,CM_FirstName,CM_LastName,CM_CompanyName,CM_Type,CM_Attributes,CM_HintField,CM_ExtHintField,CM_FirstNmPrn,CM_LastNmPrn,CM_CompanyNmPrn) VALUES (
438,
'Dan',
'Tane',
NULL,
268440329,
4,
84,
0,
NULL,
NULL,
NULL
);

INSERT INTO phone (CM_Id,CM_PhoneMatching,CM_ExtendedPhoneMatching) VALUES (
438,
8783185,
54152510
);

INSERT INTO contacts (CM_Id,CM_Type,CM_PrefTemplateRefId,CM_UIDString,CM_Last_modified,CM_ContactCreationDate,CM_Attributes,CM_ReplicationCount,CM_Header,CM_TextBlob,CM_SearchableText) VALUES (
439,
268440329,
0,
'00e0db4978e89da5',
#07/06/2006#,
#07/06/2006#,
4,
0,
'0400000006140044000000000000000000200040002e4000102e4000101400c40000000000000000001000c0002e4000102e400010140280010000000000000000',

'00000000',

'        0 8 5 1 3 7 1 4 5 3 4 5 4 2 0   '
);

INSERT INTO identitytable (Parent_CMID,CM_FirstName,CM_LastName,CM_CompanyName,CM_Type,CM_Attributes,CM_HintField,CM_ExtHintField,CM_FirstNmPrn,CM_LastNmPrn,CM_CompanyNmPrn) VALUES (
439,
'Kem',
'Brkler',
NULL,
268440329,
4,
84,
0,
NULL,
NULL,
NULL
);

INSERT INTO phone (CM_Id,CM_PhoneMatching,CM_ExtendedPhoneMatching) VALUES (
439,
245435,
41731580
);

INSERT INTO contacts (CM_Id,CM_Type,CM_PrefTemplateRefId,CM_UIDString,CM_Last_modified,CM_ContactCreationDate,CM_Attributes,CM_ReplicationCount,CM_Header,CM_TextBlob,CM_SearchableText) VALUES (
440,
268440329,
0,
'00e0db4978e8c4b5',
#07/06/2006#,
#07/06/2006#,
4,
0,
'0400000006140044000000000000000000200040002e4000102e4000101400c40000000000000000001000c0002e4000102e400010140280010000000000000000',

'00000000',

'        4 2 5 0 4 2 0 5 4 7 7 8 5 3 7   '
);

INSERT INTO identitytable (Parent_CMID,CM_FirstName,CM_LastName,CM_CompanyName,CM_Type,CM_Attributes,CM_HintField,CM_ExtHintField,CM_FirstNmPrn,CM_LastNmPrn,CM_CompanyNmPrn) VALUES (
440,
'Brdicy',
'Wes',
NULL,
268440329,
4,
84,
0,
NULL,
NULL,
NULL
);

INSERT INTO phone (CM_Id,CM_PhoneMatching,CM_ExtendedPhoneMatching) VALUES (
440,
7358774,
50240524
);

INSERT INTO contacts (CM_Id,CM_Type,CM_PrefTemplateRefId,CM_UIDString,CM_Last_modified,CM_ContactCreationDate,CM_Attributes,CM_ReplicationCount,CM_Header,CM_TextBlob,CM_SearchableText) VALUES (
441,
268440329,
0,
'00e0db4978e8ebc5',
#07/06/2006#,
#07/06/2006#,
4,
0,
'0400000006140044000000000000000000200040002e4000102e4000101400c40000000000000000001000c0002e4000102e400010140280010000000000000000',

'00000000',

'        8 6 4 3 2 3 6 4 8 8 6 2 1 6 5   '
);

INSERT INTO identitytable (Parent_CMID,CM_FirstName,CM_LastName,CM_CompanyName,CM_Type,CM_Attributes,CM_HintField,CM_ExtHintField,CM_FirstNmPrn,CM_LastNmPrn,CM_CompanyNmPrn) VALUES (
441,
'Mahonal',
'Brnsonsandokavacorerersssatonnjlonintag',
NULL,
268440329,
4,
84,
0,
NULL,
NULL,
NULL
);

INSERT INTO phone (CM_Id,CM_PhoneMatching,CM_ExtendedPhoneMatching) VALUES (
441,
5612688,
46323468
);

INSERT INTO contacts (CM_Id,CM_Type,CM_PrefTemplateRefId,CM_UIDString,CM_Last_modified,CM_ContactCreationDate,CM_Attributes,CM_ReplicationCount,CM_Header,CM_TextBlob,CM_SearchableText) VALUES (
442,
268440329,
0,
'00e0db4978e912d5',
#07/06/2006#,
#07/06/2006#,
4,
0,
'0400000006140044000000000000000000200040002e4000102e4000101400c40000000000000000001000c0002e4000102e400010140280010000000000000000',

'00000000',

'        7 7 3 5 0 8 2 4 0 8 4 2 2 8 3   '
);

INSERT INTO identitytable (Parent_CMID,CM_FirstName,CM_LastName,CM_CompanyName,CM_Type,CM_Attributes,CM_HintField,CM_ExtHintField,CM_FirstNmPrn,CM_LastNmPrn,CM_CompanyNmPrn) VALUES (
442,
'Pan',
'Dinghitsey',
NULL,
268440329,
4,
84,
0,
NULL,
NULL,
NULL
);

INSERT INTO phone (CM_Id,CM_PhoneMatching,CM_ExtendedPhoneMatching) VALUES (
442,
3822480,
42805377
);

INSERT INTO contacts (CM_Id,CM_Type,CM_PrefTemplateRefId,CM_UIDString,CM_Last_modified,CM_ContactCreationDate,CM_Attributes,CM_ReplicationCount,CM_Header,CM_TextBlob,CM_SearchableText) VALUES (
443,
268440329,
0,
'00e0db4978e939e5',
#07/06/2006#,
#07/06/2006#,
4,
0,
'0400000006140044000000000000000000200040002e4000102e4000101400c40000000000000000001000c0002e4000102e400010140280010000000000000000',

'00000000',

'        6 5 5 6 7 7 0 0 2 0 3 8 8 6 4   '
);

INSERT INTO identitytable (Parent_CMID,CM_FirstName,CM_LastName,CM_CompanyName,CM_Type,CM_Attributes,CM_HintField,CM_ExtHintField,CM_FirstNmPrn,CM_LastNmPrn,CM_CompanyNmPrn) VALUES (
443,
'Joba',
'Hah',
NULL,
268440329,
4,
84,
0,
NULL,
NULL,
NULL
);

INSERT INTO phone (CM_Id,CM_PhoneMatching,CM_ExtendedPhoneMatching) VALUES (
443,
4688302,
776556
);

INSERT INTO contacts (CM_Id,CM_Type,CM_PrefTemplateRefId,CM_UIDString,CM_Last_modified,CM_ContactCreationDate,CM_Attributes,CM_ReplicationCount,CM_Header,CM_TextBlob,CM_SearchableText) VALUES (
444,
268440329,
0,
'00e0db4978e960f5',
#07/06/2006#,
#07/06/2006#,
4,
0,
'0400000006140044000000000000000000200040002e4000102e4000101400c40000000000000000001000c0002e4000102e400010140280010000000000000000',

'00000000',

'        6 1 8 3 7 4 6 8 8 8 3 3 8 7 4   '
);

INSERT INTO identitytable (Parent_CMID,CM_FirstName,CM_LastName,CM_CompanyName,CM_Type,CM_Attributes,CM_HintField,CM_ExtHintField,CM_FirstNmPrn,CM_LastNmPrn,CM_CompanyNmPrn) VALUES (
444,
'Jon',
'GilonskweptonicNwonens',
NULL,
268440329,
4,
84,
0,
NULL,
NULL,
NULL
);

INSERT INTO phone (CM_Id,CM_PhoneMatching,CM_ExtendedPhoneMatching) VALUES (
444,
4783388,
86473816
);

INSERT INTO contacts (CM_Id,CM_Type,CM_PrefTemplateRefId,CM_UIDString,CM_Last_modified,CM_ContactCreationDate,CM_Attributes,CM_ReplicationCount,CM_Header,CM_TextBlob,CM_SearchableText) VALUES (
445,
268440329,
0,
'00e0db4978e98805',
#07/06/2006#,
#07/06/2006#,
4,
0,
'0400000006140044000000000000000000200040002e4000102e4000101400c40000000000000000001000c0002e4000102e400010140280010000000000000000',

'00000000',

'        5 8 7 1 7 2 8 4 3 6 7 7 0 6 0   '
);

INSERT INTO identitytable (Parent_CMID,CM_FirstName,CM_LastName,CM_CompanyName,CM_Type,CM_Attributes,CM_HintField,CM_ExtHintField,CM_FirstNmPrn,CM_LastNmPrn,CM_CompanyNmPrn) VALUES (
445,
'Pa',
'Ryer',
NULL,
268440329,
4,
84,
0,
NULL,
NULL,
NULL
);

INSERT INTO phone (CM_Id,CM_PhoneMatching,CM_ExtendedPhoneMatching) VALUES (
445,
607763,
48271785
);

INSERT INTO contacts (CM_Id,CM_Type,CM_PrefTemplateRefId,CM_UIDString,CM_Last_modified,CM_ContactCreationDate,CM_Attributes,CM_ReplicationCount,CM_Header,CM_TextBlob,CM_SearchableText) VALUES (
446,
268440329,
0,
'00e0db4978e9a06f',
#07/06/2006#,
#07/06/2006#,
4,
0,
'0400000006140044000000000000000000200040002e4000102e4000101400c40000000000000000001000c0002e4000102e400010140280010000000000000000',

'00000000',

'        5 3 7 1 0 7 6 0 0 8 3 1 6 3 7   '
);

INSERT INTO identitytable (Parent_CMID,CM_FirstName,CM_LastName,CM_CompanyName,CM_Type,CM_Attributes,CM_HintField,CM_ExtHintField,CM_FirstNmPrn,CM_LastNmPrn,CM_CompanyNmPrn) VALUES (
446,
'Ab',
'Hay',
NULL,
268440329,
4,
84,
0,
NULL,
NULL,
NULL
);

INSERT INTO phone (CM_Id,CM_PhoneMatching,CM_ExtendedPhoneMatching) VALUES (
446,
7361380,
6701735
);

INSERT INTO contacts (CM_Id,CM_Type,CM_PrefTemplateRefId,CM_UIDString,CM_Last_modified,CM_ContactCreationDate,CM_Attributes,CM_ReplicationCount,CM_Header,CM_TextBlob,CM_SearchableText) VALUES (
447,
268440329,
0,
'00e0db4978e9c77f',
#07/06/2006#,
#07/06/2006#,
4,
0,
'0400000006140044000000000000000000200040002e4000102e4000101400c40000000000000000001000c0002e4000102e400010140280010000000000000000',

'00000000',

'        2 7 4 8 3 5 5 2 3 2 8 3 8 8 0   '
);

INSERT INTO identitytable (Parent_CMID,CM_FirstName,CM_LastName,CM_CompanyName,CM_Type,CM_Attributes,CM_HintField,CM_ExtHintField,CM_FirstNmPrn,CM_LastNmPrn,CM_CompanyNmPrn) VALUES (
447,
'Flf',
'Hantr',
NULL,
268440329,
4,
84,
0,
NULL,
NULL,
NULL
);

INSERT INTO phone (CM_Id,CM_PhoneMatching,CM_ExtendedPhoneMatching) VALUES (
447,
883823,
25538472
);


INSERT INTO contacts (CM_Id,CM_Type,CM_PrefTemplateRefId,CM_UIDString,CM_Last_modified,CM_ContactCreationDate,CM_Attributes,CM_ReplicationCount,CM_Header,CM_TextBlob,CM_SearchableText) VALUES (
448,
268440329,
0,
'00e0db4978e9ee8f',
#07/06/2006#,
#07/06/2006#,
4,
0,
'0400000006140044000000000000000000200040002e4000102e4000101400c40000000000000000001000c0002e4000102e400010140280010000000000000000',

'00000000',

'        3 8 7 0 2 3 7 0 4 7 3 0 1 4 4   '
);

INSERT INTO identitytable (Parent_CMID,CM_FirstName,CM_LastName,CM_CompanyName,CM_Type,CM_Attributes,CM_HintField,CM_ExtHintField,CM_FirstNmPrn,CM_LastNmPrn,CM_CompanyNmPrn) VALUES (
448,
'Kule',
'Shmp',
NULL,
268440329,
4,
84,
0,
NULL,
NULL,
NULL
);

INSERT INTO phone (CM_Id,CM_PhoneMatching,CM_ExtendedPhoneMatching) VALUES (
448,
4410374,
7320783
);

INSERT INTO contacts (CM_Id,CM_Type,CM_PrefTemplateRefId,CM_UIDString,CM_Last_modified,CM_ContactCreationDate,CM_Attributes,CM_ReplicationCount,CM_Header,CM_TextBlob,CM_SearchableText) VALUES (
449,
268440329,
0,
'00e0db4978ea159f',
#07/06/2006#,
#07/06/2006#,
4,
0,
'0400000006140044000000000000000000200040002e4000102e4000101400c40000000000000000001000c0002e4000102e400010140280010000000000000000',

'00000000',

'        6 6 5 3 8 7 5 6 8 6 6 2 5 8 7   '
);

INSERT INTO identitytable (Parent_CMID,CM_FirstName,CM_LastName,CM_CompanyName,CM_Type,CM_Attributes,CM_HintField,CM_ExtHintField,CM_FirstNmPrn,CM_LastNmPrn,CM_CompanyNmPrn) VALUES (
449,
'Lia',
'Barletolpte',
NULL,
268440329,
4,
84,
0,
NULL,
NULL,
NULL
);

INSERT INTO phone (CM_Id,CM_PhoneMatching,CM_ExtendedPhoneMatching) VALUES (
449,
7852668,
65783566
);

INSERT INTO contacts (CM_Id,CM_Type,CM_PrefTemplateRefId,CM_UIDString,CM_Last_modified,CM_ContactCreationDate,CM_Attributes,CM_ReplicationCount,CM_Header,CM_TextBlob,CM_SearchableText) VALUES (
450,
268440329,
0,
'00e0db4978ea3caf',
#07/06/2006#,
#07/06/2006#,
4,
0,
'0400000006140044000000000000000000200040002e4000102e4000101400c40000000000000000001000c0002e4000102e400010140280010000000000000000',

'00000000',

'        3 3 2 7 5 8 3 8 5 7 1 0 5 0 6   '
);

INSERT INTO identitytable (Parent_CMID,CM_FirstName,CM_LastName,CM_CompanyName,CM_Type,CM_Attributes,CM_HintField,CM_ExtHintField,CM_FirstNmPrn,CM_LastNmPrn,CM_CompanyNmPrn) VALUES (
450,
'Anry',
'B',
NULL,
268440329,
4,
84,
0,
NULL,
NULL,
NULL
);

INSERT INTO phone (CM_Id,CM_PhoneMatching,CM_ExtendedPhoneMatching) VALUES (
450,
6050175,
83857233
);

INSERT INTO contacts (CM_Id,CM_Type,CM_PrefTemplateRefId,CM_UIDString,CM_Last_modified,CM_ContactCreationDate,CM_Attributes,CM_ReplicationCount,CM_Header,CM_TextBlob,CM_SearchableText) VALUES (
451,
268440329,
0,
'00e0db4978ea5037',
#07/06/2006#,
#07/06/2006#,
4,
0,
'0400000006140044000000000000000000200040002e4000102e4000101400c40000000000000000001000c0002e4000102e400010140280010000000000000000',

'00000000',

'        7 2 4 7 4 6 2 2 8 7 4 5 7 7 7   '
);

INSERT INTO identitytable (Parent_CMID,CM_FirstName,CM_LastName,CM_CompanyName,CM_Type,CM_Attributes,CM_HintField,CM_ExtHintField,CM_FirstNmPrn,CM_LastNmPrn,CM_CompanyNmPrn) VALUES (
451,
'Connickus',
'Dand',
NULL,
268440329,
4,
84,
0,
NULL,
NULL,
NULL
);

INSERT INTO phone (CM_Id,CM_PhoneMatching,CM_ExtendedPhoneMatching) VALUES (
451,
7775478,
22647427
);

INSERT INTO contacts (CM_Id,CM_Type,CM_PrefTemplateRefId,CM_UIDString,CM_Last_modified,CM_ContactCreationDate,CM_Attributes,CM_ReplicationCount,CM_Header,CM_TextBlob,CM_SearchableText) VALUES (
452,
268440329,
0,
'00e0db4978eab1df',
#07/06/2006#,
#07/06/2006#,
4,
0,
'0400000006140044000000000000000000200040002e4000102e4000101400c40000000000000000001000c0002e4000102e400010140280010000000000000000',

'00000000',

'        7 7 8 3 0 8 2 4 8 4 5 2 0 2 2   '
);

INSERT INTO identitytable (Parent_CMID,CM_FirstName,CM_LastName,CM_CompanyName,CM_Type,CM_Attributes,CM_HintField,CM_ExtHintField,CM_FirstNmPrn,CM_LastNmPrn,CM_CompanyNmPrn) VALUES (
452,
'Madris',
'Doh',
NULL,
268440329,
4,
84,
0,
NULL,
NULL,
NULL
);

INSERT INTO phone (CM_Id,CM_PhoneMatching,CM_ExtendedPhoneMatching) VALUES (
452,
2202548,
42803877
);

INSERT INTO contacts (CM_Id,CM_Type,CM_PrefTemplateRefId,CM_UIDString,CM_Last_modified,CM_ContactCreationDate,CM_Attributes,CM_ReplicationCount,CM_Header,CM_TextBlob,CM_SearchableText) VALUES (
453,
268440329,
0,
'00e0db4978ead8ef',
#07/06/2006#,
#07/06/2006#,
4,
0,
'0400000006140044000000000000000000200040002e4000102e4000101400c40000000000000000001000c0002e4000102e400010140280010000000000000000',

'00000000',

'        0 0 3 5 8 0 0 2 3 6 6 7 2 6 1   '
);

INSERT INTO identitytable (Parent_CMID,CM_FirstName,CM_LastName,CM_CompanyName,CM_Type,CM_Attributes,CM_HintField,CM_ExtHintField,CM_FirstNmPrn,CM_LastNmPrn,CM_CompanyNmPrn) VALUES (
453,
'Joamieon',
'Jotoklenelav',
NULL,
268440329,
4,
84,
0,
NULL,
NULL,
NULL
);

INSERT INTO phone (CM_Id,CM_PhoneMatching,CM_ExtendedPhoneMatching) VALUES (
453,
1627663,
20085300
);

INSERT INTO contacts (CM_Id,CM_Type,CM_PrefTemplateRefId,CM_UIDString,CM_Last_modified,CM_ContactCreationDate,CM_Attributes,CM_ReplicationCount,CM_Header,CM_TextBlob,CM_SearchableText) VALUES (
454,
268440329,
0,
'00e0db4978eaffff',
#07/06/2006#,
#07/06/2006#,
4,
0,
'0400000006140044000000000000000000200040002e4000102e4000101400c40000000000000000001000c0002e4000102e400010140280010000000000000000',

'00000000',

'        8 7 3 7 4 5 1 7 8 0 1 3 1 2 1   '
);

INSERT INTO identitytable (Parent_CMID,CM_FirstName,CM_LastName,CM_CompanyName,CM_Type,CM_Attributes,CM_HintField,CM_ExtHintField,CM_FirstNmPrn,CM_LastNmPrn,CM_CompanyNmPrn) VALUES (
454,
'Caureenn',
'S',
NULL,
268440329,
4,
84,
0,
NULL,
NULL,
NULL
);

INSERT INTO phone (CM_Id,CM_PhoneMatching,CM_ExtendedPhoneMatching) VALUES (
454,
1213108,
71547378
);

INSERT INTO contacts (CM_Id,CM_Type,CM_PrefTemplateRefId,CM_UIDString,CM_Last_modified,CM_ContactCreationDate,CM_Attributes,CM_ReplicationCount,CM_Header,CM_TextBlob,CM_SearchableText) VALUES (
455,
268440329,
0,
'00e0db4978eb222d',
#07/06/2006#,
#07/06/2006#,
4,
0,
'0400000006140044000000000000000000200040002e4000102e4000101400c40000000000000000001000c0002e4000102e400010140280010000000000000000',

'00000000',

'        0 7 4 4 7 0 6 5 3 2 4 3 4 5 7   '
);

INSERT INTO identitytable (Parent_CMID,CM_FirstName,CM_LastName,CM_CompanyName,CM_Type,CM_Attributes,CM_HintField,CM_ExtHintField,CM_FirstNmPrn,CM_LastNmPrn,CM_CompanyNmPrn) VALUES (
455,
'Mal',
'Au',
NULL,
268440329,
4,
84,
0,
NULL,
NULL,
NULL
);

INSERT INTO phone (CM_Id,CM_PhoneMatching,CM_ExtendedPhoneMatching) VALUES (
455,
7543423,
56074470
);

INSERT INTO contacts (CM_Id,CM_Type,CM_PrefTemplateRefId,CM_UIDString,CM_Last_modified,CM_ContactCreationDate,CM_Attributes,CM_ReplicationCount,CM_Header,CM_TextBlob,CM_SearchableText) VALUES (
456,
268440329,
0,
'00e0db4978eb493d',
#07/06/2006#,
#07/06/2006#,
4,
0,
'0400000006140044000000000000000000200040002e4000102e4000101400c40000000000000000001000c0002e4000102e400010140280010000000000000000',

'00000000',

'        4 8 5 5 5 0 6 4 6 7 6 4 8 8 6   '
);

INSERT INTO identitytable (Parent_CMID,CM_FirstName,CM_LastName,CM_CompanyName,CM_Type,CM_Attributes,CM_HintField,CM_ExtHintField,CM_FirstNmPrn,CM_LastNmPrn,CM_CompanyNmPrn) VALUES (
456,
'Le',
'Hitz',
NULL,
268440329,
4,
84,
0,
NULL,
NULL,
NULL
);

INSERT INTO phone (CM_Id,CM_PhoneMatching,CM_ExtendedPhoneMatching) VALUES (
456,
6884676,
46055584
);

INSERT INTO contacts (CM_Id,CM_Type,CM_PrefTemplateRefId,CM_UIDString,CM_Last_modified,CM_ContactCreationDate,CM_Attributes,CM_ReplicationCount,CM_Header,CM_TextBlob,CM_SearchableText) VALUES (
457,
268440329,
0,
'00e0db4978eb5cc5',
#07/06/2006#,
#07/06/2006#,
4,
0,
'0400000006140044000000000000000000200040002e4000102e4000101400c40000000000000000001000c0002e4000102e400010140280010000000000000000',

'00000000',

'        0 3 5 5 4 5 4 0 1 5 7 6 1 1 6   '
);

INSERT INTO identitytable (Parent_CMID,CM_FirstName,CM_LastName,CM_CompanyName,CM_Type,CM_Attributes,CM_HintField,CM_ExtHintField,CM_FirstNmPrn,CM_LastNmPrn,CM_CompanyNmPrn) VALUES (
457,
'Nimstanis',
'Janoner',
NULL,
268440329,
4,
84,
0,
NULL,
NULL,
NULL
);

INSERT INTO phone (CM_Id,CM_PhoneMatching,CM_ExtendedPhoneMatching) VALUES (
457,
6116751,
4545530
);

INSERT INTO contacts (CM_Id,CM_Type,CM_PrefTemplateRefId,CM_UIDString,CM_Last_modified,CM_ContactCreationDate,CM_Attributes,CM_ReplicationCount,CM_Header,CM_TextBlob,CM_SearchableText) VALUES (
458,
268440329,
0,
'00e0db4978eb83d5',
#07/06/2006#,
#07/06/2006#,
4,
0,
'0400000006140044000000000000000000200040002e4000102e4000101400c40000000000000000001000c0002e4000102e400010140280010000000000000000',

'00000000',

'        0 3 7 6 6 8 8 4 5 0 3 3 1 1 2   '
);

INSERT INTO identitytable (Parent_CMID,CM_FirstName,CM_LastName,CM_CompanyName,CM_Type,CM_Attributes,CM_HintField,CM_ExtHintField,CM_FirstNmPrn,CM_LastNmPrn,CM_CompanyNmPrn) VALUES (
458,
'Non',
'Wieand',
NULL,
268440329,
4,
84,
0,
NULL,
NULL,
NULL
);

INSERT INTO phone (CM_Id,CM_PhoneMatching,CM_ExtendedPhoneMatching) VALUES (
458,
2113305,
48866730
);

INSERT INTO contacts (CM_Id,CM_Type,CM_PrefTemplateRefId,CM_UIDString,CM_Last_modified,CM_ContactCreationDate,CM_Attributes,CM_ReplicationCount,CM_Header,CM_TextBlob,CM_SearchableText) VALUES (
459,
268440329,
0,
'00e0db4978eb975d',
#07/06/2006#,
#07/06/2006#,
4,
0,
'0400000006140044000000000000000000200040002e4000102e4000101400c40000000000000000001000c0002e4000102e400010140280010000000000000000',

'00000000',

'        2 2 0 3 8 2 2 4 3 8 3 2 8 6 0   '
);

INSERT INTO identitytable (Parent_CMID,CM_FirstName,CM_LastName,CM_CompanyName,CM_Type,CM_Attributes,CM_HintField,CM_ExtHintField,CM_FirstNmPrn,CM_LastNmPrn,CM_CompanyNmPrn) VALUES (
459,
'Laeewattrba',
'Mamannmanaranonerghnsileackpadirby',
NULL,
268440329,
4,
84,
0,
NULL,
NULL,
NULL
);

INSERT INTO phone (CM_Id,CM_PhoneMatching,CM_ExtendedPhoneMatching) VALUES (
459,
682383,
42283022
);

INSERT INTO contacts (CM_Id,CM_Type,CM_PrefTemplateRefId,CM_UIDString,CM_Last_modified,CM_ContactCreationDate,CM_Attributes,CM_ReplicationCount,CM_Header,CM_TextBlob,CM_SearchableText) VALUES (
460,
268440329,
0,
'00e0db4978ebc5c0',
#07/06/2006#,
#07/06/2006#,
4,
0,
'0400000006140044000000000000000000200040002e4000102e4000101400c40000000000000000001000c0002e4000102e400010140280010000000000000000',

'00000000',

'        3 7 6 8 3 1 8 6 0 2 3 2 8 0 7   '
);

INSERT INTO identitytable (Parent_CMID,CM_FirstName,CM_LastName,CM_CompanyName,CM_Type,CM_Attributes,CM_HintField,CM_ExtHintField,CM_FirstNmPrn,CM_LastNmPrn,CM_CompanyNmPrn) VALUES (
460,
'Gi',
'Spandaveees',
NULL,
268440329,
4,
84,
0,
NULL,
NULL,
NULL
);

INSERT INTO phone (CM_Id,CM_PhoneMatching,CM_ExtendedPhoneMatching) VALUES (
460,
7082320,
68138673
);

INSERT INTO contacts (CM_Id,CM_Type,CM_PrefTemplateRefId,CM_UIDString,CM_Last_modified,CM_ContactCreationDate,CM_Attributes,CM_ReplicationCount,CM_Header,CM_TextBlob,CM_SearchableText) VALUES (
461,
268440329,
0,
'00e0db4978ebecd0',
#07/06/2006#,
#07/06/2006#,
4,
0,
'0400000006140044000000000000000000200040002e4000102e4000101400c40000000000000000001000c0002e4000102e400010140280010000000000000000',

'00000000',

'        3 3 3 7 0 4 3 6 6 5 1 2 5 5 4   '
);

INSERT INTO identitytable (Parent_CMID,CM_FirstName,CM_LastName,CM_CompanyName,CM_Type,CM_Attributes,CM_HintField,CM_ExtHintField,CM_FirstNmPrn,CM_LastNmPrn,CM_CompanyNmPrn) VALUES (
461,
'Tongiaipa',
'Brlbse',
NULL,
268440329,
4,
84,
0,
NULL,
NULL,
NULL
);

INSERT INTO phone (CM_Id,CM_PhoneMatching,CM_ExtendedPhoneMatching) VALUES (
461,
4552156,
63407333
);

INSERT INTO contacts (CM_Id,CM_Type,CM_PrefTemplateRefId,CM_UIDString,CM_Last_modified,CM_ContactCreationDate,CM_Attributes,CM_ReplicationCount,CM_Header,CM_TextBlob,CM_SearchableText) VALUES (
462,
268440329,
0,
'00e0db4978ec13e0',
#07/06/2006#,
#07/06/2006#,
4,
0,
'0400000006140044000000000000000000200040002e4000102e4000101400c40000000000000000001000c0002e4000102e400010140280010000000000000000',

'00000000',

'        1 1 7 3 1 0 1 2 0 6 0 4 2 0 3   '
);

INSERT INTO identitytable (Parent_CMID,CM_FirstName,CM_LastName,CM_CompanyName,CM_Type,CM_Attributes,CM_HintField,CM_ExtHintField,CM_FirstNmPrn,CM_LastNmPrn,CM_CompanyNmPrn) VALUES (
462,
'Bend',
'Fowesobiber',
NULL,
268440329,
4,
84,
0,
NULL,
NULL,
NULL
);

INSERT INTO phone (CM_Id,CM_PhoneMatching,CM_ExtendedPhoneMatching) VALUES (
462,
3024060,
21013711
);

INSERT INTO contacts (CM_Id,CM_Type,CM_PrefTemplateRefId,CM_UIDString,CM_Last_modified,CM_ContactCreationDate,CM_Attributes,CM_ReplicationCount,CM_Header,CM_TextBlob,CM_SearchableText) VALUES (
463,
268440329,
0,
'00e0db4978ec3af0',
#07/06/2006#,
#07/06/2006#,
4,
0,
'0400000006140044000000000000000000200040002e4000102e4000101400c40000000000000000001000c0002e4000102e400010140280010000000000000000',

'00000000',

'        2 8 7 4 2 8 8 5 0 8 3 7 1 2 4   '
);

INSERT INTO identitytable (Parent_CMID,CM_FirstName,CM_LastName,CM_CompanyName,CM_Type,CM_Attributes,CM_HintField,CM_ExtHintField,CM_FirstNmPrn,CM_LastNmPrn,CM_CompanyNmPrn) VALUES (
463,
'Sonewabesick',
'Thady',
NULL,
268440329,
4,
84,
0,
NULL,
NULL,
NULL
);

INSERT INTO phone (CM_Id,CM_PhoneMatching,CM_ExtendedPhoneMatching) VALUES (
463,
4217380,
58824782
);

INSERT INTO contacts (CM_Id,CM_Type,CM_PrefTemplateRefId,CM_UIDString,CM_Last_modified,CM_ContactCreationDate,CM_Attributes,CM_ReplicationCount,CM_Header,CM_TextBlob,CM_SearchableText) VALUES (
464,
268440329,
0,
'00e0db4978ec4e78',
#07/06/2006#,
#07/06/2006#,
4,
0,
'0400000006140044000000000000000000200040002e4000102e4000101400c40000000000000000001000c0002e4000102e400010140280010000000000000000',

'00000000',

'        4 7 0 6 8 5 7 0 5 7 8 7 6 7 6   '
);

INSERT INTO identitytable (Parent_CMID,CM_FirstName,CM_LastName,CM_CompanyName,CM_Type,CM_Attributes,CM_HintField,CM_ExtHintField,CM_FirstNmPrn,CM_LastNmPrn,CM_CompanyNmPrn) VALUES (
464,
'Sth',
'SicNafs',
NULL,
268440329,
4,
84,
0,
NULL,
NULL,
NULL
);

INSERT INTO phone (CM_Id,CM_PhoneMatching,CM_ExtendedPhoneMatching) VALUES (
464,
6767875,
7586074
);

INSERT INTO contacts (CM_Id,CM_Type,CM_PrefTemplateRefId,CM_UIDString,CM_Last_modified,CM_ContactCreationDate,CM_Attributes,CM_ReplicationCount,CM_Header,CM_TextBlob,CM_SearchableText) VALUES (
465,
268440329,
0,
'00e0db4978ec7588',
#07/06/2006#,
#07/06/2006#,
4,
0,
'0400000006140044000000000000000000200040002e4000102e4000101400c40000000000000000001000c0002e4000102e400010140280010000000000000000',

'00000000',

'        8 2 7 2 2 0 0 8 5 8 3 3 5 1 6   '
);

INSERT INTO identitytable (Parent_CMID,CM_FirstName,CM_LastName,CM_CompanyName,CM_Type,CM_Attributes,CM_HintField,CM_ExtHintField,CM_FirstNmPrn,CM_LastNmPrn,CM_CompanyNmPrn) VALUES (
465,
'Jo',
'Laliguils',
NULL,
268440329,
4,
84,
0,
NULL,
NULL,
NULL
);

INSERT INTO phone (CM_Id,CM_PhoneMatching,CM_ExtendedPhoneMatching) VALUES (
465,
6153385,
80022728
);

INSERT INTO contacts (CM_Id,CM_Type,CM_PrefTemplateRefId,CM_UIDString,CM_Last_modified,CM_ContactCreationDate,CM_Attributes,CM_ReplicationCount,CM_Header,CM_TextBlob,CM_SearchableText) VALUES (
466,
268440329,
0,
'00e0db4978ec9c98',
#07/06/2006#,
#07/06/2006#,
4,
0,
'0400000006140044000000000000000000200040002e4000102e4000101400c40000000000000000001000c0002e4000102e400010140280010000000000000000',

'00000000',

'        7 0 7 5 4 8 1 2 7 3 6 2 6 3 1   '
);

INSERT INTO identitytable (Parent_CMID,CM_FirstName,CM_LastName,CM_CompanyName,CM_Type,CM_Attributes,CM_HintField,CM_ExtHintField,CM_FirstNmPrn,CM_LastNmPrn,CM_CompanyNmPrn) VALUES (
466,
'Julen',
'Grinnsont',
NULL,
268440329,
4,
84,
0,
NULL,
NULL,
NULL
);

INSERT INTO phone (CM_Id,CM_PhoneMatching,CM_ExtendedPhoneMatching) VALUES (
466,
1362637,
21845707
);

INSERT INTO contacts (CM_Id,CM_Type,CM_PrefTemplateRefId,CM_UIDString,CM_Last_modified,CM_ContactCreationDate,CM_Attributes,CM_ReplicationCount,CM_Header,CM_TextBlob,CM_SearchableText) VALUES (
467,
268440329,
0,
'00e0db4978ecfe40',
#07/06/2006#,
#07/06/2006#,
4,
0,
'0400000006140044000000000000000000200040002e4000102e4000101400c40000000000000000001000c0002e4000102e400010140280010000000000000000',

'00000000',

'        5 1 0 6 7 1 6 0 6 4 6 2 3 4 1   '
);

INSERT INTO identitytable (Parent_CMID,CM_FirstName,CM_LastName,CM_CompanyName,CM_Type,CM_Attributes,CM_HintField,CM_ExtHintField,CM_FirstNmPrn,CM_LastNmPrn,CM_CompanyNmPrn) VALUES (
467,
'Mie',
'Kus',
NULL,
268440329,
4,
84,
0,
NULL,
NULL,
NULL
);

INSERT INTO phone (CM_Id,CM_PhoneMatching,CM_ExtendedPhoneMatching) VALUES (
467,
1432646,
6176015
);

INSERT INTO contacts (CM_Id,CM_Type,CM_PrefTemplateRefId,CM_UIDString,CM_Last_modified,CM_ContactCreationDate,CM_Attributes,CM_ReplicationCount,CM_Header,CM_TextBlob,CM_SearchableText) VALUES (
468,
268440329,
0,
'00e0db4978ed11c8',
#07/06/2006#,
#07/06/2006#,
4,
0,
'0400000006140044000000000000000000200040002e4000102e4000101400c40000000000000000001000c0002e4000102e400010140280010000000000000000',

'00000000',

'        4 6 6 4 0 0 1 3 8 2 3 0 0 2 6   '
);

INSERT INTO identitytable (Parent_CMID,CM_FirstName,CM_LastName,CM_CompanyName,CM_Type,CM_Attributes,CM_HintField,CM_ExtHintField,CM_FirstNmPrn,CM_LastNmPrn,CM_CompanyNmPrn) VALUES (
468,
'Inaus',
'Mu',
NULL,
268440329,
4,
84,
0,
NULL,
NULL,
NULL
);

INSERT INTO phone (CM_Id,CM_PhoneMatching,CM_ExtendedPhoneMatching) VALUES (
468,
6200328,
31004664
);

INSERT INTO contacts (CM_Id,CM_Type,CM_PrefTemplateRefId,CM_UIDString,CM_Last_modified,CM_ContactCreationDate,CM_Attributes,CM_ReplicationCount,CM_Header,CM_TextBlob,CM_SearchableText) VALUES (
469,
268440329,
0,
'00e0db4978ed38d8',
#07/06/2006#,
#07/06/2006#,
4,
0,
'0400000006140044000000000000000000200040002e4000102e4000101400c40000000000000000001000c0002e4000102e400010140280010000000000000000',

'00000000',

'        5 0 1 5 5 3 2 4 4 2 0 3 0 6 0   '
);

INSERT INTO identitytable (Parent_CMID,CM_FirstName,CM_LastName,CM_CompanyName,CM_Type,CM_Attributes,CM_HintField,CM_ExtHintField,CM_FirstNmPrn,CM_LastNmPrn,CM_CompanyNmPrn) VALUES (
469,
'Ananrlarg',
'Werghe',
NULL,
268440329,
4,
84,
0,
NULL,
NULL,
NULL
);

INSERT INTO phone (CM_Id,CM_PhoneMatching,CM_ExtendedPhoneMatching) VALUES (
469,
603024,
42355105
);

INSERT INTO contacts (CM_Id,CM_Type,CM_PrefTemplateRefId,CM_UIDString,CM_Last_modified,CM_ContactCreationDate,CM_Attributes,CM_ReplicationCount,CM_Header,CM_TextBlob,CM_SearchableText) VALUES (
470,
268440329,
0,
'00e0db4978ed5fe8',
#07/06/2006#,
#07/06/2006#,
4,
0,
'0400000006140044000000000000000000200040002e4000102e4000101400c40000000000000000001000c0002e4000102e400010140280010000000000000000',

'00000000',

'        8 4 5 4 5 8 1 6 5 8 1 5 6 2 5   '
);

INSERT INTO identitytable (Parent_CMID,CM_FirstName,CM_LastName,CM_CompanyName,CM_Type,CM_Attributes,CM_HintField,CM_ExtHintField,CM_FirstNmPrn,CM_LastNmPrn,CM_CompanyNmPrn) VALUES (
470,
'Anchn',
'Svss',
NULL,
268440329,
4,
84,
0,
NULL,
NULL,
NULL
);

INSERT INTO phone (CM_Id,CM_PhoneMatching,CM_ExtendedPhoneMatching) VALUES (
470,
5265185,
61854548
);

INSERT INTO contacts (CM_Id,CM_Type,CM_PrefTemplateRefId,CM_UIDString,CM_Last_modified,CM_ContactCreationDate,CM_Attributes,CM_ReplicationCount,CM_Header,CM_TextBlob,CM_SearchableText) VALUES (
471,
268440329,
0,
'00e0db4978ed7370',
#07/06/2006#,
#07/06/2006#,
4,
0,
'0400000006140044000000000000000000200040002e4000102e4000101400c40000000000000000001000c0002e4000102e400010140280010000000000000000',

'00000000',

'        4 2 8 2 1 8 7 0 7 4 8 7 2 6 5   '
);

INSERT INTO identitytable (Parent_CMID,CM_FirstName,CM_LastName,CM_CompanyName,CM_Type,CM_Attributes,CM_HintField,CM_ExtHintField,CM_FirstNmPrn,CM_LastNmPrn,CM_CompanyNmPrn) VALUES (
471,
'Mi',
'MoncAllt',
NULL,
268440329,
4,
84,
0,
NULL,
NULL,
NULL
);

INSERT INTO phone (CM_Id,CM_PhoneMatching,CM_ExtendedPhoneMatching) VALUES (
471,
5627847,
7812824
);

INSERT INTO contacts (CM_Id,CM_Type,CM_PrefTemplateRefId,CM_UIDString,CM_Last_modified,CM_ContactCreationDate,CM_Attributes,CM_ReplicationCount,CM_Header,CM_TextBlob,CM_SearchableText) VALUES (
472,
268440329,
0,
'00e0db4978ed9a80',
#07/06/2006#,
#07/06/2006#,
4,
0,
'0400000006140044000000000000000000200040002e4000102e4000101400c40000000000000000001000c0002e4000102e400010140280010000000000000000',

'00000000',

'        2 3 1 7 2 4 5 1 1 6 6 1 8 4 3   '
);

INSERT INTO identitytable (Parent_CMID,CM_FirstName,CM_LastName,CM_CompanyName,CM_Type,CM_Attributes,CM_HintField,CM_ExtHintField,CM_FirstNmPrn,CM_LastNmPrn,CM_CompanyNmPrn) VALUES (
472,
'Kepphaetten',
'Baticer',
NULL,
268440329,
4,
84,
0,
NULL,
NULL,
NULL
);

INSERT INTO phone (CM_Id,CM_PhoneMatching,CM_ExtendedPhoneMatching) VALUES (
472,
3481661,
15427132
);

INSERT INTO contacts (CM_Id,CM_Type,CM_PrefTemplateRefId,CM_UIDString,CM_Last_modified,CM_ContactCreationDate,CM_Attributes,CM_ReplicationCount,CM_Header,CM_TextBlob,CM_SearchableText) VALUES (
473,
268440329,
0,
'00e0db4978edc190',
#07/06/2006#,
#07/06/2006#,
4,
0,
'0400000006140044000000000000000000200040002e4000102e4000101400c40000000000000000001000c0002e4000102e400010140280010000000000000000',

'00000000',

'        7 8 7 8 2 0 0 0 1 0 3 4 0 6 5   '
);

INSERT INTO identitytable (Parent_CMID,CM_FirstName,CM_LastName,CM_CompanyName,CM_Type,CM_Attributes,CM_HintField,CM_ExtHintField,CM_FirstNmPrn,CM_LastNmPrn,CM_CompanyNmPrn) VALUES (
473,
'Peelik',
'Bareterker',
NULL,
268440329,
4,
84,
0,
NULL,
NULL,
NULL
);

INSERT INTO phone (CM_Id,CM_PhoneMatching,CM_ExtendedPhoneMatching) VALUES (
473,
5604301,
28787
);

INSERT INTO contacts (CM_Id,CM_Type,CM_PrefTemplateRefId,CM_UIDString,CM_Last_modified,CM_ContactCreationDate,CM_Attributes,CM_ReplicationCount,CM_Header,CM_TextBlob,CM_SearchableText) VALUES (
474,
268440329,
0,
'00e0db4978ede8a0',
#07/06/2006#,
#07/06/2006#,
4,
0,
'0400000006140044000000000000000000200040002e4000102e4000101400c40000000000000000001000c0002e4000102e400010140280010000000000000000',

'00000000',

'        5 6 4 0 6 8 8 7 0 0 0 5 5 1 0   '
);

INSERT INTO identitytable (Parent_CMID,CM_FirstName,CM_LastName,CM_CompanyName,CM_Type,CM_Attributes,CM_HintField,CM_ExtHintField,CM_FirstNmPrn,CM_LastNmPrn,CM_CompanyNmPrn) VALUES (
474,
'Ma',
'Ware',
NULL,
268440329,
4,
84,
0,
NULL,
NULL,
NULL
);

INSERT INTO phone (CM_Id,CM_PhoneMatching,CM_ExtendedPhoneMatching) VALUES (
474,
155000,
78860465
);

INSERT INTO contacts (CM_Id,CM_Type,CM_PrefTemplateRefId,CM_UIDString,CM_Last_modified,CM_ContactCreationDate,CM_Attributes,CM_ReplicationCount,CM_Header,CM_TextBlob,CM_SearchableText) VALUES (
475,
268440329,
0,
'00e0db4978ee0fb0',
#07/06/2006#,
#07/06/2006#,
4,
0,
'0400000006140044000000000000000000200040002e4000102e4000101400c40000000000000000001000c0002e4000102e400010140280010000000000000000',

'00000000',

'        4 7 4 3 0 2 2 4 1 2 5 1 6 2 3   '
);

INSERT INTO identitytable (Parent_CMID,CM_FirstName,CM_LastName,CM_CompanyName,CM_Type,CM_Attributes,CM_HintField,CM_ExtHintField,CM_FirstNmPrn,CM_LastNmPrn,CM_CompanyNmPrn) VALUES (
475,
'Phevily',
'Gug',
NULL,
268440329,
4,
84,
0,
NULL,
NULL,
NULL
);

INSERT INTO phone (CM_Id,CM_PhoneMatching,CM_ExtendedPhoneMatching) VALUES (
475,
3261521,
42203474
);

INSERT INTO contacts (CM_Id,CM_Type,CM_PrefTemplateRefId,CM_UIDString,CM_Last_modified,CM_ContactCreationDate,CM_Attributes,CM_ReplicationCount,CM_Header,CM_TextBlob,CM_SearchableText) VALUES (
476,
268440329,
0,
'00e0db4978ee2338',
#07/06/2006#,
#07/06/2006#,
4,
0,
'0400000006140044000000000000000000200040002e4000102e4000101400c40000000000000000001000c0002e4000102e400010140280010000000000000000',

'00000000',

'        0 6 6 3 3 1 0 4 4 5 0 8 7 5 0   '
);

INSERT INTO identitytable (Parent_CMID,CM_FirstName,CM_LastName,CM_CompanyName,CM_Type,CM_Attributes,CM_HintField,CM_ExtHintField,CM_FirstNmPrn,CM_LastNmPrn,CM_CompanyNmPrn) VALUES (
476,
'Daniaad',
'Lonnsh',
NULL,
268440329,
4,
84,
0,
NULL,
NULL,
NULL
);

INSERT INTO phone (CM_Id,CM_PhoneMatching,CM_ExtendedPhoneMatching) VALUES (
476,
578054,
40133660
);

INSERT INTO contacts (CM_Id,CM_Type,CM_PrefTemplateRefId,CM_UIDString,CM_Last_modified,CM_ContactCreationDate,CM_Attributes,CM_ReplicationCount,CM_Header,CM_TextBlob,CM_SearchableText) VALUES (
477,
268440329,
0,
'00e0db4978ee4a48',
#07/06/2006#,
#07/06/2006#,
4,
0,
'0400000006140044000000000000000000200040002e4000102e4000101400c40000000000000000001000c0002e4000102e400010140280010000000000000000',

'00000000',

'        0 6 3 1 8 6 5 0 1 4 4 7 8 0 5   '
);

INSERT INTO identitytable (Parent_CMID,CM_FirstName,CM_LastName,CM_CompanyName,CM_Type,CM_Attributes,CM_HintField,CM_ExtHintField,CM_FirstNmPrn,CM_LastNmPrn,CM_CompanyNmPrn) VALUES (
477,
'St',
'Holiesoresticenesonaranssero',
NULL,
268440329,
4,
84,
0,
NULL,
NULL,
NULL
);

INSERT INTO phone (CM_Id,CM_PhoneMatching,CM_ExtendedPhoneMatching) VALUES (
477,
5087441,
5681360
);

INSERT INTO contacts (CM_Id,CM_Type,CM_PrefTemplateRefId,CM_UIDString,CM_Last_modified,CM_ContactCreationDate,CM_Attributes,CM_ReplicationCount,CM_Header,CM_TextBlob,CM_SearchableText) VALUES (
478,
268440329,
0,
'00e0db4978ee7158',
#07/06/2006#,
#07/06/2006#,
4,
0,
'0400000006140044000000000000000000200040002e4000102e4000101400c40000000000000000001000c0002e4000102e400010140280010000000000000000',

'00000000',

'        1 2 7 3 7 7 2 8 4 6 3 1 2 0 8   '
);

INSERT INTO identitytable (Parent_CMID,CM_FirstName,CM_LastName,CM_CompanyName,CM_Type,CM_Attributes,CM_HintField,CM_ExtHintField,CM_FirstNmPrn,CM_LastNmPrn,CM_CompanyNmPrn) VALUES (
478,
'Y',
'Os',
NULL,
268440329,
4,
84,
0,
NULL,
NULL,
NULL
);

INSERT INTO phone (CM_Id,CM_PhoneMatching,CM_ExtendedPhoneMatching) VALUES (
478,
8021364,
82773721
);

INSERT INTO contacts (CM_Id,CM_Type,CM_PrefTemplateRefId,CM_UIDString,CM_Last_modified,CM_ContactCreationDate,CM_Attributes,CM_ReplicationCount,CM_Header,CM_TextBlob,CM_SearchableText) VALUES (
479,
268440329,
0,
'00e0db4978ee9868',
#07/06/2006#,
#07/06/2006#,
4,
0,
'0400000006140044000000000000000000200040002e4000102e4000101400c40000000000000000001000c0002e4000102e400010140280010000000000000000',

'00000000',

'        5 0 0 3 2 0 3 4 2 5 5 3 0 8 5   '
);

INSERT INTO identitytable (Parent_CMID,CM_FirstName,CM_LastName,CM_CompanyName,CM_Type,CM_Attributes,CM_HintField,CM_ExtHintField,CM_FirstNmPrn,CM_LastNmPrn,CM_CompanyNmPrn) VALUES (
479,
'Vil',
'Adlonil',
NULL,
268440329,
4,
84,
0,
NULL,
NULL,
NULL
);

INSERT INTO phone (CM_Id,CM_PhoneMatching,CM_ExtendedPhoneMatching) VALUES (
479,
5803552,
43023005
);

INSERT INTO contacts (CM_Id,CM_Type,CM_PrefTemplateRefId,CM_UIDString,CM_Last_modified,CM_ContactCreationDate,CM_Attributes,CM_ReplicationCount,CM_Header,CM_TextBlob,CM_SearchableText) VALUES (
480,
268440329,
0,
'00e0db4978eebf78',
#07/06/2006#,
#07/06/2006#,
4,
0,
'0400000006140044000000000000000000200040002e4000102e4000101400c40000000000000000001000c0002e4000102e400010140280010000000000000000',

'00000000',

'        6 8 1 6 5 8 4 3 1 6 1 2 2 5 6   '
);

INSERT INTO identitytable (Parent_CMID,CM_FirstName,CM_LastName,CM_CompanyName,CM_Type,CM_Attributes,CM_HintField,CM_ExtHintField,CM_FirstNmPrn,CM_LastNmPrn,CM_CompanyNmPrn) VALUES (
480,
'As',
'Resors',
NULL,
268440329,
4,
84,
0,
NULL,
NULL,
NULL
);

INSERT INTO phone (CM_Id,CM_PhoneMatching,CM_ExtendedPhoneMatching) VALUES (
480,
6522161,
34856186
);

INSERT INTO contacts (CM_Id,CM_Type,CM_PrefTemplateRefId,CM_UIDString,CM_Last_modified,CM_ContactCreationDate,CM_Attributes,CM_ReplicationCount,CM_Header,CM_TextBlob,CM_SearchableText) VALUES (
481,
268440329,
0,
'00e0db4978eed300',
#07/06/2006#,
#07/06/2006#,
4,
0,
'0400000006140044000000000000000000200040002e4000102e4000101400c40000000000000000001000c0002e4000102e400010140280010000000000000000',

'00000000',

'        0 8 7 0 0 5 2 3 8 3 6 7 1 7 0   '
);

INSERT INTO identitytable (Parent_CMID,CM_FirstName,CM_LastName,CM_CompanyName,CM_Type,CM_Attributes,CM_HintField,CM_ExtHintField,CM_FirstNmPrn,CM_LastNmPrn,CM_CompanyNmPrn) VALUES (
481,
'Jon',
'Ryesss',
NULL,
268440329,
4,
84,
0,
NULL,
NULL,
NULL
);

INSERT INTO phone (CM_Id,CM_PhoneMatching,CM_ExtendedPhoneMatching) VALUES (
481,
717638,
32500780
);

INSERT INTO contacts (CM_Id,CM_Type,CM_PrefTemplateRefId,CM_UIDString,CM_Last_modified,CM_ContactCreationDate,CM_Attributes,CM_ReplicationCount,CM_Header,CM_TextBlob,CM_SearchableText) VALUES (
482,
268440329,
0,
'00e0db4978ef34a8',
#07/06/2006#,
#07/06/2006#,
4,
0,
'0400000006140044000000000000000000200040002e4000102e4000101400c40000000000000000001000c0002e4000102e400010140280010000000000000000',

'00000000',

'        1 6 1 3 0 5 8 8 4 6 3 7 1 1 6   '
);

INSERT INTO identitytable (Parent_CMID,CM_FirstName,CM_LastName,CM_CompanyName,CM_Type,CM_Attributes,CM_HintField,CM_ExtHintField,CM_FirstNmPrn,CM_LastNmPrn,CM_CompanyNmPrn) VALUES (
482,
'Man',
'Ja',
NULL,
268440329,
4,
84,
0,
NULL,
NULL,
NULL
);

INSERT INTO phone (CM_Id,CM_PhoneMatching,CM_ExtendedPhoneMatching) VALUES (
482,
6117364,
88503161
);

INSERT INTO contacts (CM_Id,CM_Type,CM_PrefTemplateRefId,CM_UIDString,CM_Last_modified,CM_ContactCreationDate,CM_Attributes,CM_ReplicationCount,CM_Header,CM_TextBlob,CM_SearchableText) VALUES (
483,
268440329,
0,
'00e0db4978ef5bb8',
#07/06/2006#,
#07/06/2006#,
4,
0,
'0400000006140044000000000000000000200040002e4000102e4000101400c40000000000000000001000c0002e4000102e400010140280010000000000000000',

'00000000',

'        8 1 7 3 2 1 0 5 6 3 6 6 8 5 4   '
);

INSERT INTO identitytable (Parent_CMID,CM_FirstName,CM_LastName,CM_CompanyName,CM_Type,CM_Attributes,CM_HintField,CM_ExtHintField,CM_FirstNmPrn,CM_LastNmPrn,CM_CompanyNmPrn) VALUES (
483,
'Satiewo',
'Dathinwinss',
NULL,
268440329,
4,
84,
0,
NULL,
NULL,
NULL
);

INSERT INTO phone (CM_Id,CM_PhoneMatching,CM_ExtendedPhoneMatching) VALUES (
483,
4586636,
50123718
);

INSERT INTO contacts (CM_Id,CM_Type,CM_PrefTemplateRefId,CM_UIDString,CM_Last_modified,CM_ContactCreationDate,CM_Attributes,CM_ReplicationCount,CM_Header,CM_TextBlob,CM_SearchableText) VALUES (
484,
268440329,
0,
'00e0db4978ef82c8',
#07/06/2006#,
#07/06/2006#,
4,
0,
'0400000006140044000000000000000000200040002e4000102e4000101400c40000000000000000001000c0002e4000102e400010140280010000000000000000',

'00000000',

'        8 4 7 8 3 0 5 8 1 8 3 2 8 4 3   '
);

INSERT INTO identitytable (Parent_CMID,CM_FirstName,CM_LastName,CM_CompanyName,CM_Type,CM_Attributes,CM_HintField,CM_ExtHintField,CM_FirstNmPrn,CM_LastNmPrn,CM_CompanyNmPrn) VALUES (
484,
'Bryle',
'Huich',
NULL,
268440329,
4,
84,
0,
NULL,
NULL,
NULL
);

INSERT INTO phone (CM_Id,CM_PhoneMatching,CM_ExtendedPhoneMatching) VALUES (
484,
3482381,
85038748
);

INSERT INTO contacts (CM_Id,CM_Type,CM_PrefTemplateRefId,CM_UIDString,CM_Last_modified,CM_ContactCreationDate,CM_Attributes,CM_ReplicationCount,CM_Header,CM_TextBlob,CM_SearchableText) VALUES (
485,
268440329,
0,
'00e0db4978efa9d8',
#07/06/2006#,
#07/06/2006#,
4,
0,
'0400000006140044000000000000000000200040002e4000102e4000101400c40000000000000000001000c0002e4000102e400010140280010000000000000000',

'00000000',

'        5 1 5 4 8 2 1 4 0 5 4 8 2 5 7   '
);

INSERT INTO identitytable (Parent_CMID,CM_FirstName,CM_LastName,CM_CompanyName,CM_Type,CM_Attributes,CM_HintField,CM_ExtHintField,CM_FirstNmPrn,CM_LastNmPrn,CM_CompanyNmPrn) VALUES (
485,
'Anaw',
'Mangar',
NULL,
268440329,
4,
84,
0,
NULL,
NULL,
NULL
);

INSERT INTO phone (CM_Id,CM_PhoneMatching,CM_ExtendedPhoneMatching) VALUES (
485,
7528450,
41284515
);

INSERT INTO contacts (CM_Id,CM_Type,CM_PrefTemplateRefId,CM_UIDString,CM_Last_modified,CM_ContactCreationDate,CM_Attributes,CM_ReplicationCount,CM_Header,CM_TextBlob,CM_SearchableText) VALUES (
486,
268440329,
0,
'00e0db4978efd0e8',
#07/06/2006#,
#07/06/2006#,
4,
0,
'0400000006140044000000000000000000200040002e4000102e4000101400c40000000000000000001000c0002e4000102e400010140280010000000000000000',

'00000000',

'        8 5 3 6 4 4 6 4 6 1 5 8 1 1 5   '
);

INSERT INTO identitytable (Parent_CMID,CM_FirstName,CM_LastName,CM_CompanyName,CM_Type,CM_Attributes,CM_HintField,CM_ExtHintField,CM_FirstNmPrn,CM_LastNmPrn,CM_CompanyNmPrn) VALUES (
486,
'Joh',
'Al',
NULL,
268440329,
4,
84,
0,
NULL,
NULL,
NULL
);

INSERT INTO phone (CM_Id,CM_PhoneMatching,CM_ExtendedPhoneMatching) VALUES (
486,
5118516,
46446358
);

INSERT INTO contacts (CM_Id,CM_Type,CM_PrefTemplateRefId,CM_UIDString,CM_Last_modified,CM_ContactCreationDate,CM_Attributes,CM_ReplicationCount,CM_Header,CM_TextBlob,CM_SearchableText) VALUES (
487,
268440329,
0,
'00e0db4978efe470',
#07/06/2006#,
#07/06/2006#,
4,
0,
'0400000006140044000000000000000000200040002e4000102e4000101400c40000000000000000001000c0002e4000102e400010140280010000000000000000',

'00000000',

'        8 3 1 8 6 1 3 5 0 3 8 2 0 1 6   '
);

INSERT INTO identitytable (Parent_CMID,CM_FirstName,CM_LastName,CM_CompanyName,CM_Type,CM_Attributes,CM_HintField,CM_ExtHintField,CM_FirstNmPrn,CM_LastNmPrn,CM_CompanyNmPrn) VALUES (
487,
'Ararile',
'SacKox',
NULL,
268440329,
4,
84,
0,
NULL,
NULL,
NULL
);

INSERT INTO phone (CM_Id,CM_PhoneMatching,CM_ExtendedPhoneMatching) VALUES (
487,
6102830,
53168138
);

INSERT INTO contacts (CM_Id,CM_Type,CM_PrefTemplateRefId,CM_UIDString,CM_Last_modified,CM_ContactCreationDate,CM_Attributes,CM_ReplicationCount,CM_Header,CM_TextBlob,CM_SearchableText) VALUES (
488,
268440329,
0,
'00e0db4978f00b80',
#07/06/2006#,
#07/06/2006#,
4,
0,
'0400000006140044000000000000000000200040002e4000102e4000101400c40000000000000000001000c0002e4000102e400010140280010000000000000000',

'00000000',

'        3 1 7 0 4 5 1 2 7 3 0 0 4 4 0   '
);

INSERT INTO identitytable (Parent_CMID,CM_FirstName,CM_LastName,CM_CompanyName,CM_Type,CM_Attributes,CM_HintField,CM_ExtHintField,CM_FirstNmPrn,CM_LastNmPrn,CM_CompanyNmPrn) VALUES (
488,
'Mattin',
'Hoddomtieskhahablichy',
NULL,
268440329,
4,
84,
0,
NULL,
NULL,
NULL
);

INSERT INTO phone (CM_Id,CM_PhoneMatching,CM_ExtendedPhoneMatching) VALUES (
488,
440037,
21540713
);

INSERT INTO contacts (CM_Id,CM_Type,CM_PrefTemplateRefId,CM_UIDString,CM_Last_modified,CM_ContactCreationDate,CM_Attributes,CM_ReplicationCount,CM_Header,CM_TextBlob,CM_SearchableText) VALUES (
489,
268440329,
0,
'00e0db4978f03290',
#07/06/2006#,
#07/06/2006#,
4,
0,
'0400000006140044000000000000000000200040002e4000102e4000101400c40000000000000000001000c0002e4000102e400010140280010000000000000000',

'00000000',

'        1 0 4 7 6 5 6 7 2 2 0 2 0 0 0   '
);

INSERT INTO identitytable (Parent_CMID,CM_FirstName,CM_LastName,CM_CompanyName,CM_Type,CM_Attributes,CM_HintField,CM_ExtHintField,CM_FirstNmPrn,CM_LastNmPrn,CM_CompanyNmPrn) VALUES (
489,
'Rilet',
'Frs',
NULL,
268440329,
4,
84,
0,
NULL,
NULL,
NULL
);

INSERT INTO phone (CM_Id,CM_PhoneMatching,CM_ExtendedPhoneMatching) VALUES (
489,
2022,
76567401
);

INSERT INTO contacts (CM_Id,CM_Type,CM_PrefTemplateRefId,CM_UIDString,CM_Last_modified,CM_ContactCreationDate,CM_Attributes,CM_ReplicationCount,CM_Header,CM_TextBlob,CM_SearchableText) VALUES (
490,
268440329,
0,
'00e0db4978f04618',
#07/06/2006#,
#07/06/2006#,
4,
0,
'0400000006140044000000000000000000200040002e4000102e4000101400c40000000000000000001000c0002e4000102e400010140280010000000000000000',

'00000000',

'        8 4 5 1 4 1 0 2 2 1 2 3 5 3 3   '
);

INSERT INTO identitytable (Parent_CMID,CM_FirstName,CM_LastName,CM_CompanyName,CM_Type,CM_Attributes,CM_HintField,CM_ExtHintField,CM_FirstNmPrn,CM_LastNmPrn,CM_CompanyNmPrn) VALUES (
490,
'Fr',
'Anghavis',
NULL,
268440329,
4,
84,
0,
NULL,
NULL,
NULL
);

INSERT INTO phone (CM_Id,CM_PhoneMatching,CM_ExtendedPhoneMatching) VALUES (
490,
3353212,
20141548
);

INSERT INTO contacts (CM_Id,CM_Type,CM_PrefTemplateRefId,CM_UIDString,CM_Last_modified,CM_ContactCreationDate,CM_Attributes,CM_ReplicationCount,CM_Header,CM_TextBlob,CM_SearchableText) VALUES (
491,
268440329,
0,
'00e0db4978f06d28',
#07/06/2006#,
#07/06/2006#,
4,
0,
'0400000006140044000000000000000000200040002e4000102e4000101400c40000000000000000001000c0002e4000102e400010140280010000000000000000',

'00000000',

'        1 6 0 1 8 2 2 4 6 2 4 5 5 8 7   '
);

INSERT INTO identitytable (Parent_CMID,CM_FirstName,CM_LastName,CM_CompanyName,CM_Type,CM_Attributes,CM_HintField,CM_ExtHintField,CM_FirstNmPrn,CM_LastNmPrn,CM_CompanyNmPrn) VALUES (
491,
'Rariny',
'Br',
NULL,
268440329,
4,
84,
0,
NULL,
NULL,
NULL
);

INSERT INTO phone (CM_Id,CM_PhoneMatching,CM_ExtendedPhoneMatching) VALUES (
491,
7855426,
42281061
);

INSERT INTO contacts (CM_Id,CM_Type,CM_PrefTemplateRefId,CM_UIDString,CM_Last_modified,CM_ContactCreationDate,CM_Attributes,CM_ReplicationCount,CM_Header,CM_TextBlob,CM_SearchableText) VALUES (
492,
268440329,
0,
'00e0db4978f09438',
#07/06/2006#,
#07/06/2006#,
4,
0,
'0400000006140044000000000000000000200040002e4000102e4000101400c40000000000000000001000c0002e4000102e400010140280010000000000000000',

'00000000',

'        4 8 6 8 3 8 4 2 8 3 8 3 6 4 3   '
);

INSERT INTO identitytable (Parent_CMID,CM_FirstName,CM_LastName,CM_CompanyName,CM_Type,CM_Attributes,CM_HintField,CM_ExtHintField,CM_FirstNmPrn,CM_LastNmPrn,CM_CompanyNmPrn) VALUES (
492,
'Jaron',
'Ladengery',
NULL,
268440329,
4,
84,
0,
NULL,
NULL,
NULL
);

INSERT INTO phone (CM_Id,CM_PhoneMatching,CM_ExtendedPhoneMatching) VALUES (
492,
3463838,
24838684
);

INSERT INTO contacts (CM_Id,CM_Type,CM_PrefTemplateRefId,CM_UIDString,CM_Last_modified,CM_ContactCreationDate,CM_Attributes,CM_ReplicationCount,CM_Header,CM_TextBlob,CM_SearchableText) VALUES (
493,
268440329,
0,
'00e0db4978f0a7c0',
#07/06/2006#,
#07/06/2006#,
4,
0,
'0400000006140044000000000000000000200040002e4000102e4000101400c40000000000000000001000c0002e4000102e400010140280010000000000000000',

'00000000',

'        7 2 4 4 5 8 1 6 7 3 3 8 3 7 2   '
);

INSERT INTO identitytable (Parent_CMID,CM_FirstName,CM_LastName,CM_CompanyName,CM_Type,CM_Attributes,CM_HintField,CM_ExtHintField,CM_FirstNmPrn,CM_LastNmPrn,CM_CompanyNmPrn) VALUES (
493,
'Aleshusaely',
'Tamah',
NULL,
268440329,
4,
84,
0,
NULL,
NULL,
NULL
);

INSERT INTO phone (CM_Id,CM_PhoneMatching,CM_ExtendedPhoneMatching) VALUES (
493,
2738337,
61854427
);

INSERT INTO contacts (CM_Id,CM_Type,CM_PrefTemplateRefId,CM_UIDString,CM_Last_modified,CM_ContactCreationDate,CM_Attributes,CM_ReplicationCount,CM_Header,CM_TextBlob,CM_SearchableText) VALUES (
494,
268440329,
0,
'00e0db4978f0ced0',
#07/06/2006#,
#07/06/2006#,
4,
0,
'0400000006140044000000000000000000200040002e4000102e4000101400c40000000000000000001000c0002e4000102e400010140280010000000000000000',

'00000000',

'        1 5 3 2 8 1 8 3 5 3 4 6 2 7 6   '
);

INSERT INTO identitytable (Parent_CMID,CM_FirstName,CM_LastName,CM_CompanyName,CM_Type,CM_Attributes,CM_HintField,CM_ExtHintField,CM_FirstNmPrn,CM_LastNmPrn,CM_CompanyNmPrn) VALUES (
494,
'Jon',
'Swittm',
NULL,
268440329,
4,
84,
0,
NULL,
NULL,
NULL
);

INSERT INTO phone (CM_Id,CM_PhoneMatching,CM_ExtendedPhoneMatching) VALUES (
494,
6726435,
38182351
);

INSERT INTO contacts (CM_Id,CM_Type,CM_PrefTemplateRefId,CM_UIDString,CM_Last_modified,CM_ContactCreationDate,CM_Attributes,CM_ReplicationCount,CM_Header,CM_TextBlob,CM_SearchableText) VALUES (
495,
268440329,
0,
'00e0db4978f0f5e0',
#07/06/2006#,
#07/06/2006#,
4,
0,
'0400000006140044000000000000000000200040002e4000102e4000101400c40000000000000000001000c0002e4000102e400010140280010000000000000000',

'00000000',

'        3 5 2 3 3 0 4 3 0 2 1 1 7 8 5   '
);

INSERT INTO identitytable (Parent_CMID,CM_FirstName,CM_LastName,CM_CompanyName,CM_Type,CM_Attributes,CM_HintField,CM_ExtHintField,CM_FirstNmPrn,CM_LastNmPrn,CM_CompanyNmPrn) VALUES (
495,
'Beredik',
'Sme',
NULL,
268440329,
4,
84,
0,
NULL,
NULL,
NULL
);

INSERT INTO phone (CM_Id,CM_PhoneMatching,CM_ExtendedPhoneMatching) VALUES (
495,
5871120,
34033253
);

INSERT INTO contacts (CM_Id,CM_Type,CM_PrefTemplateRefId,CM_UIDString,CM_Last_modified,CM_ContactCreationDate,CM_Attributes,CM_ReplicationCount,CM_Header,CM_TextBlob,CM_SearchableText) VALUES (
496,
268440329,
0,
'00e0db4978f11cf0',
#07/06/2006#,
#07/06/2006#,
4,
0,
'0400000006140044000000000000000000200040002e4000102e4000101400c40000000000000000001000c0002e4000102e400010140280010000000000000000',

'00000000',

'        4 7 6 1 2 4 2 5 5 6 0 5 6 8 8   '
);

INSERT INTO identitytable (Parent_CMID,CM_FirstName,CM_LastName,CM_CompanyName,CM_Type,CM_Attributes,CM_HintField,CM_ExtHintField,CM_FirstNmPrn,CM_LastNmPrn,CM_CompanyNmPrn) VALUES (
496,
'Te',
'Lilinndky',
NULL,
268440329,
4,
84,
0,
NULL,
NULL,
NULL
);

INSERT INTO phone (CM_Id,CM_PhoneMatching,CM_ExtendedPhoneMatching) VALUES (
496,
8865065,
52421674
);

INSERT INTO contacts (CM_Id,CM_Type,CM_PrefTemplateRefId,CM_UIDString,CM_Last_modified,CM_ContactCreationDate,CM_Attributes,CM_ReplicationCount,CM_Header,CM_TextBlob,CM_SearchableText) VALUES (
497,
268440329,
0,
'00e0db4978f17e98',
#07/06/2006#,
#07/06/2006#,
4,
0,
'0400000006140044000000000000000000200040002e4000102e4000101400c40000000000000000001000c0002e4000102e400010140280010000000000000000',

'00000000',

'        3 0 6 4 1 1 2 0 5 6 8 7 8 6 0   '
);

INSERT INTO identitytable (Parent_CMID,CM_FirstName,CM_LastName,CM_CompanyName,CM_Type,CM_Attributes,CM_HintField,CM_ExtHintField,CM_FirstNmPrn,CM_LastNmPrn,CM_CompanyNmPrn) VALUES (
497,
'Siorasen',
'Brk',
NULL,
268440329,
4,
84,
0,
NULL,
NULL,
NULL
);

INSERT INTO phone (CM_Id,CM_PhoneMatching,CM_ExtendedPhoneMatching) VALUES (
497,
687865,
2114603
);

INSERT INTO contacts (CM_Id,CM_Type,CM_PrefTemplateRefId,CM_UIDString,CM_Last_modified,CM_ContactCreationDate,CM_Attributes,CM_ReplicationCount,CM_Header,CM_TextBlob,CM_SearchableText) VALUES (
498,
268440329,
0,
'00e0db4978f1a5a8',
#07/06/2006#,
#07/06/2006#,
4,
0,
'0400000006140044000000000000000000200040002e4000102e4000101400c40000000000000000001000c0002e4000102e400010140280010000000000000000',

'00000000',

'        4 0 7 5 4 6 7 6 7 7 4 1 2 0 7   '
);

INSERT INTO identitytable (Parent_CMID,CM_FirstName,CM_LastName,CM_CompanyName,CM_Type,CM_Attributes,CM_HintField,CM_ExtHintField,CM_FirstNmPrn,CM_LastNmPrn,CM_CompanyNmPrn) VALUES (
498,
'Mak',
'Ballarahyarghatelewaineventzusond',
NULL,
268440329,
4,
84,
0,
NULL,
NULL,
NULL
);

INSERT INTO phone (CM_Id,CM_PhoneMatching,CM_ExtendedPhoneMatching) VALUES (
498,
7021477,
67645704
);

INSERT INTO contacts (CM_Id,CM_Type,CM_PrefTemplateRefId,CM_UIDString,CM_Last_modified,CM_ContactCreationDate,CM_Attributes,CM_ReplicationCount,CM_Header,CM_TextBlob,CM_SearchableText) VALUES (
499,
268440329,
0,
'00e0db4978f1ccb8',
#07/06/2006#,
#07/06/2006#,
4,
0,
'0400000006140044000000000000000000200040002e4000102e4000101400c40000000000000000001000c0002e4000102e400010140280010000000000000000',

'00000000',

'        3 2 0 8 7 5 2 8 4 7 8 7 2 2 4   '
);

INSERT INTO identitytable (Parent_CMID,CM_FirstName,CM_LastName,CM_CompanyName,CM_Type,CM_Attributes,CM_HintField,CM_ExtHintField,CM_FirstNmPrn,CM_LastNmPrn,CM_CompanyNmPrn) VALUES (
499,
'Palla',
'Oarkiurilv',
NULL,
268440329,
4,
84,
0,
NULL,
NULL,
NULL
);

INSERT INTO phone (CM_Id,CM_PhoneMatching,CM_ExtendedPhoneMatching) VALUES (
499,
4227874,
82578023
);

INSERT INTO contacts (CM_Id,CM_Type,CM_PrefTemplateRefId,CM_UIDString,CM_Last_modified,CM_ContactCreationDate,CM_Attributes,CM_ReplicationCount,CM_Header,CM_TextBlob,CM_SearchableText) VALUES (
500,
268440329,
0,
'00e0db4978f1f3c8',
#07/06/2006#,
#07/06/2006#,
4,
0,
'0400000006140044000000000000000000200040002e4000102e4000101400c40000000000000000001000c0002e4000102e400010140280010000000000000000',

'00000000',

'        0 0 6 1 4 1 6 5 8 6 2 2 5 5 1   '
);

INSERT INTO identitytable (Parent_CMID,CM_FirstName,CM_LastName,CM_CompanyName,CM_Type,CM_Attributes,CM_HintField,CM_ExtHintField,CM_FirstNmPrn,CM_LastNmPrn,CM_CompanyNmPrn) VALUES (
500,
'Michel',
'Latttonddion-Manuindugals',
NULL,
268440329,
4,
84,
0,
NULL,
NULL,
NULL
);

INSERT INTO phone (CM_Id,CM_PhoneMatching,CM_ExtendedPhoneMatching) VALUES (
500,
1552268,
56141600
);

INSERT INTO contacts (CM_Id,CM_Type,CM_PrefTemplateRefId,CM_UIDString,CM_Last_modified,CM_ContactCreationDate,CM_Attributes,CM_ReplicationCount,CM_Header,CM_TextBlob,CM_SearchableText) VALUES (
501,
268440329,
0,
'00e0db4978f20750',
#07/06/2006#,
#07/06/2006#,
4,
0,
'0400000006140044000000000000000000200040002e4000102e4000101400c40000000000000000001000c0002e4000102e400010140280010000000000000000',

'00000000',

'        7 7 1 0 0 8 1 0 4 1 7 4 7 4 8   '
);

INSERT INTO identitytable (Parent_CMID,CM_FirstName,CM_LastName,CM_CompanyName,CM_Type,CM_Attributes,CM_HintField,CM_ExtHintField,CM_FirstNmPrn,CM_LastNmPrn,CM_CompanyNmPrn) VALUES (
501,
'Ris',
'Jat',
NULL,
268440329,
4,
84,
0,
NULL,
NULL,
NULL
);

INSERT INTO phone (CM_Id,CM_PhoneMatching,CM_ExtendedPhoneMatching) VALUES (
501,
8474714,
1800177
);

INSERT INTO contacts (CM_Id,CM_Type,CM_PrefTemplateRefId,CM_UIDString,CM_Last_modified,CM_ContactCreationDate,CM_Attributes,CM_ReplicationCount,CM_Header,CM_TextBlob,CM_SearchableText) VALUES (
502,
268440329,
0,
'00e0db4978f22e60',
#07/06/2006#,
#07/06/2006#,
4,
0,
'0400000006140044000000000000000000200040002e4000102e4000101400c40000000000000000001000c0002e4000102e400010140280010000000000000000',

'00000000',

'        0 3 6 1 5 8 2 3 7 5 8 2 6 1 5   '
);

INSERT INTO identitytable (Parent_CMID,CM_FirstName,CM_LastName,CM_CompanyName,CM_Type,CM_Attributes,CM_HintField,CM_ExtHintField,CM_FirstNmPrn,CM_LastNmPrn,CM_CompanyNmPrn) VALUES (
502,
'Iariniciesavettil',
'Lobennjesonim',
NULL,
268440329,
4,
84,
0,
NULL,
NULL,
NULL
);

INSERT INTO phone (CM_Id,CM_PhoneMatching,CM_ExtendedPhoneMatching) VALUES (
502,
5162857,
32851630
);

INSERT INTO contacts (CM_Id,CM_Type,CM_PrefTemplateRefId,CM_UIDString,CM_Last_modified,CM_ContactCreationDate,CM_Attributes,CM_ReplicationCount,CM_Header,CM_TextBlob,CM_SearchableText) VALUES (
503,
268440329,
0,
'00e0db4978f25570',
#07/06/2006#,
#07/06/2006#,
4,
0,
'0400000006140044000000000000000000200040002e4000102e4000101400c40000000000000000001000c0002e4000102e400010140280010000000000000000',

'00000000',

'        3 8 7 5 4 8 3 0 3 3 8 7 8 6 6   '
);

INSERT INTO identitytable (Parent_CMID,CM_FirstName,CM_LastName,CM_CompanyName,CM_Type,CM_Attributes,CM_HintField,CM_ExtHintField,CM_FirstNmPrn,CM_LastNmPrn,CM_CompanyNmPrn) VALUES (
503,
'Ketheonnavag',
'Fitimeand',
NULL,
268440329,
4,
84,
0,
NULL,
NULL,
NULL
);

INSERT INTO phone (CM_Id,CM_PhoneMatching,CM_ExtendedPhoneMatching) VALUES (
503,
6687833,
3845783
);

INSERT INTO contacts (CM_Id,CM_Type,CM_PrefTemplateRefId,CM_UIDString,CM_Last_modified,CM_ContactCreationDate,CM_Attributes,CM_ReplicationCount,CM_Header,CM_TextBlob,CM_SearchableText) VALUES (
504,
268440329,
0,
'00e0db4978f27c80',
#07/06/2006#,
#07/06/2006#,
4,
0,
'0400000006140044000000000000000000200040002e4000102e4000101400c40000000000000000001000c0002e4000102e400010140280010000000000000000',

'00000000',

'        6 0 0 0 7 6 0 5 4 5 1 5 6 4 0   '
);

INSERT INTO identitytable (Parent_CMID,CM_FirstName,CM_LastName,CM_CompanyName,CM_Type,CM_Attributes,CM_HintField,CM_ExtHintField,CM_FirstNmPrn,CM_LastNmPrn,CM_CompanyNmPrn) VALUES (
504,
'Bikaraecajjul',
'Meerkyf',
NULL,
268440329,
4,
84,
0,
NULL,
NULL,
NULL
);

INSERT INTO phone (CM_Id,CM_PhoneMatching,CM_ExtendedPhoneMatching) VALUES (
504,
465154,
50670006
);

INSERT INTO contacts (CM_Id,CM_Type,CM_PrefTemplateRefId,CM_UIDString,CM_Last_modified,CM_ContactCreationDate,CM_Attributes,CM_ReplicationCount,CM_Header,CM_TextBlob,CM_SearchableText) VALUES (
505,
268440329,
0,
'00e0db4978f2a390',
#07/06/2006#,
#07/06/2006#,
4,
0,
'0400000006140044000000000000000000200040002e4000102e4000101400c40000000000000000001000c0002e4000102e400010140280010000000000000000',

'00000000',

'        7 0 5 7 6 4 0 5 4 8 4 1 2 1 6   '
);

INSERT INTO identitytable (Parent_CMID,CM_FirstName,CM_LastName,CM_CompanyName,CM_Type,CM_Attributes,CM_HintField,CM_ExtHintField,CM_FirstNmPrn,CM_LastNmPrn,CM_CompanyNmPrn) VALUES (
505,
'Gl',
'Tar',
NULL,
268440329,
4,
84,
0,
NULL,
NULL,
NULL
);

INSERT INTO phone (CM_Id,CM_PhoneMatching,CM_ExtendedPhoneMatching) VALUES (
505,
6121484,
50467507
);

INSERT INTO contacts (CM_Id,CM_Type,CM_PrefTemplateRefId,CM_UIDString,CM_Last_modified,CM_ContactCreationDate,CM_Attributes,CM_ReplicationCount,CM_Header,CM_TextBlob,CM_SearchableText) VALUES (
506,
268440329,
0,
'00e0db4978f2caa0',
#07/06/2006#,
#07/06/2006#,
4,
0,
'0400000006140044000000000000000000200040002e4000102e4000101400c40000000000000000001000c0002e4000102e400010140280010000000000000000',

'00000000',

'        0 5 0 3 2 4 0 3 4 8 3 7 8 6 2   '
);

INSERT INTO identitytable (Parent_CMID,CM_FirstName,CM_LastName,CM_CompanyName,CM_Type,CM_Attributes,CM_HintField,CM_ExtHintField,CM_FirstNmPrn,CM_LastNmPrn,CM_CompanyNmPrn) VALUES (
506,
'Lershn',
'Lione',
NULL,
268440329,
4,
84,
0,
NULL,
NULL,
NULL
);

INSERT INTO phone (CM_Id,CM_PhoneMatching,CM_ExtendedPhoneMatching) VALUES (
506,
2687384,
30423050
);

INSERT INTO contacts (CM_Id,CM_Type,CM_PrefTemplateRefId,CM_UIDString,CM_Last_modified,CM_ContactCreationDate,CM_Attributes,CM_ReplicationCount,CM_Header,CM_TextBlob,CM_SearchableText) VALUES (
507,
268440329,
0,
'00e0db4978f2f1b0',
#07/06/2006#,
#07/06/2006#,
4,
0,
'0400000006140044000000000000000000200040002e4000102e4000101400c40000000000000000001000c0002e4000102e400010140280010000000000000000',

'00000000',

'        0 2 7 7 0 3 2 6 5 8 5 7 1 2 1   '
);

INSERT INTO identitytable (Parent_CMID,CM_FirstName,CM_LastName,CM_CompanyName,CM_Type,CM_Attributes,CM_HintField,CM_ExtHintField,CM_FirstNmPrn,CM_LastNmPrn,CM_CompanyNmPrn) VALUES (
507,
'Maimi',
'Lek',
NULL,
268440329,
4,
84,
0,
NULL,
NULL,
NULL
);

INSERT INTO phone (CM_Id,CM_PhoneMatching,CM_ExtendedPhoneMatching) VALUES (
507,
1217585,
62307720
);

INSERT INTO contacts (CM_Id,CM_Type,CM_PrefTemplateRefId,CM_UIDString,CM_Last_modified,CM_ContactCreationDate,CM_Attributes,CM_ReplicationCount,CM_Header,CM_TextBlob,CM_SearchableText) VALUES (
508,
268440329,
0,
'00e0db4978f318c0',
#07/06/2006#,
#07/06/2006#,
4,
0,
'0400000006140044000000000000000000200040002e4000102e4000101400c40000000000000000001000c0002e4000102e400010140280010000000000000000',

'00000000',

'        7 6 4 6 7 6 6 8 4 3 6 6 2 5 0   '
);

INSERT INTO identitytable (Parent_CMID,CM_FirstName,CM_LastName,CM_CompanyName,CM_Type,CM_Attributes,CM_HintField,CM_ExtHintField,CM_FirstNmPrn,CM_LastNmPrn,CM_CompanyNmPrn) VALUES (
508,
'Tik',
'Lor',
NULL,
268440329,
4,
84,
0,
NULL,
NULL,
NULL
);

INSERT INTO phone (CM_Id,CM_PhoneMatching,CM_ExtendedPhoneMatching) VALUES (
508,
526634,
86676467
);

INSERT INTO contacts (CM_Id,CM_Type,CM_PrefTemplateRefId,CM_UIDString,CM_Last_modified,CM_ContactCreationDate,CM_Attributes,CM_ReplicationCount,CM_Header,CM_TextBlob,CM_SearchableText) VALUES (
509,
268440329,
0,
'00e0db4978f32c48',
#07/06/2006#,
#07/06/2006#,
4,
0,
'0400000006140044000000000000000000200040002e4000102e4000101400c40000000000000000001000c0002e4000102e400010140280010000000000000000',

'00000000',

'        5 4 4 5 4 3 8 6 4 3 0 8 7 6 5   '
);

INSERT INTO identitytable (Parent_CMID,CM_FirstName,CM_LastName,CM_CompanyName,CM_Type,CM_Attributes,CM_HintField,CM_ExtHintField,CM_FirstNmPrn,CM_LastNmPrn,CM_CompanyNmPrn) VALUES (
509,
'Stisewet',
'Zay',
NULL,
268440329,
4,
84,
0,
NULL,
NULL,
NULL
);

INSERT INTO phone (CM_Id,CM_PhoneMatching,CM_ExtendedPhoneMatching) VALUES (
509,
5678034,
68345445
);

INSERT INTO contacts (CM_Id,CM_Type,CM_PrefTemplateRefId,CM_UIDString,CM_Last_modified,CM_ContactCreationDate,CM_Attributes,CM_ReplicationCount,CM_Header,CM_TextBlob,CM_SearchableText) VALUES (
510,
268440329,
0,
'00e0db4978f35358',
#07/06/2006#,
#07/06/2006#,
4,
0,
'0400000006140044000000000000000000200040002e4000102e4000101400c40000000000000000001000c0002e4000102e400010140280010000000000000000',

'00000000',

'        7 6 7 2 5 0 1 7 6 2 4 1 5 2 7   '
);

INSERT INTO identitytable (Parent_CMID,CM_FirstName,CM_LastName,CM_CompanyName,CM_Type,CM_Attributes,CM_HintField,CM_ExtHintField,CM_FirstNmPrn,CM_LastNmPrn,CM_CompanyNmPrn) VALUES (
510,
'Ratis',
'Tu',
NULL,
268440329,
4,
84,
0,
NULL,
NULL,
NULL
);

INSERT INTO phone (CM_Id,CM_PhoneMatching,CM_ExtendedPhoneMatching) VALUES (
510,
7251426,
71052767
);

INSERT INTO contacts (CM_Id,CM_Type,CM_PrefTemplateRefId,CM_UIDString,CM_Last_modified,CM_ContactCreationDate,CM_Attributes,CM_ReplicationCount,CM_Header,CM_TextBlob,CM_SearchableText) VALUES (
511,
268440329,
0,
'00e0db4978f37a68',
#07/06/2006#,
#07/06/2006#,
4,
0,
'0400000006140044000000000000000000200040002e4000102e4000101400c40000000000000000001000c0002e4000102e400010140280010000000000000000',

'00000000',

'        0 1 5 2 7 4 8 8 1 4 8 5 8 6 1   '
);

INSERT INTO identitytable (Parent_CMID,CM_FirstName,CM_LastName,CM_CompanyName,CM_Type,CM_Attributes,CM_HintField,CM_ExtHintField,CM_FirstNmPrn,CM_LastNmPrn,CM_CompanyNmPrn) VALUES (
511,
'Rong',
'Liks',
NULL,
268440329,
4,
84,
0,
NULL,
NULL,
NULL
);

INSERT INTO phone (CM_Id,CM_PhoneMatching,CM_ExtendedPhoneMatching) VALUES (
511,
1685841,
88472510
);


INSERT INTO contacts (CM_Id,CM_Type,CM_PrefTemplateRefId,CM_UIDString,CM_Last_modified,CM_ContactCreationDate,CM_Attributes,CM_ReplicationCount,CM_Header,CM_TextBlob,CM_SearchableText) VALUES (
512,
268440329,
0,
'00e0db4978f3dc10',
#07/06/2006#,
#07/06/2006#,
4,
0,
'0400000006140044000000000000000000200040002e4000102e4000101400c40000000000000000001000c0002e4000102e400010140280010000000000000000',

'00000000',

'        8 1 6 1 4 8 0 1 0 0 5 4 3 3 4   '
);

INSERT INTO identitytable (Parent_CMID,CM_FirstName,CM_LastName,CM_CompanyName,CM_Type,CM_Attributes,CM_HintField,CM_ExtHintField,CM_FirstNmPrn,CM_LastNmPrn,CM_CompanyNmPrn) VALUES (
512,
'Ronnshar',
'Winghi',
NULL,
268440329,
4,
84,
0,
NULL,
NULL,
NULL
);

INSERT INTO phone (CM_Id,CM_PhoneMatching,CM_ExtendedPhoneMatching) VALUES (
512,
4334500,
10841618
);

INSERT INTO contacts (CM_Id,CM_Type,CM_PrefTemplateRefId,CM_UIDString,CM_Last_modified,CM_ContactCreationDate,CM_Attributes,CM_ReplicationCount,CM_Header,CM_TextBlob,CM_SearchableText) VALUES (
513,
268440329,
0,
'00e0db4978f40320',
#07/06/2006#,
#07/06/2006#,
4,
0,
'0400000006140044000000000000000000200040002e4000102e4000101400c40000000000000000001000c0002e4000102e400010140280010000000000000000',

'00000000',

'        8 1 5 7 8 5 8 2 0 4 0 5 3 7 8   '
);

INSERT INTO identitytable (Parent_CMID,CM_FirstName,CM_LastName,CM_CompanyName,CM_Type,CM_Attributes,CM_HintField,CM_ExtHintField,CM_FirstNmPrn,CM_LastNmPrn,CM_CompanyNmPrn) VALUES (
513,
'Shoteridrevilik',
'Mamibbanar',
NULL,
268440329,
4,
84,
0,
NULL,
NULL,
NULL
);

INSERT INTO phone (CM_Id,CM_PhoneMatching,CM_ExtendedPhoneMatching) VALUES (
513,
8735040,
28587518
);

INSERT INTO contacts (CM_Id,CM_Type,CM_PrefTemplateRefId,CM_UIDString,CM_Last_modified,CM_ContactCreationDate,CM_Attributes,CM_ReplicationCount,CM_Header,CM_TextBlob,CM_SearchableText) VALUES (
514,
268440329,
0,
'00e0db4978f42a30',
#07/06/2006#,
#07/06/2006#,
4,
0,
'0400000006140044000000000000000000200040002e4000102e4000101400c40000000000000000001000c0002e4000102e400010140280010000000000000000',

'00000000',

'        5 1 3 8 8 1 8 6 6 3 5 4 1 3 1   '
);

INSERT INTO identitytable (Parent_CMID,CM_FirstName,CM_LastName,CM_CompanyName,CM_Type,CM_Attributes,CM_HintField,CM_ExtHintField,CM_FirstNmPrn,CM_LastNmPrn,CM_CompanyNmPrn) VALUES (
514,
'Ad',
'Gikelaco',
NULL,
268440329,
4,
84,
0,
NULL,
NULL,
NULL
);

INSERT INTO phone (CM_Id,CM_PhoneMatching,CM_ExtendedPhoneMatching) VALUES (
514,
1314536,
68188315
);

INSERT INTO contacts (CM_Id,CM_Type,CM_PrefTemplateRefId,CM_UIDString,CM_Last_modified,CM_ContactCreationDate,CM_Attributes,CM_ReplicationCount,CM_Header,CM_TextBlob,CM_SearchableText) VALUES (
515,
268440329,
0,
'00e0db4978f45140',
#07/06/2006#,
#07/06/2006#,
4,
0,
'0400000006140044000000000000000000200040002e4000102e4000101400c40000000000000000001000c0002e4000102e400010140280010000000000000000',

'00000000',

'        2 0 5 1 7 1 6 0 2 2 8 5 5 0 3   '
);

INSERT INTO identitytable (Parent_CMID,CM_FirstName,CM_LastName,CM_CompanyName,CM_Type,CM_Attributes,CM_HintField,CM_ExtHintField,CM_FirstNmPrn,CM_LastNmPrn,CM_CompanyNmPrn) VALUES (
515,
'An',
'Rotew',
NULL,
268440329,
4,
84,
0,
NULL,
NULL,
NULL
);

INSERT INTO phone (CM_Id,CM_PhoneMatching,CM_ExtendedPhoneMatching) VALUES (
515,
3055822,
6171502
);

INSERT INTO contacts (CM_Id,CM_Type,CM_PrefTemplateRefId,CM_UIDString,CM_Last_modified,CM_ContactCreationDate,CM_Attributes,CM_ReplicationCount,CM_Header,CM_TextBlob,CM_SearchableText) VALUES (
516,
268440329,
0,
'00e0db4978f46e8c',
#07/06/2006#,
#07/06/2006#,
4,
0,
'0400000006140044000000000000000000200040002e4000102e4000101400c40000000000000000001000c0002e4000102e400010140280010000000000000000',

'00000000',

'        1 7 8 2 8 5 6 8 1 4 7 7 5 8 7   '
);

INSERT INTO identitytable (Parent_CMID,CM_FirstName,CM_LastName,CM_CompanyName,CM_Type,CM_Attributes,CM_HintField,CM_ExtHintField,CM_FirstNmPrn,CM_LastNmPrn,CM_CompanyNmPrn) VALUES (
516,
'Krern-Inierete',
'Allillmite',
NULL,
268440329,
4,
84,
0,
NULL,
NULL,
NULL
);

INSERT INTO phone (CM_Id,CM_PhoneMatching,CM_ExtendedPhoneMatching) VALUES (
516,
7857741,
86582871
);

INSERT INTO contacts (CM_Id,CM_Type,CM_PrefTemplateRefId,CM_UIDString,CM_Last_modified,CM_ContactCreationDate,CM_Attributes,CM_ReplicationCount,CM_Header,CM_TextBlob,CM_SearchableText) VALUES (
517,
268440329,
0,
'00e0db4978f48214',
#07/06/2006#,
#07/06/2006#,
4,
0,
'0400000006140044000000000000000000200040002e4000102e4000101400c40000000000000000001000c0002e4000102e400010140280010000000000000000',

'00000000',

'        8 7 4 3 1 8 7 3 4 3 1 1 2 6 1   '
);

INSERT INTO identitytable (Parent_CMID,CM_FirstName,CM_LastName,CM_CompanyName,CM_Type,CM_Attributes,CM_HintField,CM_ExtHintField,CM_FirstNmPrn,CM_LastNmPrn,CM_CompanyNmPrn) VALUES (
517,
'Mavizaidob',
'Ha',
NULL,
268440329,
4,
84,
0,
NULL,
NULL,
NULL
);

INSERT INTO phone (CM_Id,CM_PhoneMatching,CM_ExtendedPhoneMatching) VALUES (
517,
1621134,
37813478
);

INSERT INTO contacts (CM_Id,CM_Type,CM_PrefTemplateRefId,CM_UIDString,CM_Last_modified,CM_ContactCreationDate,CM_Attributes,CM_ReplicationCount,CM_Header,CM_TextBlob,CM_SearchableText) VALUES (
518,
268440329,
0,
'00e0db4978f4ab95',
#07/06/2006#,
#07/06/2006#,
4,
0,
'0400000006140044000000000000000000200040002e4000102e4000101400c40000000000000000001000c0002e4000102e400010140280010000000000000000',

'00000000',

'        1 5 5 0 7 0 4 7 1 6 5 2 4 6 2   '
);

INSERT INTO identitytable (Parent_CMID,CM_FirstName,CM_LastName,CM_CompanyName,CM_Type,CM_Attributes,CM_HintField,CM_ExtHintField,CM_FirstNmPrn,CM_LastNmPrn,CM_CompanyNmPrn) VALUES (
518,
'Ba',
'La',
NULL,
268440329,
4,
84,
0,
NULL,
NULL,
NULL
);

INSERT INTO phone (CM_Id,CM_PhoneMatching,CM_ExtendedPhoneMatching) VALUES (
518,
2642561,
74070551
);

INSERT INTO contacts (CM_Id,CM_Type,CM_PrefTemplateRefId,CM_UIDString,CM_Last_modified,CM_ContactCreationDate,CM_Attributes,CM_ReplicationCount,CM_Header,CM_TextBlob,CM_SearchableText) VALUES (
519,
268440329,
0,
'00e0db4978f4d2a5',
#07/06/2006#,
#07/06/2006#,
4,
0,
'0400000006140044000000000000000000200040002e4000102e4000101400c40000000000000000001000c0002e4000102e400010140280010000000000000000',

'00000000',

'        0 0 3 0 6 0 7 1 1 5 8 8 6 7 3   '
);

INSERT INTO identitytable (Parent_CMID,CM_FirstName,CM_LastName,CM_CompanyName,CM_Type,CM_Attributes,CM_HintField,CM_ExtHintField,CM_FirstNmPrn,CM_LastNmPrn,CM_CompanyNmPrn) VALUES (
519,
'Jandy',
'Banninedlinag',
NULL,
268440329,
4,
84,
0,
NULL,
NULL,
NULL
);

INSERT INTO phone (CM_Id,CM_PhoneMatching,CM_ExtendedPhoneMatching) VALUES (
519,
3768851,
17060300
);

INSERT INTO contacts (CM_Id,CM_Type,CM_PrefTemplateRefId,CM_UIDString,CM_Last_modified,CM_ContactCreationDate,CM_Attributes,CM_ReplicationCount,CM_Header,CM_TextBlob,CM_SearchableText) VALUES (
520,
268440329,
0,
'00e0db4978f4f9b5',
#07/06/2006#,
#07/06/2006#,
4,
0,
'0400000006140044000000000000000000200040002e4000102e4000101400c40000000000000000001000c0002e4000102e400010140280010000000000000000',

'00000000',

'        4 0 1 7 8 0 4 7 2 4 2 3 2 2 2   '
);

INSERT INTO identitytable (Parent_CMID,CM_FirstName,CM_LastName,CM_CompanyName,CM_Type,CM_Attributes,CM_HintField,CM_ExtHintField,CM_FirstNmPrn,CM_LastNmPrn,CM_CompanyNmPrn) VALUES (
520,
'Niasietolf',
'Jonones',
NULL,
268440329,
4,
84,
0,
NULL,
NULL,
NULL
);

INSERT INTO phone (CM_Id,CM_PhoneMatching,CM_ExtendedPhoneMatching) VALUES (
520,
2223242,
74087104
);

INSERT INTO contacts (CM_Id,CM_Type,CM_PrefTemplateRefId,CM_UIDString,CM_Last_modified,CM_ContactCreationDate,CM_Attributes,CM_ReplicationCount,CM_Header,CM_TextBlob,CM_SearchableText) VALUES (
521,
268440329,
0,
'00e0db4978f50d3d',
#07/06/2006#,
#07/06/2006#,
4,
0,
'0400000006140044000000000000000000200040002e4000102e4000101400c40000000000000000001000c0002e4000102e400010140280010000000000000000',

'00000000',

'        4 2 8 7 7 2 7 0 2 3 4 8 3 3 4   '
);

INSERT INTO identitytable (Parent_CMID,CM_FirstName,CM_LastName,CM_CompanyName,CM_Type,CM_Attributes,CM_HintField,CM_ExtHintField,CM_FirstNmPrn,CM_LastNmPrn,CM_CompanyNmPrn) VALUES (
521,
'Lan',
'Rerows',
NULL,
268440329,
4,
84,
0,
NULL,
NULL,
NULL
);

INSERT INTO phone (CM_Id,CM_PhoneMatching,CM_ExtendedPhoneMatching) VALUES (
521,
4338432,
7277824
);

INSERT INTO contacts (CM_Id,CM_Type,CM_PrefTemplateRefId,CM_UIDString,CM_Last_modified,CM_ContactCreationDate,CM_Attributes,CM_ReplicationCount,CM_Header,CM_TextBlob,CM_SearchableText) VALUES (
522,
268440329,
0,
'00e0db4978f5344d',
#07/06/2006#,
#07/06/2006#,
4,
0,
'0400000006140044000000000000000000200040002e4000102e4000101400c40000000000000000001000c0002e4000102e400010140280010000000000000000',

'00000000',

'        3 7 3 0 8 1 7 4 7 1 4 1 1 8 5   '
);

INSERT INTO identitytable (Parent_CMID,CM_FirstName,CM_LastName,CM_CompanyName,CM_Type,CM_Attributes,CM_HintField,CM_ExtHintField,CM_FirstNmPrn,CM_LastNmPrn,CM_CompanyNmPrn) VALUES (
522,
'Gl',
'Mckwodweey',
NULL,
268440329,
4,
84,
0,
NULL,
NULL,
NULL
);

INSERT INTO phone (CM_Id,CM_PhoneMatching,CM_ExtendedPhoneMatching) VALUES (
522,
5811417,
47180373
);

INSERT INTO contacts (CM_Id,CM_Type,CM_PrefTemplateRefId,CM_UIDString,CM_Last_modified,CM_ContactCreationDate,CM_Attributes,CM_ReplicationCount,CM_Header,CM_TextBlob,CM_SearchableText) VALUES (
523,
268440329,
0,
'00e0db4978f55b5d',
#07/06/2006#,
#07/06/2006#,
4,
0,
'0400000006140044000000000000000000200040002e4000102e4000101400c40000000000000000001000c0002e4000102e400010140280010000000000000000',

'00000000',

'        6 7 8 6 1 2 1 1 4 5 3 0 2 3 1   '
);

INSERT INTO identitytable (Parent_CMID,CM_FirstName,CM_LastName,CM_CompanyName,CM_Type,CM_Attributes,CM_HintField,CM_ExtHintField,CM_FirstNmPrn,CM_LastNmPrn,CM_CompanyNmPrn) VALUES (
523,
'Sugopp',
'Trdlch',
NULL,
268440329,
4,
84,
0,
NULL,
NULL,
NULL
);

INSERT INTO phone (CM_Id,CM_PhoneMatching,CM_ExtendedPhoneMatching) VALUES (
523,
1320354,
11216876
);

INSERT INTO contacts (CM_Id,CM_Type,CM_PrefTemplateRefId,CM_UIDString,CM_Last_modified,CM_ContactCreationDate,CM_Attributes,CM_ReplicationCount,CM_Header,CM_TextBlob,CM_SearchableText) VALUES (
524,
268440329,
0,
'00e0db4978f5826d',
#07/06/2006#,
#07/06/2006#,
4,
0,
'0400000006140044000000000000000000200040002e4000102e4000101400c40000000000000000001000c0002e4000102e400010140280010000000000000000',

'00000000',

'        3 6 7 3 1 3 8 8 1 0 6 6 2 5 0   '
);

INSERT INTO identitytable (Parent_CMID,CM_FirstName,CM_LastName,CM_CompanyName,CM_Type,CM_Attributes,CM_HintField,CM_ExtHintField,CM_FirstNmPrn,CM_LastNmPrn,CM_CompanyNmPrn) VALUES (
524,
'Pay',
'Reroonsalpmstend',
NULL,
268440329,
4,
84,
0,
NULL,
NULL,
NULL
);

INSERT INTO phone (CM_Id,CM_PhoneMatching,CM_ExtendedPhoneMatching) VALUES (
524,
526601,
88313763
);

INSERT INTO contacts (CM_Id,CM_Type,CM_PrefTemplateRefId,CM_UIDString,CM_Last_modified,CM_ContactCreationDate,CM_Attributes,CM_ReplicationCount,CM_Header,CM_TextBlob,CM_SearchableText) VALUES (
525,
268440329,
0,
'00e0db4978f595f5',
#07/06/2006#,
#07/06/2006#,
4,
0,
'0400000006140044000000000000000000200040002e4000102e4000101400c40000000000000000001000c0002e4000102e400010140280010000000000000000',

'00000000',

'        0 5 4 6 2 3 1 3 0 8 0 8 2 0 0   '
);

INSERT INTO identitytable (Parent_CMID,CM_FirstName,CM_LastName,CM_CompanyName,CM_Type,CM_Attributes,CM_HintField,CM_ExtHintField,CM_FirstNmPrn,CM_LastNmPrn,CM_CompanyNmPrn) VALUES (
525,
'Tos',
'Brdesoradwev',
NULL,
268440329,
4,
84,
0,
NULL,
NULL,
NULL
);

INSERT INTO phone (CM_Id,CM_PhoneMatching,CM_ExtendedPhoneMatching) VALUES (
525,
28080,
31326450
);

INSERT INTO contacts (CM_Id,CM_Type,CM_PrefTemplateRefId,CM_UIDString,CM_Last_modified,CM_ContactCreationDate,CM_Attributes,CM_ReplicationCount,CM_Header,CM_TextBlob,CM_SearchableText) VALUES (
526,
268440329,
0,
'00e0db4978f5bd05',
#07/06/2006#,
#07/06/2006#,
4,
0,
'0400000006140044000000000000000000200040002e4000102e4000101400c40000000000000000001000c0002e4000102e400010140280010000000000000000',

'00000000',

'        3 8 5 7 5 6 1 3 3 6 1 6 0 0 3   '
);

INSERT INTO identitytable (Parent_CMID,CM_FirstName,CM_LastName,CM_CompanyName,CM_Type,CM_Attributes,CM_HintField,CM_ExtHintField,CM_FirstNmPrn,CM_LastNmPrn,CM_CompanyNmPrn) VALUES (
526,
'Ry',
'Hoproberkmetadgheratearensoluetevisondassodrns',
NULL,
268440329,
4,
84,
0,
NULL,
NULL,
NULL
);

INSERT INTO phone (CM_Id,CM_PhoneMatching,CM_ExtendedPhoneMatching) VALUES (
526,
3006163,
31657583
);

INSERT INTO contacts (CM_Id,CM_Type,CM_PrefTemplateRefId,CM_UIDString,CM_Last_modified,CM_ContactCreationDate,CM_Attributes,CM_ReplicationCount,CM_Header,CM_TextBlob,CM_SearchableText) VALUES (
527,
268440329,
0,
'00e0db4978f60b25',
#07/06/2006#,
#07/06/2006#,
4,
0,
'0400000006140044000000000000000000200040002e4000102e4000101400c40000000000000000001000c0002e4000102e400010140280010000000000000000',

'00000000',

'        4 0 6 7 8 2 8 6 7 6 7 8 8 0 1   '
);

INSERT INTO identitytable (Parent_CMID,CM_FirstName,CM_LastName,CM_CompanyName,CM_Type,CM_Attributes,CM_HintField,CM_ExtHintField,CM_FirstNmPrn,CM_LastNmPrn,CM_CompanyNmPrn) VALUES (
527,
'Seleicy',
'Wiod',
NULL,
268440329,
4,
84,
0,
NULL,
NULL,
NULL
);

INSERT INTO phone (CM_Id,CM_PhoneMatching,CM_ExtendedPhoneMatching) VALUES (
527,
1088767,
68287604
);

INSERT INTO contacts (CM_Id,CM_Type,CM_PrefTemplateRefId,CM_UIDString,CM_Last_modified,CM_ContactCreationDate,CM_Attributes,CM_ReplicationCount,CM_Header,CM_TextBlob,CM_SearchableText) VALUES (
528,
268440329,
0,
'00e0db4978f645bd',
#07/06/2006#,
#07/06/2006#,
4,
0,
'0400000006140044000000000000000000200040002e4000102e4000101400c40000000000000000001000c0002e4000102e400010140280010000000000000000',

'00000000',

'        3 8 0 0 8 3 4 6 5 0 1 6 2 7 0   '
);

INSERT INTO identitytable (Parent_CMID,CM_FirstName,CM_LastName,CM_CompanyName,CM_Type,CM_Attributes,CM_HintField,CM_ExtHintField,CM_FirstNmPrn,CM_LastNmPrn,CM_CompanyNmPrn) VALUES (
528,
'Mak',
'Sanerlkeannicinonnaroth',
NULL,
268440329,
4,
84,
0,
NULL,
NULL,
NULL
);

INSERT INTO phone (CM_Id,CM_PhoneMatching,CM_ExtendedPhoneMatching) VALUES (
528,
726105,
64380083
);

INSERT INTO contacts (CM_Id,CM_Type,CM_PrefTemplateRefId,CM_UIDString,CM_Last_modified,CM_ContactCreationDate,CM_Attributes,CM_ReplicationCount,CM_Header,CM_TextBlob,CM_SearchableText) VALUES (
529,
268440329,
0,
'00e0db4978f65945',
#07/06/2006#,
#07/06/2006#,
4,
0,
'0400000006140044000000000000000000200040002e4000102e4000101400c40000000000000000001000c0002e4000102e400010140280010000000000000000',

'00000000',

'        5 5 0 5 6 1 1 4 8 4 0 8 8 4 0   '
);

INSERT INTO identitytable (Parent_CMID,CM_FirstName,CM_LastName,CM_CompanyName,CM_Type,CM_Attributes,CM_HintField,CM_ExtHintField,CM_FirstNmPrn,CM_LastNmPrn,CM_CompanyNmPrn) VALUES (
529,
'Ker',
'Tu',
NULL,
268440329,
4,
84,
0,
NULL,
NULL,
NULL
);

INSERT INTO phone (CM_Id,CM_PhoneMatching,CM_ExtendedPhoneMatching) VALUES (
529,
488048,
41165055
);

INSERT INTO contacts (CM_Id,CM_Type,CM_PrefTemplateRefId,CM_UIDString,CM_Last_modified,CM_ContactCreationDate,CM_Attributes,CM_ReplicationCount,CM_Header,CM_TextBlob,CM_SearchableText) VALUES (
530,
268440329,
0,
'00e0db4978f68055',
#07/06/2006#,
#07/06/2006#,
4,
0,
'0400000006140044000000000000000000200040002e4000102e4000101400c40000000000000000001000c0002e4000102e400010140280010000000000000000',

'00000000',

'        7 1 4 7 1 5 1 8 3 5 7 5 6 8 1   '
);

INSERT INTO identitytable (Parent_CMID,CM_FirstName,CM_LastName,CM_CompanyName,CM_Type,CM_Attributes,CM_HintField,CM_ExtHintField,CM_FirstNmPrn,CM_LastNmPrn,CM_CompanyNmPrn) VALUES (
530,
'Glan',
'Arik',
NULL,
268440329,
4,
84,
0,
NULL,
NULL,
NULL
);

INSERT INTO phone (CM_Id,CM_PhoneMatching,CM_ExtendedPhoneMatching) VALUES (
530,
1865753,
81517417
);

INSERT INTO contacts (CM_Id,CM_Type,CM_PrefTemplateRefId,CM_UIDString,CM_Last_modified,CM_ContactCreationDate,CM_Attributes,CM_ReplicationCount,CM_Header,CM_TextBlob,CM_SearchableText) VALUES (
531,
268440329,
0,
'00e0db4978f6a765',
#07/06/2006#,
#07/06/2006#,
4,
0,
'0400000006140044000000000000000000200040002e4000102e4000101400c40000000000000000001000c0002e4000102e400010140280010000000000000000',

'00000000',

'        2 8 8 7 5 7 7 7 1 4 0 2 7 6 5   '
);

INSERT INTO identitytable (Parent_CMID,CM_FirstName,CM_LastName,CM_CompanyName,CM_Type,CM_Attributes,CM_HintField,CM_ExtHintField,CM_FirstNmPrn,CM_LastNmPrn,CM_CompanyNmPrn) VALUES (
531,
'Ges',
'Fennenure',
NULL,
268440329,
4,
84,
0,
NULL,
NULL,
NULL
);

INSERT INTO phone (CM_Id,CM_PhoneMatching,CM_ExtendedPhoneMatching) VALUES (
531,
5672041,
77757882
);

INSERT INTO contacts (CM_Id,CM_Type,CM_PrefTemplateRefId,CM_UIDString,CM_Last_modified,CM_ContactCreationDate,CM_Attributes,CM_ReplicationCount,CM_Header,CM_TextBlob,CM_SearchableText) VALUES (
532,
268440329,
0,
'00e0db4978f6ce75',
#07/06/2006#,
#07/06/2006#,
4,
0,
'0400000006140044000000000000000000200040002e4000102e4000101400c40000000000000000001000c0002e4000102e400010140280010000000000000000',

'00000000',

'        3 0 2 1 4 3 4 8 6 8 8 3 7 2 8   '
);

INSERT INTO identitytable (Parent_CMID,CM_FirstName,CM_LastName,CM_CompanyName,CM_Type,CM_Attributes,CM_HintField,CM_ExtHintField,CM_FirstNmPrn,CM_LastNmPrn,CM_CompanyNmPrn) VALUES (
532,
'Tie',
'Tatt',
NULL,
268440329,
4,
84,
0,
NULL,
NULL,
NULL
);

INSERT INTO phone (CM_Id,CM_PhoneMatching,CM_ExtendedPhoneMatching) VALUES (
532,
8273886,
84341203
);

INSERT INTO contacts (CM_Id,CM_Type,CM_PrefTemplateRefId,CM_UIDString,CM_Last_modified,CM_ContactCreationDate,CM_Attributes,CM_ReplicationCount,CM_Header,CM_TextBlob,CM_SearchableText) VALUES (
533,
268440329,
0,
'00e0db4978f6e1fd',
#07/06/2006#,
#07/06/2006#,
4,
0,
'0400000006140044000000000000000000200040002e4000102e4000101400c40000000000000000001000c0002e4000102e400010140280010000000000000000',

'00000000',

'        3 1 6 5 0 1 7 3 5 8 6 5 0 5 3   '
);

INSERT INTO identitytable (Parent_CMID,CM_FirstName,CM_LastName,CM_CompanyName,CM_Type,CM_Attributes,CM_HintField,CM_ExtHintField,CM_FirstNmPrn,CM_LastNmPrn,CM_CompanyNmPrn) VALUES (
533,
'Gon',
'Dholinawa',
NULL,
268440329,
4,
84,
0,
NULL,
NULL,
NULL
);

INSERT INTO phone (CM_Id,CM_PhoneMatching,CM_ExtendedPhoneMatching) VALUES (
533,
3505685,
37105613
);

INSERT INTO contacts (CM_Id,CM_Type,CM_PrefTemplateRefId,CM_UIDString,CM_Last_modified,CM_ContactCreationDate,CM_Attributes,CM_ReplicationCount,CM_Header,CM_TextBlob,CM_SearchableText) VALUES (
534,
268440329,
0,
'00e0db4978f7090d',
#07/06/2006#,
#07/06/2006#,
4,
0,
'0400000006140044000000000000000000200040002e4000102e4000101400c40000000000000000001000c0002e4000102e400010140280010000000000000000',

'00000000',

'        2 3 8 0 4 8 3 1 8 8 7 2 5 8 7   '
);

INSERT INTO identitytable (Parent_CMID,CM_FirstName,CM_LastName,CM_CompanyName,CM_Type,CM_Attributes,CM_HintField,CM_ExtHintField,CM_FirstNmPrn,CM_LastNmPrn,CM_CompanyNmPrn) VALUES (
534,
'SamilatMicon',
'Grugtshatnamanutrows',
NULL,
268440329,
4,
84,
0,
NULL,
NULL,
NULL
);

INSERT INTO phone (CM_Id,CM_PhoneMatching,CM_ExtendedPhoneMatching) VALUES (
534,
7852788,
13840832
);

INSERT INTO contacts (CM_Id,CM_Type,CM_PrefTemplateRefId,CM_UIDString,CM_Last_modified,CM_ContactCreationDate,CM_Attributes,CM_ReplicationCount,CM_Header,CM_TextBlob,CM_SearchableText) VALUES (
535,
268440329,
0,
'00e0db4978f7301d',
#07/06/2006#,
#07/06/2006#,
4,
0,
'0400000006140044000000000000000000200040002e4000102e4000101400c40000000000000000001000c0002e4000102e400010140280010000000000000000',

'00000000',

'        2 1 1 0 6 4 2 1 4 8 5 0 8 5 2   '
);

INSERT INTO identitytable (Parent_CMID,CM_FirstName,CM_LastName,CM_CompanyName,CM_Type,CM_Attributes,CM_HintField,CM_ExtHintField,CM_FirstNmPrn,CM_LastNmPrn,CM_CompanyNmPrn) VALUES (
535,
'Sthnill',
'Huere',
NULL,
268440329,
4,
84,
0,
NULL,
NULL,
NULL
);

INSERT INTO phone (CM_Id,CM_PhoneMatching,CM_ExtendedPhoneMatching) VALUES (
535,
2580584,
12460112
);

INSERT INTO contacts (CM_Id,CM_Type,CM_PrefTemplateRefId,CM_UIDString,CM_Last_modified,CM_ContactCreationDate,CM_Attributes,CM_ReplicationCount,CM_Header,CM_TextBlob,CM_SearchableText) VALUES (
536,
268440329,
0,
'00e0db4978f7572d',
#07/06/2006#,
#07/06/2006#,
4,
0,
'0400000006140044000000000000000000200040002e4000102e4000101400c40000000000000000001000c0002e4000102e400010140280010000000000000000',

'00000000',

'        6 6 0 5 5 1 2 8 5 0 5 0 7 7 7   '
);

INSERT INTO identitytable (Parent_CMID,CM_FirstName,CM_LastName,CM_CompanyName,CM_Type,CM_Attributes,CM_HintField,CM_ExtHintField,CM_FirstNmPrn,CM_LastNmPrn,CM_CompanyNmPrn) VALUES (
536,
'Sud',
'Gini',
NULL,
268440329,
4,
84,
0,
NULL,
NULL,
NULL
);

INSERT INTO phone (CM_Id,CM_PhoneMatching,CM_ExtendedPhoneMatching) VALUES (
536,
7770505,
82155066
);

INSERT INTO contacts (CM_Id,CM_Type,CM_PrefTemplateRefId,CM_UIDString,CM_Last_modified,CM_ContactCreationDate,CM_Attributes,CM_ReplicationCount,CM_Header,CM_TextBlob,CM_SearchableText) VALUES (
537,
268440329,
0,
'00e0db4978f77e3d',
#07/06/2006#,
#07/06/2006#,
4,
0,
'0400000006140044000000000000000000200040002e4000102e4000101400c40000000000000000001000c0002e4000102e400010140280010000000000000000',

'00000000',

'        1 7 5 4 0 8 4 2 6 5 0 7 5 6 4   '
);

INSERT INTO identitytable (Parent_CMID,CM_FirstName,CM_LastName,CM_CompanyName,CM_Type,CM_Attributes,CM_HintField,CM_ExtHintField,CM_FirstNmPrn,CM_LastNmPrn,CM_CompanyNmPrn) VALUES (
537,
'Gly',
'Li',
NULL,
268440329,
4,
84,
0,
NULL,
NULL,
NULL
);

INSERT INTO phone (CM_Id,CM_PhoneMatching,CM_ExtendedPhoneMatching) VALUES (
537,
4657056,
24804571
);

INSERT INTO contacts (CM_Id,CM_Type,CM_PrefTemplateRefId,CM_UIDString,CM_Last_modified,CM_ContactCreationDate,CM_Attributes,CM_ReplicationCount,CM_Header,CM_TextBlob,CM_SearchableText) VALUES (
538,
268440329,
0,
'00e0db4978f7a54d',
#07/06/2006#,
#07/06/2006#,
4,
0,
'0400000006140044000000000000000000200040002e4000102e4000101400c40000000000000000001000c0002e4000102e400010140280010000000000000000',

'00000000',

'        2 0 4 8 6 1 8 7 2 4 8 0 7 0 2   '
);

INSERT INTO identitytable (Parent_CMID,CM_FirstName,CM_LastName,CM_CompanyName,CM_Type,CM_Attributes,CM_HintField,CM_ExtHintField,CM_FirstNmPrn,CM_LastNmPrn,CM_CompanyNmPrn) VALUES (
538,
'Gera',
'Tundbeergtol',
NULL,
268440329,
4,
84,
0,
NULL,
NULL,
NULL
);

INSERT INTO phone (CM_Id,CM_PhoneMatching,CM_ExtendedPhoneMatching) VALUES (
538,
2070842,
78168402
);

INSERT INTO contacts (CM_Id,CM_Type,CM_PrefTemplateRefId,CM_UIDString,CM_Last_modified,CM_ContactCreationDate,CM_Attributes,CM_ReplicationCount,CM_Header,CM_TextBlob,CM_SearchableText) VALUES (
539,
268440329,
0,
'00e0db4978f7b8d5',
#07/06/2006#,
#07/06/2006#,
4,
0,
'0400000006140044000000000000000000200040002e4000102e4000101400c40000000000000000001000c0002e4000102e400010140280010000000000000000',

'00000000',

'        0 7 5 1 7 5 1 1 4 3 4 0 4 4 6   '
);

INSERT INTO identitytable (Parent_CMID,CM_FirstName,CM_LastName,CM_CompanyName,CM_Type,CM_Attributes,CM_HintField,CM_ExtHintField,CM_FirstNmPrn,CM_LastNmPrn,CM_CompanyNmPrn) VALUES (
539,
'Dr',
'Ed',
NULL,
268440329,
4,
84,
0,
NULL,
NULL,
NULL
);

INSERT INTO phone (CM_Id,CM_PhoneMatching,CM_ExtendedPhoneMatching) VALUES (
539,
6440434,
11571570
);

INSERT INTO contacts (CM_Id,CM_Type,CM_PrefTemplateRefId,CM_UIDString,CM_Last_modified,CM_ContactCreationDate,CM_Attributes,CM_ReplicationCount,CM_Header,CM_TextBlob,CM_SearchableText) VALUES (
540,
268440329,
0,
'00e0db4978f7dfe5',
#07/06/2006#,
#07/06/2006#,
4,
0,
'0400000006140044000000000000000000200040002e4000102e4000101400c40000000000000000001000c0002e4000102e400010140280010000000000000000',

'00000000',

'        6 7 7 8 7 2 7 2 1 0 0 1 7 0 2   '
);

INSERT INTO identitytable (Parent_CMID,CM_FirstName,CM_LastName,CM_CompanyName,CM_Type,CM_Attributes,CM_HintField,CM_ExtHintField,CM_FirstNmPrn,CM_LastNmPrn,CM_CompanyNmPrn) VALUES (
540,
'An',
'Svayobilpar',
NULL,
268440329,
4,
84,
0,
NULL,
NULL,
NULL
);

INSERT INTO phone (CM_Id,CM_PhoneMatching,CM_ExtendedPhoneMatching) VALUES (
540,
2071001,
27278776
);

INSERT INTO contacts (CM_Id,CM_Type,CM_PrefTemplateRefId,CM_UIDString,CM_Last_modified,CM_ContactCreationDate,CM_Attributes,CM_ReplicationCount,CM_Header,CM_TextBlob,CM_SearchableText) VALUES (
541,
268440329,
0,
'00e0db4978f806f5',
#07/06/2006#,
#07/06/2006#,
4,
0,
'0400000006140044000000000000000000200040002e4000102e4000101400c40000000000000000001000c0002e4000102e400010140280010000000000000000',

'00000000',

'        5 2 8 2 2 2 3 2 1 0 6 6 1 4 4   '
);

INSERT INTO identitytable (Parent_CMID,CM_FirstName,CM_LastName,CM_CompanyName,CM_Type,CM_Attributes,CM_HintField,CM_ExtHintField,CM_FirstNmPrn,CM_LastNmPrn,CM_CompanyNmPrn) VALUES (
541,
'Tin-Iameeericharie',
'Hellli',
NULL,
268440329,
4,
84,
0,
NULL,
NULL,
NULL
);

INSERT INTO phone (CM_Id,CM_PhoneMatching,CM_ExtendedPhoneMatching) VALUES (
541,
4416601,
23222825
);

INSERT INTO contacts (CM_Id,CM_Type,CM_PrefTemplateRefId,CM_UIDString,CM_Last_modified,CM_ContactCreationDate,CM_Attributes,CM_ReplicationCount,CM_Header,CM_TextBlob,CM_SearchableText) VALUES (
542,
268440329,
0,
'00e0db4978f85515',
#07/06/2006#,
#07/06/2006#,
4,
0,
'0400000006140044000000000000000000200040002e4000102e4000101400c40000000000000000001000c0002e4000102e400010140280010000000000000000',

'00000000',

'        4 6 2 6 7 7 4 3 8 2 8 2 0 6 2   '
);

INSERT INTO identitytable (Parent_CMID,CM_FirstName,CM_LastName,CM_CompanyName,CM_Type,CM_Attributes,CM_HintField,CM_ExtHintField,CM_FirstNmPrn,CM_LastNmPrn,CM_CompanyNmPrn) VALUES (
542,
'Ludish',
'Rebba',
NULL,
268440329,
4,
84,
0,
NULL,
NULL,
NULL
);

INSERT INTO phone (CM_Id,CM_PhoneMatching,CM_ExtendedPhoneMatching) VALUES (
542,
2602828,
34776264
);

INSERT INTO contacts (CM_Id,CM_Type,CM_PrefTemplateRefId,CM_UIDString,CM_Last_modified,CM_ContactCreationDate,CM_Attributes,CM_ReplicationCount,CM_Header,CM_TextBlob,CM_SearchableText) VALUES (
543,
268440329,
0,
'00e0db4978f88fad',
#07/06/2006#,
#07/06/2006#,
4,
0,
'0400000006140044000000000000000000200040002e4000102e4000101400c40000000000000000001000c0002e4000102e400010140280010000000000000000',

'00000000',

'        5 4 6 6 3 8 8 6 2 2 4 1 6 0 8   '
);

INSERT INTO identitytable (Parent_CMID,CM_FirstName,CM_LastName,CM_CompanyName,CM_Type,CM_Attributes,CM_HintField,CM_ExtHintField,CM_FirstNmPrn,CM_LastNmPrn,CM_CompanyNmPrn) VALUES (
543,
'Al',
'Donnd',
NULL,
268440329,
4,
84,
0,
NULL,
NULL,
NULL
);

INSERT INTO phone (CM_Id,CM_PhoneMatching,CM_ExtendedPhoneMatching) VALUES (
543,
8061422,
68836645
);

INSERT INTO contacts (CM_Id,CM_Type,CM_PrefTemplateRefId,CM_UIDString,CM_Last_modified,CM_ContactCreationDate,CM_Attributes,CM_ReplicationCount,CM_Header,CM_TextBlob,CM_SearchableText) VALUES (
544,
268440329,
0,
'00e0db4978f8b6bd',
#07/06/2006#,
#07/06/2006#,
4,
0,
'0400000006140044000000000000000000200040002e4000102e4000101400c40000000000000000001000c0002e4000102e400010140280010000000000000000',

'00000000',

'        6 0 1 2 3 8 2 1 6 1 7 0 4 0 2   '
);

INSERT INTO identitytable (Parent_CMID,CM_FirstName,CM_LastName,CM_CompanyName,CM_Type,CM_Attributes,CM_HintField,CM_ExtHintField,CM_FirstNmPrn,CM_LastNmPrn,CM_CompanyNmPrn) VALUES (
544,
'Pancy',
'Zanss',
NULL,
268440329,
4,
84,
0,
NULL,
NULL,
NULL
);

INSERT INTO phone (CM_Id,CM_PhoneMatching,CM_ExtendedPhoneMatching) VALUES (
544,
2040716,
12832106
);

INSERT INTO contacts (CM_Id,CM_Type,CM_PrefTemplateRefId,CM_UIDString,CM_Last_modified,CM_ContactCreationDate,CM_Attributes,CM_ReplicationCount,CM_Header,CM_TextBlob,CM_SearchableText) VALUES (
545,
268440329,
0,
'00e0db4978f8ca45',
#07/06/2006#,
#07/06/2006#,
4,
0,
'0400000006140044000000000000000000200040002e4000102e4000101400c40000000000000000001000c0002e4000102e400010140280010000000000000000',

'00000000',

'        6 8 7 3 0 6 2 1 6 4 1 2 8 0 1   '
);

INSERT INTO identitytable (Parent_CMID,CM_FirstName,CM_LastName,CM_CompanyName,CM_Type,CM_Attributes,CM_HintField,CM_ExtHintField,CM_FirstNmPrn,CM_LastNmPrn,CM_CompanyNmPrn) VALUES (
545,
'Mana',
'Tr',
NULL,
268440329,
4,
84,
0,
NULL,
NULL,
NULL
);

INSERT INTO phone (CM_Id,CM_PhoneMatching,CM_ExtendedPhoneMatching) VALUES (
545,
1082146,
12603786
);

INSERT INTO contacts (CM_Id,CM_Type,CM_PrefTemplateRefId,CM_UIDString,CM_Last_modified,CM_ContactCreationDate,CM_Attributes,CM_ReplicationCount,CM_Header,CM_TextBlob,CM_SearchableText) VALUES (
546,
268440329,
0,
'00e0db4978f8f155',
#07/06/2006#,
#07/06/2006#,
4,
0,
'0400000006140044000000000000000000200040002e4000102e4000101400c40000000000000000001000c0002e4000102e400010140280010000000000000000',

'00000000',

'        5 1 3 0 5 3 8 6 7 2 4 5 6 0 1   '
);

INSERT INTO identitytable (Parent_CMID,CM_FirstName,CM_LastName,CM_CompanyName,CM_Type,CM_Attributes,CM_HintField,CM_ExtHintField,CM_FirstNmPrn,CM_LastNmPrn,CM_CompanyNmPrn) VALUES (
546,
'An',
'Line',
NULL,
268440329,
4,
84,
0,
NULL,
NULL,
NULL
);

INSERT INTO phone (CM_Id,CM_PhoneMatching,CM_ExtendedPhoneMatching) VALUES (
546,
1065427,
68350315
);

INSERT INTO contacts (CM_Id,CM_Type,CM_PrefTemplateRefId,CM_UIDString,CM_Last_modified,CM_ContactCreationDate,CM_Attributes,CM_ReplicationCount,CM_Header,CM_TextBlob,CM_SearchableText) VALUES (
547,
268440329,
0,
'00e0db4978f91865',
#07/06/2006#,
#07/06/2006#,
4,
0,
'0400000006140044000000000000000000200040002e4000102e4000101400c40000000000000000001000c0002e4000102e400010140280010000000000000000',

'00000000',

'        1 6 3 3 6 8 0 7 0 5 6 2 5 2 0   '
);

INSERT INTO identitytable (Parent_CMID,CM_FirstName,CM_LastName,CM_CompanyName,CM_Type,CM_Attributes,CM_HintField,CM_ExtHintField,CM_FirstNmPrn,CM_LastNmPrn,CM_CompanyNmPrn) VALUES (
547,
'Teley',
'Lery',
NULL,
268440329,
4,
84,
0,
NULL,
NULL,
NULL
);

INSERT INTO phone (CM_Id,CM_PhoneMatching,CM_ExtendedPhoneMatching) VALUES (
547,
252650,
70863361
);

INSERT INTO contacts (CM_Id,CM_Type,CM_PrefTemplateRefId,CM_UIDString,CM_Last_modified,CM_ContactCreationDate,CM_Attributes,CM_ReplicationCount,CM_Header,CM_TextBlob,CM_SearchableText) VALUES (
548,
268440329,
0,
'00e0db4978f92bed',
#07/06/2006#,
#07/06/2006#,
4,
0,
'0400000006140044000000000000000000200040002e4000102e4000101400c40000000000000000001000c0002e4000102e400010140280010000000000000000',

'00000000',

'        6 0 3 5 4 7 5 1 8 7 2 6 3 3 2   '
);

INSERT INTO identitytable (Parent_CMID,CM_FirstName,CM_LastName,CM_CompanyName,CM_Type,CM_Attributes,CM_HintField,CM_ExtHintField,CM_FirstNmPrn,CM_LastNmPrn,CM_CompanyNmPrn) VALUES (
548,
'Mid',
'Rac',
NULL,
268440329,
4,
84,
0,
NULL,
NULL,
NULL
);

INSERT INTO phone (CM_Id,CM_PhoneMatching,CM_ExtendedPhoneMatching) VALUES (
548,
2336278,
15745306
);

INSERT INTO contacts (CM_Id,CM_Type,CM_PrefTemplateRefId,CM_UIDString,CM_Last_modified,CM_ContactCreationDate,CM_Attributes,CM_ReplicationCount,CM_Header,CM_TextBlob,CM_SearchableText) VALUES (
549,
268440329,
0,
'00e0db4978f952fd',
#07/06/2006#,
#07/06/2006#,
4,
0,
'0400000006140044000000000000000000200040002e4000102e4000101400c40000000000000000001000c0002e4000102e400010140280010000000000000000',

'00000000',

'        3 5 7 0 2 8 8 1 2 2 3 4 6 1 0   '
);

INSERT INTO identitytable (Parent_CMID,CM_FirstName,CM_LastName,CM_CompanyName,CM_Type,CM_Attributes,CM_HintField,CM_ExtHintField,CM_FirstNmPrn,CM_LastNmPrn,CM_CompanyNmPrn) VALUES (
549,
'Miss',
'Us',
NULL,
268440329,
4,
84,
0,
NULL,
NULL,
NULL
);

INSERT INTO phone (CM_Id,CM_PhoneMatching,CM_ExtendedPhoneMatching) VALUES (
549,
164322,
18820753
);

INSERT INTO contacts (CM_Id,CM_Type,CM_PrefTemplateRefId,CM_UIDString,CM_Last_modified,CM_ContactCreationDate,CM_Attributes,CM_ReplicationCount,CM_Header,CM_TextBlob,CM_SearchableText) VALUES (
550,
268440329,
0,
'00e0db4978f97a0d',
#07/06/2006#,
#07/06/2006#,
4,
0,
'0400000006140044000000000000000000200040002e4000102e4000101400c40000000000000000001000c0002e4000102e400010140280010000000000000000',

'00000000',

'        4 5 7 2 4 6 1 6 3 0 7 1 5 5 4   '
);

INSERT INTO identitytable (Parent_CMID,CM_FirstName,CM_LastName,CM_CompanyName,CM_Type,CM_Attributes,CM_HintField,CM_ExtHintField,CM_FirstNmPrn,CM_LastNmPrn,CM_CompanyNmPrn) VALUES (
550,
'Jand',
'Wheborurrve',
NULL,
268440329,
4,
84,
0,
NULL,
NULL,
NULL
);

INSERT INTO phone (CM_Id,CM_PhoneMatching,CM_ExtendedPhoneMatching) VALUES (
550,
4551703,
61642754
);

INSERT INTO contacts (CM_Id,CM_Type,CM_PrefTemplateRefId,CM_UIDString,CM_Last_modified,CM_ContactCreationDate,CM_Attributes,CM_ReplicationCount,CM_Header,CM_TextBlob,CM_SearchableText) VALUES (
551,
268440329,
0,
'00e0db4978f9a11d',
#07/06/2006#,
#07/06/2006#,
4,
0,
'0400000006140044000000000000000000200040002e4000102e4000101400c40000000000000000001000c0002e4000102e400010140280010000000000000000',

'00000000',

'        2 7 0 1 2 2 2 3 4 3 8 0 5 5 8   '
);

INSERT INTO identitytable (Parent_CMID,CM_FirstName,CM_LastName,CM_CompanyName,CM_Type,CM_Attributes,CM_HintField,CM_ExtHintField,CM_FirstNmPrn,CM_LastNmPrn,CM_CompanyNmPrn) VALUES (
551,
'Mid',
'Reperalsou',
NULL,
268440329,
4,
84,
0,
NULL,
NULL,
NULL
);

INSERT INTO phone (CM_Id,CM_PhoneMatching,CM_ExtendedPhoneMatching) VALUES (
551,
8550834,
32221072
);

INSERT INTO contacts (CM_Id,CM_Type,CM_PrefTemplateRefId,CM_UIDString,CM_Last_modified,CM_ContactCreationDate,CM_Attributes,CM_ReplicationCount,CM_Header,CM_TextBlob,CM_SearchableText) VALUES (
552,
268440329,
0,
'00e0db4978f9b4a5',
#07/06/2006#,
#07/06/2006#,
4,
0,
'0400000006140044000000000000000000200040002e4000102e4000101400c40000000000000000001000c0002e4000102e400010140280010000000000000000',

'00000000',

'        3 3 2 7 7 6 8 0 2 2 0 7 3 5 2   '
);

INSERT INTO identitytable (Parent_CMID,CM_FirstName,CM_LastName,CM_CompanyName,CM_Type,CM_Attributes,CM_HintField,CM_ExtHintField,CM_FirstNmPrn,CM_LastNmPrn,CM_CompanyNmPrn) VALUES (
552,
'Jo',
'Kuyke',
NULL,
268440329,
4,
84,
0,
NULL,
NULL,
NULL
);

INSERT INTO phone (CM_Id,CM_PhoneMatching,CM_ExtendedPhoneMatching) VALUES (
552,
2537022,
8677233
);

INSERT INTO contacts (CM_Id,CM_Type,CM_PrefTemplateRefId,CM_UIDString,CM_Last_modified,CM_ContactCreationDate,CM_Attributes,CM_ReplicationCount,CM_Header,CM_TextBlob,CM_SearchableText) VALUES (
553,
268440329,
0,
'00e0db4978f9ef3d',
#07/06/2006#,
#07/06/2006#,
4,
0,
'0400000006140044000000000000000000200040002e4000102e4000101400c40000000000000000001000c0002e4000102e400010140280010000000000000000',

'00000000',

'        5 4 4 0 0 2 5 0 0 8 0 2 4 2 0   '
);

INSERT INTO identitytable (Parent_CMID,CM_FirstName,CM_LastName,CM_CompanyName,CM_Type,CM_Attributes,CM_HintField,CM_ExtHintField,CM_FirstNmPrn,CM_LastNmPrn,CM_CompanyNmPrn) VALUES (
553,
'Chathakaviston',
'Bullu',
NULL,
268440329,
4,
84,
0,
NULL,
NULL,
NULL
);

INSERT INTO phone (CM_Id,CM_PhoneMatching,CM_ExtendedPhoneMatching) VALUES (
553,
242080,
5200445
);

INSERT INTO contacts (CM_Id,CM_Type,CM_PrefTemplateRefId,CM_UIDString,CM_Last_modified,CM_ContactCreationDate,CM_Attributes,CM_ReplicationCount,CM_Header,CM_TextBlob,CM_SearchableText) VALUES (
554,
268440329,
0,
'00e0db4978fa02c5',
#07/06/2006#,
#07/06/2006#,
4,
0,
'0400000006140044000000000000000000200040002e4000102e4000101400c40000000000000000001000c0002e4000102e400010140280010000000000000000',

'00000000',

'        1 4 4 0 3 3 2 4 5 7 3 4 5 7 3   '
);

INSERT INTO identitytable (Parent_CMID,CM_FirstName,CM_LastName,CM_CompanyName,CM_Type,CM_Attributes,CM_HintField,CM_ExtHintField,CM_FirstNmPrn,CM_LastNmPrn,CM_CompanyNmPrn) VALUES (
554,
'Frin',
'Frowad',
NULL,
268440329,
4,
84,
0,
NULL,
NULL,
NULL
);

INSERT INTO phone (CM_Id,CM_PhoneMatching,CM_ExtendedPhoneMatching) VALUES (
554,
3754375,
42330441
);

INSERT INTO contacts (CM_Id,CM_Type,CM_PrefTemplateRefId,CM_UIDString,CM_Last_modified,CM_ContactCreationDate,CM_Attributes,CM_ReplicationCount,CM_Header,CM_TextBlob,CM_SearchableText) VALUES (
555,
268440329,
0,
'00e0db4978fa29d5',
#07/06/2006#,
#07/06/2006#,
4,
0,
'0400000006140044000000000000000000200040002e4000102e4000101400c40000000000000000001000c0002e4000102e400010140280010000000000000000',

'00000000',

'        5 1 2 7 6 1 4 4 1 0 0 4 6 6 6   '
);

INSERT INTO identitytable (Parent_CMID,CM_FirstName,CM_LastName,CM_CompanyName,CM_Type,CM_Attributes,CM_HintField,CM_ExtHintField,CM_FirstNmPrn,CM_LastNmPrn,CM_CompanyNmPrn) VALUES (
555,
'Deegoterdithe',
'Wideig',
NULL,
268440329,
4,
84,
0,
NULL,
NULL,
NULL
);

INSERT INTO phone (CM_Id,CM_PhoneMatching,CM_ExtendedPhoneMatching) VALUES (
555,
6664001,
44167215
);

INSERT INTO contacts (CM_Id,CM_Type,CM_PrefTemplateRefId,CM_UIDString,CM_Last_modified,CM_ContactCreationDate,CM_Attributes,CM_ReplicationCount,CM_Header,CM_TextBlob,CM_SearchableText) VALUES (
556,
268440329,
0,
'00e0db4978fa50e5',
#07/06/2006#,
#07/06/2006#,
4,
0,
'0400000006140044000000000000000000200040002e4000102e4000101400c40000000000000000001000c0002e4000102e400010140280010000000000000000',

'00000000',

'        3 1 8 0 7 7 4 3 4 6 4 4 2 2 1   '
);

INSERT INTO identitytable (Parent_CMID,CM_FirstName,CM_LastName,CM_CompanyName,CM_Type,CM_Attributes,CM_HintField,CM_ExtHintField,CM_FirstNmPrn,CM_LastNmPrn,CM_CompanyNmPrn) VALUES (
556,
'Coherk',
'Le',
NULL,
268440329,
4,
84,
0,
NULL,
NULL,
NULL
);

INSERT INTO phone (CM_Id,CM_PhoneMatching,CM_ExtendedPhoneMatching) VALUES (
556,
1224464,
34770813
);

INSERT INTO contacts (CM_Id,CM_Type,CM_PrefTemplateRefId,CM_UIDString,CM_Last_modified,CM_ContactCreationDate,CM_Attributes,CM_ReplicationCount,CM_Header,CM_TextBlob,CM_SearchableText) VALUES (
557,
268440329,
0,
'00e0db4978fa9f05',
#07/06/2006#,
#07/06/2006#,
4,
0,
'0400000006140044000000000000000000200040002e4000102e4000101400c40000000000000000001000c0002e4000102e400010140280010000000000000000',

'00000000',

'        7 1 7 6 1 5 8 1 2 7 6 0 8 6 8   '
);

INSERT INTO identitytable (Parent_CMID,CM_FirstName,CM_LastName,CM_CompanyName,CM_Type,CM_Attributes,CM_HintField,CM_ExtHintField,CM_FirstNmPrn,CM_LastNmPrn,CM_CompanyNmPrn) VALUES (
557,
'Thelistes',
'Olll',
NULL,
268440329,
4,
84,
0,
NULL,
NULL,
NULL
);

INSERT INTO phone (CM_Id,CM_PhoneMatching,CM_ExtendedPhoneMatching) VALUES (
557,
8680672,
18516717
);

INSERT INTO contacts (CM_Id,CM_Type,CM_PrefTemplateRefId,CM_UIDString,CM_Last_modified,CM_ContactCreationDate,CM_Attributes,CM_ReplicationCount,CM_Header,CM_TextBlob,CM_SearchableText) VALUES (
558,
268440329,
0,
'00e0db4978fac615',
#07/06/2006#,
#07/06/2006#,
4,
0,
'0400000006140044000000000000000000200040002e4000102e4000101400c40000000000000000001000c0002e4000102e400010140280010000000000000000',

'00000000',

'        2 8 3 3 6 4 8 1 1 4 1 3 5 8 2   '
);

INSERT INTO identitytable (Parent_CMID,CM_FirstName,CM_LastName,CM_CompanyName,CM_Type,CM_Attributes,CM_HintField,CM_ExtHintField,CM_FirstNmPrn,CM_LastNmPrn,CM_CompanyNmPrn) VALUES (
558,
'Nik',
'Thmarbidd',
NULL,
268440329,
4,
84,
0,
NULL,
NULL,
NULL
);

INSERT INTO phone (CM_Id,CM_PhoneMatching,CM_ExtendedPhoneMatching) VALUES (
558,
2853141,
18463382
);

INSERT INTO contacts (CM_Id,CM_Type,CM_PrefTemplateRefId,CM_UIDString,CM_Last_modified,CM_ContactCreationDate,CM_Attributes,CM_ReplicationCount,CM_Header,CM_TextBlob,CM_SearchableText) VALUES (
559,
268440329,
0,
'00e0db4978fad99d',
#07/06/2006#,
#07/06/2006#,
4,
0,
'0400000006140044000000000000000000200040002e4000102e4000101400c40000000000000000001000c0002e4000102e400010140280010000000000000000',

'00000000',

'        0 0 4 7 8 5 6 2 1 4 4 3 6 7 1   '
);

INSERT INTO identitytable (Parent_CMID,CM_FirstName,CM_LastName,CM_CompanyName,CM_Type,CM_Attributes,CM_HintField,CM_ExtHintField,CM_FirstNmPrn,CM_LastNmPrn,CM_CompanyNmPrn) VALUES (
559,
'Maviman',
'Ses',
NULL,
268440329,
4,
84,
0,
NULL,
NULL,
NULL
);

INSERT INTO phone (CM_Id,CM_PhoneMatching,CM_ExtendedPhoneMatching) VALUES (
559,
1763441,
26587400
);

INSERT INTO contacts (CM_Id,CM_Type,CM_PrefTemplateRefId,CM_UIDString,CM_Last_modified,CM_ContactCreationDate,CM_Attributes,CM_ReplicationCount,CM_Header,CM_TextBlob,CM_SearchableText) VALUES (
560,
268440329,
0,
'00e0db4978fb0800',
#07/06/2006#,
#07/06/2006#,
4,
0,
'0400000006140044000000000000000000200040002e4000102e4000101400c40000000000000000001000c0002e4000102e400010140280010000000000000000',

'00000000',

'        8 4 8 2 3 4 5 5 8 2 3 3 5 2 0   '
);

INSERT INTO identitytable (Parent_CMID,CM_FirstName,CM_LastName,CM_CompanyName,CM_Type,CM_Attributes,CM_HintField,CM_ExtHintField,CM_FirstNmPrn,CM_LastNmPrn,CM_CompanyNmPrn) VALUES (
560,
'Krank',
'Dor',
NULL,
268440329,
4,
84,
0,
NULL,
NULL,
NULL
);

INSERT INTO phone (CM_Id,CM_PhoneMatching,CM_ExtendedPhoneMatching) VALUES (
560,
253328,
55432848
);

INSERT INTO contacts (CM_Id,CM_Type,CM_PrefTemplateRefId,CM_UIDString,CM_Last_modified,CM_ContactCreationDate,CM_Attributes,CM_ReplicationCount,CM_Header,CM_TextBlob,CM_SearchableText) VALUES (
561,
268440329,
0,
'00e0db4978fb2f10',
#07/06/2006#,
#07/06/2006#,
4,
0,
'0400000006140044000000000000000000200040002e4000102e4000101400c40000000000000000001000c0002e4000102e400010140280010000000000000000',

'00000000',

'        4 5 7 7 1 8 1 0 8 3 1 6 6 5 8   '
);

INSERT INTO identitytable (Parent_CMID,CM_FirstName,CM_LastName,CM_CompanyName,CM_Type,CM_Attributes,CM_HintField,CM_ExtHintField,CM_FirstNmPrn,CM_LastNmPrn,CM_CompanyNmPrn) VALUES (
561,
'Den',
'Serkvorgrim',
NULL,
268440329,
4,
84,
0,
NULL,
NULL,
NULL
);

INSERT INTO phone (CM_Id,CM_PhoneMatching,CM_ExtendedPhoneMatching) VALUES (
561,
8566138,
1817754
);

INSERT INTO contacts (CM_Id,CM_Type,CM_PrefTemplateRefId,CM_UIDString,CM_Last_modified,CM_ContactCreationDate,CM_Attributes,CM_ReplicationCount,CM_Header,CM_TextBlob,CM_SearchableText) VALUES (
562,
268440329,
0,
'00e0db4978fb5620',
#07/06/2006#,
#07/06/2006#,
4,
0,
'0400000006140044000000000000000000200040002e4000102e4000101400c40000000000000000001000c0002e4000102e400010140280010000000000000000',

'00000000',

'        5 8 4 0 4 2 8 2 3 6 6 0 5 6 2   '
);

INSERT INTO identitytable (Parent_CMID,CM_FirstName,CM_LastName,CM_CompanyName,CM_Type,CM_Attributes,CM_HintField,CM_ExtHintField,CM_FirstNmPrn,CM_LastNmPrn,CM_CompanyNmPrn) VALUES (
562,
'Gi',
'Saphlaff',
NULL,
268440329,
4,
84,
0,
NULL,
NULL,
NULL
);

INSERT INTO phone (CM_Id,CM_PhoneMatching,CM_ExtendedPhoneMatching) VALUES (
562,
2650663,
28240485
);

INSERT INTO contacts (CM_Id,CM_Type,CM_PrefTemplateRefId,CM_UIDString,CM_Last_modified,CM_ContactCreationDate,CM_Attributes,CM_ReplicationCount,CM_Header,CM_TextBlob,CM_SearchableText) VALUES (
563,
268440329,
0,
'00e0db4978fb7d30',
#07/06/2006#,
#07/06/2006#,
4,
0,
'0400000006140044000000000000000000200040002e4000102e4000101400c40000000000000000001000c0002e4000102e400010140280010000000000000000',

'00000000',

'        0 1 2 8 5 4 4 3 8 6 7 8 0 8 8   '
);

INSERT INTO identitytable (Parent_CMID,CM_FirstName,CM_LastName,CM_CompanyName,CM_Type,CM_Attributes,CM_HintField,CM_ExtHintField,CM_FirstNmPrn,CM_LastNmPrn,CM_CompanyNmPrn) VALUES (
563,
'Shady',
'Amatsh',
NULL,
268440329,
4,
84,
0,
NULL,
NULL,
NULL
);

INSERT INTO phone (CM_Id,CM_PhoneMatching,CM_ExtendedPhoneMatching) VALUES (
563,
8808768,
34458210
);

INSERT INTO contacts (CM_Id,CM_Type,CM_PrefTemplateRefId,CM_UIDString,CM_Last_modified,CM_ContactCreationDate,CM_Attributes,CM_ReplicationCount,CM_Header,CM_TextBlob,CM_SearchableText) VALUES (
564,
268440329,
0,
'00e0db4978fba440',
#07/06/2006#,
#07/06/2006#,
4,
0,
'0400000006140044000000000000000000200040002e4000102e4000101400c40000000000000000001000c0002e4000102e400010140280010000000000000000',

'00000000',

'        8 7 5 1 4 6 4 0 4 3 6 7 7 8 5   '
);

INSERT INTO identitytable (Parent_CMID,CM_FirstName,CM_LastName,CM_CompanyName,CM_Type,CM_Attributes,CM_HintField,CM_ExtHintField,CM_FirstNmPrn,CM_LastNmPrn,CM_CompanyNmPrn) VALUES (
564,
'Tote',
'A',
NULL,
268440329,
4,
84,
0,
NULL,
NULL,
NULL
);

INSERT INTO phone (CM_Id,CM_PhoneMatching,CM_ExtendedPhoneMatching) VALUES (
564,
5877634,
4641578
);

INSERT INTO contacts (CM_Id,CM_Type,CM_PrefTemplateRefId,CM_UIDString,CM_Last_modified,CM_ContactCreationDate,CM_Attributes,CM_ReplicationCount,CM_Header,CM_TextBlob,CM_SearchableText) VALUES (
565,
268440329,
0,
'00e0db4978fbcb50',
#07/06/2006#,
#07/06/2006#,
4,
0,
'0400000006140044000000000000000000200040002e4000102e4000101400c40000000000000000001000c0002e4000102e400010140280010000000000000000',

'00000000',

'        6 1 1 0 5 0 5 8 0 4 1 2 2 0 4   '
);

INSERT INTO identitytable (Parent_CMID,CM_FirstName,CM_LastName,CM_CompanyName,CM_Type,CM_Attributes,CM_HintField,CM_ExtHintField,CM_FirstNmPrn,CM_LastNmPrn,CM_CompanyNmPrn) VALUES (
565,
'Ral',
'Veddddkisocackeluisowowone',
NULL,
268440329,
4,
84,
0,
NULL,
NULL,
NULL
);

INSERT INTO phone (CM_Id,CM_PhoneMatching,CM_ExtendedPhoneMatching) VALUES (
565,
4022140,
85050116
);

INSERT INTO contacts (CM_Id,CM_Type,CM_PrefTemplateRefId,CM_UIDString,CM_Last_modified,CM_ContactCreationDate,CM_Attributes,CM_ReplicationCount,CM_Header,CM_TextBlob,CM_SearchableText) VALUES (
566,
268440329,
0,
'00e0db4978fbded8',
#07/06/2006#,
#07/06/2006#,
4,
0,
'0400000006140044000000000000000000200040002e4000102e4000101400c40000000000000000001000c0002e4000102e400010140280010000000000000000',

'00000000',

'        8 2 3 7 6 3 7 3 2 0 1 3 3 7 8   '
);

INSERT INTO identitytable (Parent_CMID,CM_FirstName,CM_LastName,CM_CompanyName,CM_Type,CM_Attributes,CM_HintField,CM_ExtHintField,CM_FirstNmPrn,CM_LastNmPrn,CM_CompanyNmPrn) VALUES (
566,
'Jopppalelis',
'Mas',
NULL,
268440329,
4,
84,
0,
NULL,
NULL,
NULL
);

INSERT INTO phone (CM_Id,CM_PhoneMatching,CM_ExtendedPhoneMatching) VALUES (
566,
8733102,
37367328
);

INSERT INTO contacts (CM_Id,CM_Type,CM_PrefTemplateRefId,CM_UIDString,CM_Last_modified,CM_ContactCreationDate,CM_Attributes,CM_ReplicationCount,CM_Header,CM_TextBlob,CM_SearchableText) VALUES (
567,
268440329,
0,
'00e0db4978fc05e8',
#07/06/2006#,
#07/06/2006#,
4,
0,
'0400000006140044000000000000000000200040002e4000102e4000101400c40000000000000000001000c0002e4000102e400010140280010000000000000000',

'00000000',

'        7 8 7 5 1 2 6 8 7 7 2 2 2 0 0   '
);

INSERT INTO identitytable (Parent_CMID,CM_FirstName,CM_LastName,CM_CompanyName,CM_Type,CM_Attributes,CM_HintField,CM_ExtHintField,CM_FirstNmPrn,CM_LastNmPrn,CM_CompanyNmPrn) VALUES (
567,
'Kew',
'Br',
NULL,
268440329,
4,
84,
0,
NULL,
NULL,
NULL
);

INSERT INTO phone (CM_Id,CM_PhoneMatching,CM_ExtendedPhoneMatching) VALUES (
567,
22277,
86215787
);

INSERT INTO contacts (CM_Id,CM_Type,CM_PrefTemplateRefId,CM_UIDString,CM_Last_modified,CM_ContactCreationDate,CM_Attributes,CM_ReplicationCount,CM_Header,CM_TextBlob,CM_SearchableText) VALUES (
568,
268440329,
0,
'00e0db4978fc2cf8',
#07/06/2006#,
#07/06/2006#,
4,
0,
'0400000006140044000000000000000000200040002e4000102e4000101400c40000000000000000001000c0002e4000102e400010140280010000000000000000',

'00000000',

'        6 4 6 8 8 6 0 6 6 1 0 2 7 8 4   '
);

INSERT INTO identitytable (Parent_CMID,CM_FirstName,CM_LastName,CM_CompanyName,CM_Type,CM_Attributes,CM_HintField,CM_ExtHintField,CM_FirstNmPrn,CM_LastNmPrn,CM_CompanyNmPrn) VALUES (
568,
'Emevik',
'Tondaseanghansho',
NULL,
268440329,
4,
84,
0,
NULL,
NULL,
NULL
);

INSERT INTO phone (CM_Id,CM_PhoneMatching,CM_ExtendedPhoneMatching) VALUES (
568,
4872016,
60688646
);

INSERT INTO contacts (CM_Id,CM_Type,CM_PrefTemplateRefId,CM_UIDString,CM_Last_modified,CM_ContactCreationDate,CM_Attributes,CM_ReplicationCount,CM_Header,CM_TextBlob,CM_SearchableText) VALUES (
569,
268440329,
0,
'00e0db4978fc5408',
#07/06/2006#,
#07/06/2006#,
4,
0,
'0400000006140044000000000000000000200040002e4000102e4000101400c40000000000000000001000c0002e4000102e400010140280010000000000000000',

'00000000',

'        7 4 6 8 6 3 6 5 3 2 2 1 0 0 2   '
);

INSERT INTO identitytable (Parent_CMID,CM_FirstName,CM_LastName,CM_CompanyName,CM_Type,CM_Attributes,CM_HintField,CM_ExtHintField,CM_FirstNmPrn,CM_LastNmPrn,CM_CompanyNmPrn) VALUES (
569,
'Pe',
'Khadat',
NULL,
268440329,
4,
84,
0,
NULL,
NULL,
NULL
);

INSERT INTO phone (CM_Id,CM_PhoneMatching,CM_ExtendedPhoneMatching) VALUES (
569,
2001223,
56368647
);

INSERT INTO contacts (CM_Id,CM_Type,CM_PrefTemplateRefId,CM_UIDString,CM_Last_modified,CM_ContactCreationDate,CM_Attributes,CM_ReplicationCount,CM_Header,CM_TextBlob,CM_SearchableText) VALUES (
570,
268440329,
0,
'00e0db4978fc7b18',
#07/06/2006#,
#07/06/2006#,
4,
0,
'0400000006140044000000000000000000200040002e4000102e4000101400c40000000000000000001000c0002e4000102e400010140280010000000000000000',

'00000000',

'        8 5 4 8 8 8 7 0 8 3 4 8 0 8 7   '
);

INSERT INTO identitytable (Parent_CMID,CM_FirstName,CM_LastName,CM_CompanyName,CM_Type,CM_Attributes,CM_HintField,CM_ExtHintField,CM_FirstNmPrn,CM_LastNmPrn,CM_CompanyNmPrn) VALUES (
570,
'Viphep',
'Kens',
NULL,
268440329,
4,
84,
0,
NULL,
NULL,
NULL
);

INSERT INTO phone (CM_Id,CM_PhoneMatching,CM_ExtendedPhoneMatching) VALUES (
570,
7808438,
7888458
);

INSERT INTO contacts (CM_Id,CM_Type,CM_PrefTemplateRefId,CM_UIDString,CM_Last_modified,CM_ContactCreationDate,CM_Attributes,CM_ReplicationCount,CM_Header,CM_TextBlob,CM_SearchableText) VALUES (
571,
268440329,
0,
'00e0db4978fc8ea0',
#07/06/2006#,
#07/06/2006#,
4,
0,
'0400000006140044000000000000000000200040002e4000102e4000101400c40000000000000000001000c0002e4000102e400010140280010000000000000000',

'00000000',

'        2 4 5 8 1 5 7 0 7 2 2 3 3 0 0   '
);

INSERT INTO identitytable (Parent_CMID,CM_FirstName,CM_LastName,CM_CompanyName,CM_Type,CM_Attributes,CM_HintField,CM_ExtHintField,CM_FirstNmPrn,CM_LastNmPrn,CM_CompanyNmPrn) VALUES (
571,
'In',
'Wingang',
NULL,
268440329,
4,
84,
0,
NULL,
NULL,
NULL
);

INSERT INTO phone (CM_Id,CM_PhoneMatching,CM_ExtendedPhoneMatching) VALUES (
571,
33227,
7518542
);

INSERT INTO contacts (CM_Id,CM_Type,CM_PrefTemplateRefId,CM_UIDString,CM_Last_modified,CM_ContactCreationDate,CM_Attributes,CM_ReplicationCount,CM_Header,CM_TextBlob,CM_SearchableText) VALUES (
572,
268440329,
0,
'00e0db4978fcf048',
#07/06/2006#,
#07/06/2006#,
4,
0,
'0400000006140044000000000000000000200040002e4000102e4000101400c40000000000000000001000c0002e4000102e400010140280010000000000000000',

'00000000',

'        3 7 3 5 5 2 2 6 4 6 7 3 4 1 6   '
);

INSERT INTO identitytable (Parent_CMID,CM_FirstName,CM_LastName,CM_CompanyName,CM_Type,CM_Attributes,CM_HintField,CM_ExtHintField,CM_FirstNmPrn,CM_LastNmPrn,CM_CompanyNmPrn) VALUES (
572,
'Nis',
'Smand',
NULL,
268440329,
4,
84,
0,
NULL,
NULL,
NULL
);

INSERT INTO phone (CM_Id,CM_PhoneMatching,CM_ExtendedPhoneMatching) VALUES (
572,
6143764,
62255373
);

INSERT INTO contacts (CM_Id,CM_Type,CM_PrefTemplateRefId,CM_UIDString,CM_Last_modified,CM_ContactCreationDate,CM_Attributes,CM_ReplicationCount,CM_Header,CM_TextBlob,CM_SearchableText) VALUES (
573,
268440329,
0,
'00e0db4978fd1758',
#07/06/2006#,
#07/06/2006#,
4,
0,
'0400000006140044000000000000000000200040002e4000102e4000101400c40000000000000000001000c0002e4000102e400010140280010000000000000000',

'00000000',

'        4 7 5 1 1 0 3 8 8 8 4 7 4 7 7   '
);

INSERT INTO identitytable (Parent_CMID,CM_FirstName,CM_LastName,CM_CompanyName,CM_Type,CM_Attributes,CM_HintField,CM_ExtHintField,CM_FirstNmPrn,CM_LastNmPrn,CM_CompanyNmPrn) VALUES (
573,
'Joew',
'Ha',
NULL,
268440329,
4,
84,
0,
NULL,
NULL,
NULL
);

INSERT INTO phone (CM_Id,CM_PhoneMatching,CM_ExtendedPhoneMatching) VALUES (
573,
7747488,
83011574
);

INSERT INTO contacts (CM_Id,CM_Type,CM_PrefTemplateRefId,CM_UIDString,CM_Last_modified,CM_ContactCreationDate,CM_Attributes,CM_ReplicationCount,CM_Header,CM_TextBlob,CM_SearchableText) VALUES (
574,
268440329,
0,
'00e0db4978fd3e68',
#07/06/2006#,
#07/06/2006#,
4,
0,
'0400000006140044000000000000000000200040002e4000102e4000101400c40000000000000000001000c0002e4000102e400010140280010000000000000000',

'00000000',

'        4 2 4 7 2 1 6 6 4 6 6 2 6 2 8   '
);

INSERT INTO identitytable (Parent_CMID,CM_FirstName,CM_LastName,CM_CompanyName,CM_Type,CM_Attributes,CM_HintField,CM_ExtHintField,CM_FirstNmPrn,CM_LastNmPrn,CM_CompanyNmPrn) VALUES (
574,
'Jontiarin',
'Tuiekilis',
NULL,
268440329,
4,
84,
0,
NULL,
NULL,
NULL
);

INSERT INTO phone (CM_Id,CM_PhoneMatching,CM_ExtendedPhoneMatching) VALUES (
574,
8262664,
66127424
);

INSERT INTO contacts (CM_Id,CM_Type,CM_PrefTemplateRefId,CM_UIDString,CM_Last_modified,CM_ContactCreationDate,CM_Attributes,CM_ReplicationCount,CM_Header,CM_TextBlob,CM_SearchableText) VALUES (
575,
268440329,
0,
'00e0db4978fd6578',
#07/06/2006#,
#07/06/2006#,
4,
0,
'0400000006140044000000000000000000200040002e4000102e4000101400c40000000000000000001000c0002e4000102e400010140280010000000000000000',

'00000000',

'        2 8 2 3 8 3 4 3 3 6 2 8 1 8 8   '
);

INSERT INTO identitytable (Parent_CMID,CM_FirstName,CM_LastName,CM_CompanyName,CM_Type,CM_Attributes,CM_HintField,CM_ExtHintField,CM_FirstNmPrn,CM_LastNmPrn,CM_CompanyNmPrn) VALUES (
575,
'Ronim',
'Jottoker',
NULL,
268440329,
4,
84,
0,
NULL,
NULL,
NULL
);

INSERT INTO phone (CM_Id,CM_PhoneMatching,CM_ExtendedPhoneMatching) VALUES (
575,
8818263,
34383282
);


INSERT INTO contacts (CM_Id,CM_Type,CM_PrefTemplateRefId,CM_UIDString,CM_Last_modified,CM_ContactCreationDate,CM_Attributes,CM_ReplicationCount,CM_Header,CM_TextBlob,CM_SearchableText) VALUES (
576,
268440329,
0,
'00e0db4978fda010',
#07/06/2006#,
#07/06/2006#,
4,
0,
'0400000006140044000000000000000000200040002e4000102e4000101400c40000000000000000001000c0002e4000102e400010140280010000000000000000',

'00000000',

'        7 3 7 0 6 1 8 0 1 7 2 7 7 2 6   '
);

INSERT INTO identitytable (Parent_CMID,CM_FirstName,CM_LastName,CM_CompanyName,CM_Type,CM_Attributes,CM_HintField,CM_ExtHintField,CM_FirstNmPrn,CM_LastNmPrn,CM_CompanyNmPrn) VALUES (
576,
'Cerevinn',
'Lalvapall',
NULL,
268440329,
4,
84,
0,
NULL,
NULL,
NULL
);

INSERT INTO phone (CM_Id,CM_PhoneMatching,CM_ExtendedPhoneMatching) VALUES (
576,
6277271,
8160737
);

INSERT INTO contacts (CM_Id,CM_Type,CM_PrefTemplateRefId,CM_UIDString,CM_Last_modified,CM_ContactCreationDate,CM_Attributes,CM_ReplicationCount,CM_Header,CM_TextBlob,CM_SearchableText) VALUES (
577,
268440329,
0,
'00e0db4978fdc720',
#07/06/2006#,
#07/06/2006#,
4,
0,
'0400000006140044000000000000000000200040002e4000102e4000101400c40000000000000000001000c0002e4000102e400010140280010000000000000000',

'00000000',

'        4 6 3 0 6 5 3 2 2 2 3 8 8 5 3   '
);

INSERT INTO identitytable (Parent_CMID,CM_FirstName,CM_LastName,CM_CompanyName,CM_Type,CM_Attributes,CM_HintField,CM_ExtHintField,CM_FirstNmPrn,CM_LastNmPrn,CM_CompanyNmPrn) VALUES (
577,
'Ma',
'Takisox',
NULL,
268440329,
4,
84,
0,
NULL,
NULL,
NULL
);

INSERT INTO phone (CM_Id,CM_PhoneMatching,CM_ExtendedPhoneMatching) VALUES (
577,
3588322,
23560364
);

INSERT INTO contacts (CM_Id,CM_Type,CM_PrefTemplateRefId,CM_UIDString,CM_Last_modified,CM_ContactCreationDate,CM_Attributes,CM_ReplicationCount,CM_Header,CM_TextBlob,CM_SearchableText) VALUES (
578,
268440329,
0,
'00e0db4978fddaa8',
#07/06/2006#,
#07/06/2006#,
4,
0,
'0400000006140044000000000000000000200040002e4000102e4000101400c40000000000000000001000c0002e4000102e400010140280010000000000000000',

'00000000',

'        3 1 4 3 2 1 4 6 6 0 4 1 4 8 5   '
);

INSERT INTO identitytable (Parent_CMID,CM_FirstName,CM_LastName,CM_CompanyName,CM_Type,CM_Attributes,CM_HintField,CM_ExtHintField,CM_FirstNmPrn,CM_LastNmPrn,CM_CompanyNmPrn) VALUES (
578,
'Be',
'Tonnsoxongrneonckpe',
NULL,
268440329,
4,
84,
0,
NULL,
NULL,
NULL
);

INSERT INTO phone (CM_Id,CM_PhoneMatching,CM_ExtendedPhoneMatching) VALUES (
578,
5841406,
64123413
);

INSERT INTO contacts (CM_Id,CM_Type,CM_PrefTemplateRefId,CM_UIDString,CM_Last_modified,CM_ContactCreationDate,CM_Attributes,CM_ReplicationCount,CM_Header,CM_TextBlob,CM_SearchableText) VALUES (
579,
268440329,
0,
'00e0db4978fe01b8',
#07/06/2006#,
#07/06/2006#,
4,
0,
'0400000006140044000000000000000000200040002e4000102e4000101400c40000000000000000001000c0002e4000102e400010140280010000000000000000',

'00000000',

'        1 4 4 1 3 0 2 6 8 4 4 2 4 7 7   '
);

INSERT INTO identitytable (Parent_CMID,CM_FirstName,CM_LastName,CM_CompanyName,CM_Type,CM_Attributes,CM_HintField,CM_ExtHintField,CM_FirstNmPrn,CM_LastNmPrn,CM_CompanyNmPrn) VALUES (
579,
'Aberecalahayondorttelin',
'Futtesesoxok',
NULL,
268440329,
4,
84,
0,
NULL,
NULL,
NULL
);

INSERT INTO phone (CM_Id,CM_PhoneMatching,CM_ExtendedPhoneMatching) VALUES (
579,
7742448,
62031441
);

INSERT INTO contacts (CM_Id,CM_Type,CM_PrefTemplateRefId,CM_UIDString,CM_Last_modified,CM_ContactCreationDate,CM_Attributes,CM_ReplicationCount,CM_Header,CM_TextBlob,CM_SearchableText) VALUES (
580,
268440329,
0,
'00e0db4978fe1540',
#07/06/2006#,
#07/06/2006#,
4,
0,
'0400000006140044000000000000000000200040002e4000102e4000101400c40000000000000000001000c0002e4000102e400010140280010000000000000000',

'00000000',

'        5 2 5 5 1 2 1 3 5 1 1 1 8 2 3   '
);

INSERT INTO identitytable (Parent_CMID,CM_FirstName,CM_LastName,CM_CompanyName,CM_Type,CM_Attributes,CM_HintField,CM_ExtHintField,CM_FirstNmPrn,CM_LastNmPrn,CM_CompanyNmPrn) VALUES (
580,
'Pew',
'Anoranderdhemandkist',
NULL,
268440329,
4,
84,
0,
NULL,
NULL,
NULL
);

INSERT INTO phone (CM_Id,CM_PhoneMatching,CM_ExtendedPhoneMatching) VALUES (
580,
3281115,
31215525
);

INSERT INTO contacts (CM_Id,CM_Type,CM_PrefTemplateRefId,CM_UIDString,CM_Last_modified,CM_ContactCreationDate,CM_Attributes,CM_ReplicationCount,CM_Header,CM_TextBlob,CM_SearchableText) VALUES (
581,
268440329,
0,
'00e0db4978fe3c50',
#07/06/2006#,
#07/06/2006#,
4,
0,
'0400000006140044000000000000000000200040002e4000102e4000101400c40000000000000000001000c0002e4000102e400010140280010000000000000000',

'00000000',

'        0 8 8 7 2 2 2 3 3 5 6 1 3 4 3   '
);

INSERT INTO identitytable (Parent_CMID,CM_FirstName,CM_LastName,CM_CompanyName,CM_Type,CM_Attributes,CM_HintField,CM_ExtHintField,CM_FirstNmPrn,CM_LastNmPrn,CM_CompanyNmPrn) VALUES (
581,
'Bep',
'Ress',
NULL,
268440329,
4,
84,
0,
NULL,
NULL,
NULL
);

INSERT INTO phone (CM_Id,CM_PhoneMatching,CM_ExtendedPhoneMatching) VALUES (
581,
3431653,
32227880
);

INSERT INTO contacts (CM_Id,CM_Type,CM_PrefTemplateRefId,CM_UIDString,CM_Last_modified,CM_ContactCreationDate,CM_Attributes,CM_ReplicationCount,CM_Header,CM_TextBlob,CM_SearchableText) VALUES (
582,
268440329,
0,
'00e0db4978fe6360',
#07/06/2006#,
#07/06/2006#,
4,
0,
'0400000006140044000000000000000000200040002e4000102e4000101400c40000000000000000001000c0002e4000102e400010140280010000000000000000',

'00000000',

'        4 8 6 5 0 0 6 1 1 6 5 7 6 4 4   '
);

INSERT INTO identitytable (Parent_CMID,CM_FirstName,CM_LastName,CM_CompanyName,CM_Type,CM_Attributes,CM_HintField,CM_ExtHintField,CM_FirstNmPrn,CM_LastNmPrn,CM_CompanyNmPrn) VALUES (
582,
'Kohichah',
'Hackardll',
NULL,
268440329,
4,
84,
0,
NULL,
NULL,
NULL
);

INSERT INTO phone (CM_Id,CM_PhoneMatching,CM_ExtendedPhoneMatching) VALUES (
582,
4467561,
16005684
);

INSERT INTO contacts (CM_Id,CM_Type,CM_PrefTemplateRefId,CM_UIDString,CM_Last_modified,CM_ContactCreationDate,CM_Attributes,CM_ReplicationCount,CM_Header,CM_TextBlob,CM_SearchableText) VALUES (
583,
268440329,
0,
'00e0db4978fe8a70',
#07/06/2006#,
#07/06/2006#,
4,
0,
'0400000006140044000000000000000000200040002e4000102e4000101400c40000000000000000001000c0002e4000102e400010140280010000000000000000',

'00000000',

'        1 5 5 4 6 7 6 3 0 8 4 0 2 6 7   '
);

INSERT INTO identitytable (Parent_CMID,CM_FirstName,CM_LastName,CM_CompanyName,CM_Type,CM_Attributes,CM_HintField,CM_ExtHintField,CM_FirstNmPrn,CM_LastNmPrn,CM_CompanyNmPrn) VALUES (
583,
'Frtanarery',
'Hane',
NULL,
268440329,
4,
84,
0,
NULL,
NULL,
NULL
);

INSERT INTO phone (CM_Id,CM_PhoneMatching,CM_ExtendedPhoneMatching) VALUES (
583,
7620480,
36764551
);

INSERT INTO contacts (CM_Id,CM_Type,CM_PrefTemplateRefId,CM_UIDString,CM_Last_modified,CM_ContactCreationDate,CM_Attributes,CM_ReplicationCount,CM_Header,CM_TextBlob,CM_SearchableText) VALUES (
584,
268440329,
0,
'00e0db4978fe9df8',
#07/06/2006#,
#07/06/2006#,
4,
0,
'0400000006140044000000000000000000200040002e4000102e4000101400c40000000000000000001000c0002e4000102e400010140280010000000000000000',

'00000000',

'        6 8 7 8 7 8 5 5 6 2 8 5 5 2 3   '
);

INSERT INTO identitytable (Parent_CMID,CM_FirstName,CM_LastName,CM_CompanyName,CM_Type,CM_Attributes,CM_HintField,CM_ExtHintField,CM_FirstNmPrn,CM_LastNmPrn,CM_CompanyNmPrn) VALUES (
584,
'Chastely',
'Makumeindyugtetooully',
NULL,
268440329,
4,
84,
0,
NULL,
NULL,
NULL
);

INSERT INTO phone (CM_Id,CM_PhoneMatching,CM_ExtendedPhoneMatching) VALUES (
584,
3255826,
55878786
);

INSERT INTO contacts (CM_Id,CM_Type,CM_PrefTemplateRefId,CM_UIDString,CM_Last_modified,CM_ContactCreationDate,CM_Attributes,CM_ReplicationCount,CM_Header,CM_TextBlob,CM_SearchableText) VALUES (
585,
268440329,
0,
'00e0db4978fec508',
#07/06/2006#,
#07/06/2006#,
4,
0,
'0400000006140044000000000000000000200040002e4000102e4000101400c40000000000000000001000c0002e4000102e400010140280010000000000000000',

'00000000',

'        0 4 1 1 2 0 2 3 4 1 2 7 4 7 2   '
);

INSERT INTO identitytable (Parent_CMID,CM_FirstName,CM_LastName,CM_CompanyName,CM_Type,CM_Attributes,CM_HintField,CM_ExtHintField,CM_FirstNmPrn,CM_LastNmPrn,CM_CompanyNmPrn) VALUES (
585,
'Joheet',
'Wibbabans',
NULL,
268440329,
4,
84,
0,
NULL,
NULL,
NULL
);

INSERT INTO phone (CM_Id,CM_PhoneMatching,CM_ExtendedPhoneMatching) VALUES (
585,
2747214,
32021140
);

INSERT INTO contacts (CM_Id,CM_Type,CM_PrefTemplateRefId,CM_UIDString,CM_Last_modified,CM_ContactCreationDate,CM_Attributes,CM_ReplicationCount,CM_Header,CM_TextBlob,CM_SearchableText) VALUES (
586,
268440329,
0,
'00e0db4978feec18',
#07/06/2006#,
#07/06/2006#,
4,
0,
'0400000006140044000000000000000000200040002e4000102e4000101400c40000000000000000001000c0002e4000102e400010140280010000000000000000',

'00000000',

'        2 6 6 2 4 7 0 0 6 8 7 0 7 2 8   '
);

INSERT INTO identitytable (Parent_CMID,CM_FirstName,CM_LastName,CM_CompanyName,CM_Type,CM_Attributes,CM_HintField,CM_ExtHintField,CM_FirstNmPrn,CM_LastNmPrn,CM_CompanyNmPrn) VALUES (
586,
'Roshrliemina',
'Kisobllivijier',
NULL,
268440329,
4,
84,
0,
NULL,
NULL,
NULL
);

INSERT INTO phone (CM_Id,CM_PhoneMatching,CM_ExtendedPhoneMatching) VALUES (
586,
8270786,
742662
);

INSERT INTO contacts (CM_Id,CM_Type,CM_PrefTemplateRefId,CM_UIDString,CM_Last_modified,CM_ContactCreationDate,CM_Attributes,CM_ReplicationCount,CM_Header,CM_TextBlob,CM_SearchableText) VALUES (
587,
268440329,
0,
'00e0db4978ff4dc0',
#07/06/2006#,
#07/06/2006#,
4,
0,
'0400000006140044000000000000000000200040002e4000102e4000101400c40000000000000000001000c0002e4000102e400010140280010000000000000000',

'00000000',

'        4 2 5 3 0 0 0 1 4 3 6 7 4 5 2   '
);

INSERT INTO identitytable (Parent_CMID,CM_FirstName,CM_LastName,CM_CompanyName,CM_Type,CM_Attributes,CM_HintField,CM_ExtHintField,CM_FirstNmPrn,CM_LastNmPrn,CM_CompanyNmPrn) VALUES (
587,
'Str',
'Shanelesteewe',
NULL,
268440329,
4,
84,
0,
NULL,
NULL,
NULL
);

INSERT INTO phone (CM_Id,CM_PhoneMatching,CM_ExtendedPhoneMatching) VALUES (
587,
2547634,
10003524
);

INSERT INTO contacts (CM_Id,CM_Type,CM_PrefTemplateRefId,CM_UIDString,CM_Last_modified,CM_ContactCreationDate,CM_Attributes,CM_ReplicationCount,CM_Header,CM_TextBlob,CM_SearchableText) VALUES (
588,
268440329,
0,
'00e0db4978ff74d0',
#07/06/2006#,
#07/06/2006#,
4,
0,
'0400000006140044000000000000000000200040002e4000102e4000101400c40000000000000000001000c0002e4000102e400010140280010000000000000000',

'00000000',

'        6 6 4 0 0 7 2 7 7 5 1 3 8 0 5   '
);

INSERT INTO identitytable (Parent_CMID,CM_FirstName,CM_LastName,CM_CompanyName,CM_Type,CM_Attributes,CM_HintField,CM_ExtHintField,CM_FirstNmPrn,CM_LastNmPrn,CM_CompanyNmPrn) VALUES (
588,
'Cof',
'Varnimahes',
NULL,
268440329,
4,
84,
0,
NULL,
NULL,
NULL
);

INSERT INTO phone (CM_Id,CM_PhoneMatching,CM_ExtendedPhoneMatching) VALUES (
588,
5083157,
72700466
);

INSERT INTO contacts (CM_Id,CM_Type,CM_PrefTemplateRefId,CM_UIDString,CM_Last_modified,CM_ContactCreationDate,CM_Attributes,CM_ReplicationCount,CM_Header,CM_TextBlob,CM_SearchableText) VALUES (
589,
268440329,
0,
'00e0db4978ff8858',
#07/06/2006#,
#07/06/2006#,
4,
0,
'0400000006140044000000000000000000200040002e4000102e4000101400c40000000000000000001000c0002e4000102e400010140280010000000000000000',

'00000000',

'        5 8 7 1 6 8 6 8 3 6 0 8 2 5 7   '
);

INSERT INTO identitytable (Parent_CMID,CM_FirstName,CM_LastName,CM_CompanyName,CM_Type,CM_Attributes,CM_HintField,CM_ExtHintField,CM_FirstNmPrn,CM_LastNmPrn,CM_CompanyNmPrn) VALUES (
589,
'Tary',
'urdanagsk',
NULL,
268440329,
4,
84,
0,
NULL,
NULL,
NULL
);

INSERT INTO phone (CM_Id,CM_PhoneMatching,CM_ExtendedPhoneMatching) VALUES (
589,
7528063,
86861785
);

INSERT INTO contacts (CM_Id,CM_Type,CM_PrefTemplateRefId,CM_UIDString,CM_Last_modified,CM_ContactCreationDate,CM_Attributes,CM_ReplicationCount,CM_Header,CM_TextBlob,CM_SearchableText) VALUES (
590,
268440329,
0,
'00e0db4978ffaf68',
#07/06/2006#,
#07/06/2006#,
4,
0,
'0400000006140044000000000000000000200040002e4000102e4000101400c40000000000000000001000c0002e4000102e400010140280010000000000000000',

'00000000',

'        2 4 1 5 3 4 8 4 8 0 2 1 6 8 3   '
);

INSERT INTO identitytable (Parent_CMID,CM_FirstName,CM_LastName,CM_CompanyName,CM_Type,CM_Attributes,CM_HintField,CM_ExtHintField,CM_FirstNmPrn,CM_LastNmPrn,CM_CompanyNmPrn) VALUES (
590,
'Da',
'Sirsonsepu',
NULL,
268440329,
4,
84,
0,
NULL,
NULL,
NULL
);

INSERT INTO phone (CM_Id,CM_PhoneMatching,CM_ExtendedPhoneMatching) VALUES (
590,
3861208,
48435142
);

INSERT INTO contacts (CM_Id,CM_Type,CM_PrefTemplateRefId,CM_UIDString,CM_Last_modified,CM_ContactCreationDate,CM_Attributes,CM_ReplicationCount,CM_Header,CM_TextBlob,CM_SearchableText) VALUES (
591,
268440329,
0,
'00e0db4978ffd678',
#07/06/2006#,
#07/06/2006#,
4,
0,
'0400000006140044000000000000000000200040002e4000102e4000101400c40000000000000000001000c0002e4000102e400010140280010000000000000000',

'00000000',

'        0 3 1 7 8 8 8 5 4 2 5 7 4 3 6   '
);

INSERT INTO identitytable (Parent_CMID,CM_FirstName,CM_LastName,CM_CompanyName,CM_Type,CM_Attributes,CM_HintField,CM_ExtHintField,CM_FirstNmPrn,CM_LastNmPrn,CM_CompanyNmPrn) VALUES (
591,
'Lomineril',
'Dorss',
NULL,
268440329,
4,
84,
0,
NULL,
NULL,
NULL
);

INSERT INTO phone (CM_Id,CM_PhoneMatching,CM_ExtendedPhoneMatching) VALUES (
591,
6347524,
58887130
);

INSERT INTO contacts (CM_Id,CM_Type,CM_PrefTemplateRefId,CM_UIDString,CM_Last_modified,CM_ContactCreationDate,CM_Attributes,CM_ReplicationCount,CM_Header,CM_TextBlob,CM_SearchableText) VALUES (
592,
268440329,
0,
'00e0db4978ffea00',
#07/06/2006#,
#07/06/2006#,
4,
0,
'0400000006140044000000000000000000200040002e4000102e4000101400c40000000000000000001000c0002e4000102e400010140280010000000000000000',

'00000000',

'        1 2 8 1 2 6 7 1 6 0 2 1 6 8 3   '
);

INSERT INTO identitytable (Parent_CMID,CM_FirstName,CM_LastName,CM_CompanyName,CM_Type,CM_Attributes,CM_HintField,CM_ExtHintField,CM_FirstNmPrn,CM_LastNmPrn,CM_CompanyNmPrn) VALUES (
592,
'Ariamohnn',
'K',
NULL,
268440329,
4,
84,
0,
NULL,
NULL,
NULL
);

INSERT INTO phone (CM_Id,CM_PhoneMatching,CM_ExtendedPhoneMatching) VALUES (
592,
3861206,
17621821
);

INSERT INTO contacts (CM_Id,CM_Type,CM_PrefTemplateRefId,CM_UIDString,CM_Last_modified,CM_ContactCreationDate,CM_Attributes,CM_ReplicationCount,CM_Header,CM_TextBlob,CM_SearchableText) VALUES (
593,
268440329,
0,
'00e0db4979001110',
#07/06/2006#,
#07/06/2006#,
4,
0,
'0400000006140044000000000000000000200040002e4000102e4000101400c40000000000000000001000c0002e4000102e400010140280010000000000000000',

'00000000',

'        3 7 7 0 2 6 0 3 4 0 8 1 7 4 0   '
);

INSERT INTO identitytable (Parent_CMID,CM_FirstName,CM_LastName,CM_CompanyName,CM_Type,CM_Attributes,CM_HintField,CM_ExtHintField,CM_FirstNmPrn,CM_LastNmPrn,CM_CompanyNmPrn) VALUES (
593,
'Jondr',
'Sckeyence',
NULL,
268440329,
4,
84,
0,
NULL,
NULL,
NULL
);

INSERT INTO phone (CM_Id,CM_PhoneMatching,CM_ExtendedPhoneMatching) VALUES (
593,
471804,
30620773
);

INSERT INTO contacts (CM_Id,CM_Type,CM_PrefTemplateRefId,CM_UIDString,CM_Last_modified,CM_ContactCreationDate,CM_Attributes,CM_ReplicationCount,CM_Header,CM_TextBlob,CM_SearchableText) VALUES (
594,
268440329,
0,
'00e0db4979003820',
#07/06/2006#,
#07/06/2006#,
4,
0,
'0400000006140044000000000000000000200040002e4000102e4000101400c40000000000000000001000c0002e4000102e400010140280010000000000000000',

'00000000',

'        5 1 1 2 4 2 3 0 4 8 3 7 0 6 3   '
);

INSERT INTO identitytable (Parent_CMID,CM_FirstName,CM_LastName,CM_CompanyName,CM_Type,CM_Attributes,CM_HintField,CM_ExtHintField,CM_FirstNmPrn,CM_LastNmPrn,CM_CompanyNmPrn) VALUES (
594,
'Mand',
'Bettonisshibunwniky',
NULL,
268440329,
4,
84,
0,
NULL,
NULL,
NULL
);

INSERT INTO phone (CM_Id,CM_PhoneMatching,CM_ExtendedPhoneMatching) VALUES (
594,
3607384,
3242115
);

INSERT INTO contacts (CM_Id,CM_Type,CM_PrefTemplateRefId,CM_UIDString,CM_Last_modified,CM_ContactCreationDate,CM_Attributes,CM_ReplicationCount,CM_Header,CM_TextBlob,CM_SearchableText) VALUES (
595,
268440329,
0,
'00e0db4979005f30',
#07/06/2006#,
#07/06/2006#,
4,
0,
'0400000006140044000000000000000000200040002e4000102e4000101400c40000000000000000001000c0002e4000102e400010140280010000000000000000',

'00000000',

'        0 3 1 0 5 2 3 3 3 4 0 8 7 5 6   '
);

INSERT INTO identitytable (Parent_CMID,CM_FirstName,CM_LastName,CM_CompanyName,CM_Type,CM_Attributes,CM_HintField,CM_ExtHintField,CM_FirstNmPrn,CM_LastNmPrn,CM_CompanyNmPrn) VALUES (
595,
'Laelefattal',
'Bume',
NULL,
268440329,
4,
84,
0,
NULL,
NULL,
NULL
);

INSERT INTO phone (CM_Id,CM_PhoneMatching,CM_ExtendedPhoneMatching) VALUES (
595,
6578043,
33250130
);

INSERT INTO contacts (CM_Id,CM_Type,CM_PrefTemplateRefId,CM_UIDString,CM_Last_modified,CM_ContactCreationDate,CM_Attributes,CM_ReplicationCount,CM_Header,CM_TextBlob,CM_SearchableText) VALUES (
596,
268440329,
0,
'00e0db49790072b8',
#07/06/2006#,
#07/06/2006#,
4,
0,
'0400000006140044000000000000000000200040002e4000102e4000101400c40000000000000000001000c0002e4000102e400010140280010000000000000000',

'00000000',

'        6 2 0 2 8 4 0 1 2 6 6 7 1 8 8   '
);

INSERT INTO identitytable (Parent_CMID,CM_FirstName,CM_LastName,CM_CompanyName,CM_Type,CM_Attributes,CM_HintField,CM_ExtHintField,CM_FirstNmPrn,CM_LastNmPrn,CM_CompanyNmPrn) VALUES (
596,
'Oly',
'Stz',
NULL,
268440329,
4,
84,
0,
NULL,
NULL,
NULL
);

INSERT INTO phone (CM_Id,CM_PhoneMatching,CM_ExtendedPhoneMatching) VALUES (
596,
8817662,
10482026
);

INSERT INTO contacts (CM_Id,CM_Type,CM_PrefTemplateRefId,CM_UIDString,CM_Last_modified,CM_ContactCreationDate,CM_Attributes,CM_ReplicationCount,CM_Header,CM_TextBlob,CM_SearchableText) VALUES (
597,
268440329,
0,
'00e0db49790099c8',
#07/06/2006#,
#07/06/2006#,
4,
0,
'0400000006140044000000000000000000200040002e4000102e4000101400c40000000000000000001000c0002e4000102e400010140280010000000000000000',

'00000000',

'        5 1 3 6 6 8 8 5 6 4 2 1 3 7 5   '
);

INSERT INTO identitytable (Parent_CMID,CM_FirstName,CM_LastName,CM_CompanyName,CM_Type,CM_Attributes,CM_HintField,CM_ExtHintField,CM_FirstNmPrn,CM_LastNmPrn,CM_CompanyNmPrn) VALUES (
597,
'Elan',
'Danshance Vaornkmelluinmar',
NULL,
268440329,
4,
84,
0,
NULL,
NULL,
NULL
);

INSERT INTO phone (CM_Id,CM_PhoneMatching,CM_ExtendedPhoneMatching) VALUES (
597,
5731246,
58866315
);

INSERT INTO contacts (CM_Id,CM_Type,CM_PrefTemplateRefId,CM_UIDString,CM_Last_modified,CM_ContactCreationDate,CM_Attributes,CM_ReplicationCount,CM_Header,CM_TextBlob,CM_SearchableText) VALUES (
598,
268440329,
0,
'00e0db497900c0d8',
#07/06/2006#,
#07/06/2006#,
4,
0,
'0400000006140044000000000000000000200040002e4000102e4000101400c40000000000000000001000c0002e4000102e400010140280010000000000000000',

'00000000',

'        2 6 8 5 1 5 1 6 8 0 8 7 6 8 7   '
);

INSERT INTO identitytable (Parent_CMID,CM_FirstName,CM_LastName,CM_CompanyName,CM_Type,CM_Attributes,CM_HintField,CM_ExtHintField,CM_FirstNmPrn,CM_LastNmPrn,CM_CompanyNmPrn) VALUES (
598,
'Mariagaton',
'Hargdoblibene',
NULL,
268440329,
4,
84,
0,
NULL,
NULL,
NULL
);

INSERT INTO phone (CM_Id,CM_PhoneMatching,CM_ExtendedPhoneMatching) VALUES (
598,
7867808,
61515862
);

INSERT INTO contacts (CM_Id,CM_Type,CM_PrefTemplateRefId,CM_UIDString,CM_Last_modified,CM_ContactCreationDate,CM_Attributes,CM_ReplicationCount,CM_Header,CM_TextBlob,CM_SearchableText) VALUES (
599,
268440329,
0,
'00e0db497900e7e8',
#07/06/2006#,
#07/06/2006#,
4,
0,
'0400000006140044000000000000000000200040002e4000102e4000101400c40000000000000000001000c0002e4000102e400010140280010000000000000000',

'00000000',

'        3 4 2 8 7 0 3 2 6 3 1 3 2 6 4   '
);

INSERT INTO identitytable (Parent_CMID,CM_FirstName,CM_LastName,CM_CompanyName,CM_Type,CM_Attributes,CM_HintField,CM_ExtHintField,CM_FirstNmPrn,CM_LastNmPrn,CM_CompanyNmPrn) VALUES (
599,
'Miaves',
'Kippajirertthiess',
NULL,
268440329,
4,
84,
0,
NULL,
NULL,
NULL
);

INSERT INTO phone (CM_Id,CM_PhoneMatching,CM_ExtendedPhoneMatching) VALUES (
599,
4623136,
23078243
);

INSERT INTO contacts (CM_Id,CM_Type,CM_PrefTemplateRefId,CM_UIDString,CM_Last_modified,CM_ContactCreationDate,CM_Attributes,CM_ReplicationCount,CM_Header,CM_TextBlob,CM_SearchableText) VALUES (
600,
268440329,
0,
'00e0db4979010ef8',
#07/06/2006#,
#07/06/2006#,
4,
0,
'0400000006140044000000000000000000200040002e4000102e4000101400c40000000000000000001000c0002e4000102e400010140280010000000000000000',

'00000000',

'        0 0 4 3 6 3 3 5 2 7 4 5 6 8 1   '
);

INSERT INTO identitytable (Parent_CMID,CM_FirstName,CM_LastName,CM_CompanyName,CM_Type,CM_Attributes,CM_HintField,CM_ExtHintField,CM_FirstNmPrn,CM_LastNmPrn,CM_CompanyNmPrn) VALUES (
600,
'Jul',
'Hah',
NULL,
268440329,
4,
84,
0,
NULL,
NULL,
NULL
);

INSERT INTO phone (CM_Id,CM_PhoneMatching,CM_ExtendedPhoneMatching) VALUES (
600,
1865472,
53363400
);

INSERT INTO contacts (CM_Id,CM_Type,CM_PrefTemplateRefId,CM_UIDString,CM_Last_modified,CM_ContactCreationDate,CM_Attributes,CM_ReplicationCount,CM_Header,CM_TextBlob,CM_SearchableText) VALUES (
601,
268440329,
0,
'00e0db4979013608',
#07/06/2006#,
#07/06/2006#,
4,
0,
'0400000006140044000000000000000000200040002e4000102e4000101400c40000000000000000001000c0002e4000102e400010140280010000000000000000',

'00000000',

'        2 5 8 6 6 4 7 6 3 4 6 1 3 8 6   '
);

INSERT INTO identitytable (Parent_CMID,CM_FirstName,CM_LastName,CM_CompanyName,CM_Type,CM_Attributes,CM_HintField,CM_ExtHintField,CM_FirstNmPrn,CM_LastNmPrn,CM_CompanyNmPrn) VALUES (
601,
'Pausan',
'Thar',
NULL,
268440329,
4,
84,
0,
NULL,
NULL,
NULL
);

INSERT INTO phone (CM_Id,CM_PhoneMatching,CM_ExtendedPhoneMatching) VALUES (
601,
6831643,
67466852
);

INSERT INTO contacts (CM_Id,CM_Type,CM_PrefTemplateRefId,CM_UIDString,CM_Last_modified,CM_ContactCreationDate,CM_Attributes,CM_ReplicationCount,CM_Header,CM_TextBlob,CM_SearchableText) VALUES (
602,
268440329,
0,
'00e0db4979018428',
#07/06/2006#,
#07/06/2006#,
4,
0,
'0400000006140044000000000000000000200040002e4000102e4000101400c40000000000000000001000c0002e4000102e400010140280010000000000000000',

'00000000',

'        1 5 2 3 5 2 5 8 1 4 1 3 2 7 2   '
);

INSERT INTO identitytable (Parent_CMID,CM_FirstName,CM_LastName,CM_CompanyName,CM_Type,CM_Attributes,CM_HintField,CM_ExtHintField,CM_FirstNmPrn,CM_LastNmPrn,CM_CompanyNmPrn) VALUES (
602,
'Jan',
'Ras',
NULL,
268440329,
4,
84,
0,
NULL,
NULL,
NULL
);

INSERT INTO phone (CM_Id,CM_PhoneMatching,CM_ExtendedPhoneMatching) VALUES (
602,
2723141,
85253251
);

INSERT INTO contacts (CM_Id,CM_Type,CM_PrefTemplateRefId,CM_UIDString,CM_Last_modified,CM_ContactCreationDate,CM_Attributes,CM_ReplicationCount,CM_Header,CM_TextBlob,CM_SearchableText) VALUES (
603,
268440329,
0,
'00e0db497901ab38',
#07/06/2006#,
#07/06/2006#,
4,
0,
'0400000006140044000000000000000000200040002e4000102e4000101400c40000000000000000001000c0002e4000102e400010140280010000000000000000',

'00000000',

'        7 5 8 0 2 7 5 0 4 5 3 2 2 7 3   '
);

INSERT INTO identitytable (Parent_CMID,CM_FirstName,CM_LastName,CM_CompanyName,CM_Type,CM_Attributes,CM_HintField,CM_ExtHintField,CM_FirstNmPrn,CM_LastNmPrn,CM_CompanyNmPrn) VALUES (
603,
'Je',
'Quvicez',
NULL,
268440329,
4,
84,
0,
NULL,
NULL,
NULL
);

INSERT INTO phone (CM_Id,CM_PhoneMatching,CM_ExtendedPhoneMatching) VALUES (
603,
3722354,
5720857
);

INSERT INTO contacts (CM_Id,CM_Type,CM_PrefTemplateRefId,CM_UIDString,CM_Last_modified,CM_ContactCreationDate,CM_Attributes,CM_ReplicationCount,CM_Header,CM_TextBlob,CM_SearchableText) VALUES (
604,
268440329,
0,
'00e0db497901d248',
#07/06/2006#,
#07/06/2006#,
4,
0,
'0400000006140044000000000000000000200040002e4000102e4000101400c40000000000000000001000c0002e4000102e400010140280010000000000000000',

'00000000',

'        5 6 4 4 7 0 8 7 7 2 1 6 4 3 4   '
);

INSERT INTO identitytable (Parent_CMID,CM_FirstName,CM_LastName,CM_CompanyName,CM_Type,CM_Attributes,CM_HintField,CM_ExtHintField,CM_FirstNmPrn,CM_LastNmPrn,CM_CompanyNmPrn) VALUES (
604,
'Mattan',
'Honss',
NULL,
268440329,
4,
84,
0,
NULL,
NULL,
NULL
);

INSERT INTO phone (CM_Id,CM_PhoneMatching,CM_ExtendedPhoneMatching) VALUES (
604,
4346127,
78074465
);

INSERT INTO contacts (CM_Id,CM_Type,CM_PrefTemplateRefId,CM_UIDString,CM_Last_modified,CM_ContactCreationDate,CM_Attributes,CM_ReplicationCount,CM_Header,CM_TextBlob,CM_SearchableText) VALUES (
605,
268440329,
0,
'00e0db497901e5d0',
#07/06/2006#,
#07/06/2006#,
4,
0,
'0400000006140044000000000000000000200040002e4000102e4000101400c40000000000000000001000c0002e4000102e400010140280010000000000000000',

'00000000',

'        7 3 1 1 8 2 8 1 2 4 3 0 2 4 8   '
);

INSERT INTO identitytable (Parent_CMID,CM_FirstName,CM_LastName,CM_CompanyName,CM_Type,CM_Attributes,CM_HintField,CM_ExtHintField,CM_FirstNmPrn,CM_LastNmPrn,CM_CompanyNmPrn) VALUES (
605,
'Jan',
'Guthinkwe',
NULL,
268440329,
4,
84,
0,
NULL,
NULL,
NULL
);

INSERT INTO phone (CM_Id,CM_PhoneMatching,CM_ExtendedPhoneMatching) VALUES (
605,
8420342,
18281137
);

INSERT INTO contacts (CM_Id,CM_Type,CM_PrefTemplateRefId,CM_UIDString,CM_Last_modified,CM_ContactCreationDate,CM_Attributes,CM_ReplicationCount,CM_Header,CM_TextBlob,CM_SearchableText) VALUES (
606,
268440329,
0,
'00e0db4979020ce0',
#07/06/2006#,
#07/06/2006#,
4,
0,
'0400000006140044000000000000000000200040002e4000102e4000101400c40000000000000000001000c0002e4000102e400010140280010000000000000000',

'00000000',

'        3 1 4 6 0 5 8 7 5 0 1 4 1 0 2   '
);

INSERT INTO identitytable (Parent_CMID,CM_FirstName,CM_LastName,CM_CompanyName,CM_Type,CM_Attributes,CM_HintField,CM_ExtHintField,CM_FirstNmPrn,CM_LastNmPrn,CM_CompanyNmPrn) VALUES (
606,
'Vin',
'Lansong',
NULL,
268440329,
4,
84,
0,
NULL,
NULL,
NULL
);

INSERT INTO phone (CM_Id,CM_PhoneMatching,CM_ExtendedPhoneMatching) VALUES (
606,
2014105,
78506413
);

INSERT INTO contacts (CM_Id,CM_Type,CM_PrefTemplateRefId,CM_UIDString,CM_Last_modified,CM_ContactCreationDate,CM_Attributes,CM_ReplicationCount,CM_Header,CM_TextBlob,CM_SearchableText) VALUES (
607,
268440329,
0,
'00e0db49790233f0',
#07/06/2006#,
#07/06/2006#,
4,
0,
'0400000006140044000000000000000000200040002e4000102e4000101400c40000000000000000001000c0002e4000102e400010140280010000000000000000',

'00000000',

'        5 7 0 2 3 1 7 8 2 8 2 4 6 6 2   '
);

INSERT INTO identitytable (Parent_CMID,CM_FirstName,CM_LastName,CM_CompanyName,CM_Type,CM_Attributes,CM_HintField,CM_ExtHintField,CM_FirstNmPrn,CM_LastNmPrn,CM_CompanyNmPrn) VALUES (
607,
'Nime',
'Bukerd',
NULL,
268440329,
4,
84,
0,
NULL,
NULL,
NULL
);

INSERT INTO phone (CM_Id,CM_PhoneMatching,CM_ExtendedPhoneMatching) VALUES (
607,
2664282,
87132075
);

INSERT INTO contacts (CM_Id,CM_Type,CM_PrefTemplateRefId,CM_UIDString,CM_Last_modified,CM_ContactCreationDate,CM_Attributes,CM_ReplicationCount,CM_Header,CM_TextBlob,CM_SearchableText) VALUES (
608,
268440329,
0,
'00e0db4979025b00',
#07/06/2006#,
#07/06/2006#,
4,
0,
'0400000006140044000000000000000000200040002e4000102e4000101400c40000000000000000001000c0002e4000102e400010140280010000000000000000',

'00000000',

'        7 0 2 0 6 3 5 0 4 1 7 8 4 5 3   '
);

INSERT INTO identitytable (Parent_CMID,CM_FirstName,CM_LastName,CM_CompanyName,CM_Type,CM_Attributes,CM_HintField,CM_ExtHintField,CM_FirstNmPrn,CM_LastNmPrn,CM_CompanyNmPrn) VALUES (
608,
'Suidene',
'Sisondmee',
NULL,
268440329,
4,
84,
0,
NULL,
NULL,
NULL
);

INSERT INTO phone (CM_Id,CM_PhoneMatching,CM_ExtendedPhoneMatching) VALUES (
608,
3548714,
5360207
);

INSERT INTO contacts (CM_Id,CM_Type,CM_PrefTemplateRefId,CM_UIDString,CM_Last_modified,CM_ContactCreationDate,CM_Attributes,CM_ReplicationCount,CM_Header,CM_TextBlob,CM_SearchableText) VALUES (
609,
268440329,
0,
'00e0db4979026e88',
#07/06/2006#,
#07/06/2006#,
4,
0,
'0400000006140044000000000000000000200040002e4000102e4000101400c40000000000000000001000c0002e4000102e400010140280010000000000000000',

'00000000',

'        2 4 7 0 5 2 4 0 0 8 6 7 5 7 2   '
);

INSERT INTO identitytable (Parent_CMID,CM_FirstName,CM_LastName,CM_CompanyName,CM_Type,CM_Attributes,CM_HintField,CM_ExtHintField,CM_FirstNmPrn,CM_LastNmPrn,CM_CompanyNmPrn) VALUES (
609,
'Honik',
'Fantscerstetoringu',
NULL,
268440329,
4,
84,
0,
NULL,
NULL,
NULL
);

INSERT INTO phone (CM_Id,CM_PhoneMatching,CM_ExtendedPhoneMatching) VALUES (
609,
2757680,
4250742
);

INSERT INTO contacts (CM_Id,CM_Type,CM_PrefTemplateRefId,CM_UIDString,CM_Last_modified,CM_ContactCreationDate,CM_Attributes,CM_ReplicationCount,CM_Header,CM_TextBlob,CM_SearchableText) VALUES (
610,
268440329,
0,
'00e0db4979029598',
#07/06/2006#,
#07/06/2006#,
4,
0,
'0400000006140044000000000000000000200040002e4000102e4000101400c40000000000000000001000c0002e4000102e400010140280010000000000000000',

'00000000',

'        0 6 6 1 2 1 0 7 1 7 4 2 7 6 7   '
);

INSERT INTO identitytable (Parent_CMID,CM_FirstName,CM_LastName,CM_CompanyName,CM_Type,CM_Attributes,CM_HintField,CM_ExtHintField,CM_FirstNmPrn,CM_LastNmPrn,CM_CompanyNmPrn) VALUES (
610,
'Domeohegatin',
'Dakar',
NULL,
268440329,
4,
84,
0,
NULL,
NULL,
NULL
);

INSERT INTO phone (CM_Id,CM_PhoneMatching,CM_ExtendedPhoneMatching) VALUES (
610,
7672471,
70121660
);

INSERT INTO contacts (CM_Id,CM_Type,CM_PrefTemplateRefId,CM_UIDString,CM_Last_modified,CM_ContactCreationDate,CM_Attributes,CM_ReplicationCount,CM_Header,CM_TextBlob,CM_SearchableText) VALUES (
611,
268440329,
0,
'00e0db497902bca8',
#07/06/2006#,
#07/06/2006#,
4,
0,
'0400000006140044000000000000000000200040002e4000102e4000101400c40000000000000000001000c0002e4000102e400010140280010000000000000000',

'00000000',

'        6 1 7 3 5 7 1 8 5 5 5 7 8 2 0   '
);

INSERT INTO identitytable (Parent_CMID,CM_FirstName,CM_LastName,CM_CompanyName,CM_Type,CM_Attributes,CM_HintField,CM_ExtHintField,CM_FirstNmPrn,CM_LastNmPrn,CM_CompanyNmPrn) VALUES (
611,
'Abes',
'Dipatchthirchanoync',
NULL,
268440329,
4,
84,
0,
NULL,
NULL,
NULL
);

INSERT INTO phone (CM_Id,CM_PhoneMatching,CM_ExtendedPhoneMatching) VALUES (
611,
287555,
81753716
);

INSERT INTO contacts (CM_Id,CM_Type,CM_PrefTemplateRefId,CM_UIDString,CM_Last_modified,CM_ContactCreationDate,CM_Attributes,CM_ReplicationCount,CM_Header,CM_TextBlob,CM_SearchableText) VALUES (
612,
268440329,
0,
'00e0db497902e3b8',
#07/06/2006#,
#07/06/2006#,
4,
0,
'0400000006140044000000000000000000200040002e4000102e4000101400c40000000000000000001000c0002e4000102e400010140280010000000000000000',

'00000000',

'        8 6 4 2 4 6 3 0 8 5 3 2 6 3 8   '
);

INSERT INTO identitytable (Parent_CMID,CM_FirstName,CM_LastName,CM_CompanyName,CM_Type,CM_Attributes,CM_HintField,CM_ExtHintField,CM_FirstNmPrn,CM_LastNmPrn,CM_CompanyNmPrn) VALUES (
612,
'Bil',
'Jond',
NULL,
268440329,
4,
84,
0,
NULL,
NULL,
NULL
);

INSERT INTO phone (CM_Id,CM_PhoneMatching,CM_ExtendedPhoneMatching) VALUES (
612,
8362358,
3642468
);

INSERT INTO contacts (CM_Id,CM_Type,CM_PrefTemplateRefId,CM_UIDString,CM_Last_modified,CM_ContactCreationDate,CM_Attributes,CM_ReplicationCount,CM_Header,CM_TextBlob,CM_SearchableText) VALUES (
613,
268440329,
0,
'00e0db4979030ac8',
#07/06/2006#,
#07/06/2006#,
4,
0,
'0400000006140044000000000000000000200040002e4000102e4000101400c40000000000000000001000c0002e4000102e400010140280010000000000000000',

'00000000',

'        5 0 7 5 8 5 7 8 8 5 1 4 1 3 5   '
);

INSERT INTO identitytable (Parent_CMID,CM_FirstName,CM_LastName,CM_CompanyName,CM_Type,CM_Attributes,CM_HintField,CM_ExtHintField,CM_FirstNmPrn,CM_LastNmPrn,CM_CompanyNmPrn) VALUES (
613,
'Shevil',
'Alducanitegilutcou',
NULL,
268440329,
4,
84,
0,
NULL,
NULL,
NULL
);

INSERT INTO phone (CM_Id,CM_PhoneMatching,CM_ExtendedPhoneMatching) VALUES (
613,
5314158,
87585705
);

INSERT INTO contacts (CM_Id,CM_Type,CM_PrefTemplateRefId,CM_UIDString,CM_Last_modified,CM_ContactCreationDate,CM_Attributes,CM_ReplicationCount,CM_Header,CM_TextBlob,CM_SearchableText) VALUES (
614,
268440329,
0,
'00e0db497903edd5',
#07/06/2006#,
#07/06/2006#,
4,
0,
'0400000006140044000000000000000000200040002e4000102e4000101400c40000000000000000001000c0002e4000102e400010140280010000000000000000',

'00000000',

'        7 7 6 2 7 2 6 0 6 4 0 3 0 2 4   '
);

INSERT INTO identitytable (Parent_CMID,CM_FirstName,CM_LastName,CM_CompanyName,CM_Type,CM_Attributes,CM_HintField,CM_ExtHintField,CM_FirstNmPrn,CM_LastNmPrn,CM_CompanyNmPrn) VALUES (
614,
'Je',
'Waransklowanyfar',
NULL,
268440329,
4,
84,
0,
NULL,
NULL,
NULL
);

INSERT INTO phone (CM_Id,CM_PhoneMatching,CM_ExtendedPhoneMatching) VALUES (
614,
4203046,
6272677
);

INSERT INTO contacts (CM_Id,CM_Type,CM_PrefTemplateRefId,CM_UIDString,CM_Last_modified,CM_ContactCreationDate,CM_Attributes,CM_ReplicationCount,CM_Header,CM_TextBlob,CM_SearchableText) VALUES (
615,
268440329,
0,
'00e0db49790414e5',
#07/06/2006#,
#07/06/2006#,
4,
0,
'0400000006140044000000000000000000200040002e4000102e4000101400c40000000000000000001000c0002e4000102e400010140280010000000000000000',

'00000000',

'        5 5 7 0 4 6 7 3 0 1 1 4 2 8 0   '
);

INSERT INTO identitytable (Parent_CMID,CM_FirstName,CM_LastName,CM_CompanyName,CM_Type,CM_Attributes,CM_HintField,CM_ExtHintField,CM_FirstNmPrn,CM_LastNmPrn,CM_CompanyNmPrn) VALUES (
615,
'Jo',
'Wick',
NULL,
268440329,
4,
84,
0,
NULL,
NULL,
NULL
);

INSERT INTO phone (CM_Id,CM_PhoneMatching,CM_ExtendedPhoneMatching) VALUES (
615,
824110,
37640755
);

INSERT INTO contacts (CM_Id,CM_Type,CM_PrefTemplateRefId,CM_UIDString,CM_Last_modified,CM_ContactCreationDate,CM_Attributes,CM_ReplicationCount,CM_Header,CM_TextBlob,CM_SearchableText) VALUES (
616,
268440329,
0,
'00e0db4979043bf5',
#07/06/2006#,
#07/06/2006#,
4,
0,
'0400000006140044000000000000000000200040002e4000102e4000101400c40000000000000000001000c0002e4000102e400010140280010000000000000000',

'00000000',

'        2 4 4 6 8 2 5 5 2 2 2 2 7 2 4   '
);

INSERT INTO identitytable (Parent_CMID,CM_FirstName,CM_LastName,CM_CompanyName,CM_Type,CM_Attributes,CM_HintField,CM_ExtHintField,CM_FirstNmPrn,CM_LastNmPrn,CM_CompanyNmPrn) VALUES (
616,
'Gl',
'Sishanelie',
NULL,
268440329,
4,
84,
0,
NULL,
NULL,
NULL
);

INSERT INTO phone (CM_Id,CM_PhoneMatching,CM_ExtendedPhoneMatching) VALUES (
616,
4272222,
55286442
);

INSERT INTO contacts (CM_Id,CM_Type,CM_PrefTemplateRefId,CM_UIDString,CM_Last_modified,CM_ContactCreationDate,CM_Attributes,CM_ReplicationCount,CM_Header,CM_TextBlob,CM_SearchableText) VALUES (
617,
268440329,
0,
'00e0db4979049d9d',
#07/06/2006#,
#07/06/2006#,
4,
0,
'0400000006140044000000000000000000200040002e4000102e4000101400c40000000000000000001000c0002e4000102e400010140280010000000000000000',

'00000000',

'        7 7 5 4 4 1 3 1 2 6 7 6 2 1 3   '
);

INSERT INTO identitytable (Parent_CMID,CM_FirstName,CM_LastName,CM_CompanyName,CM_Type,CM_Attributes,CM_HintField,CM_ExtHintField,CM_FirstNmPrn,CM_LastNmPrn,CM_CompanyNmPrn) VALUES (
617,
'Sule',
'Ustos',
NULL,
268440329,
4,
84,
0,
NULL,
NULL,
NULL
);

INSERT INTO phone (CM_Id,CM_PhoneMatching,CM_ExtendedPhoneMatching) VALUES (
617,
3126762,
13144577
);

INSERT INTO contacts (CM_Id,CM_Type,CM_PrefTemplateRefId,CM_UIDString,CM_Last_modified,CM_ContactCreationDate,CM_Attributes,CM_ReplicationCount,CM_Header,CM_TextBlob,CM_SearchableText) VALUES (
618,
268440329,
0,
'00e0db497904c4ad',
#07/06/2006#,
#07/06/2006#,
4,
0,
'0400000006140044000000000000000000200040002e4000102e4000101400c40000000000000000001000c0002e4000102e400010140280010000000000000000',

'00000000',

'        0 7 8 7 3 2 0 3 4 6 2 8 7 1 6   '
);

INSERT INTO identitytable (Parent_CMID,CM_FirstName,CM_LastName,CM_CompanyName,CM_Type,CM_Attributes,CM_HintField,CM_ExtHintField,CM_FirstNmPrn,CM_LastNmPrn,CM_CompanyNmPrn) VALUES (
618,
'Telas',
'Ek',
NULL,
268440329,
4,
84,
0,
NULL,
NULL,
NULL
);

INSERT INTO phone (CM_Id,CM_PhoneMatching,CM_ExtendedPhoneMatching) VALUES (
618,
6178264,
30237870
);

INSERT INTO contacts (CM_Id,CM_Type,CM_PrefTemplateRefId,CM_UIDString,CM_Last_modified,CM_ContactCreationDate,CM_Attributes,CM_ReplicationCount,CM_Header,CM_TextBlob,CM_SearchableText) VALUES (
619,
268440329,
0,
'00e0db497904d835',
#07/06/2006#,
#07/06/2006#,
4,
0,
'0400000006140044000000000000000000200040002e4000102e4000101400c40000000000000000001000c0002e4000102e400010140280010000000000000000',

'00000000',

'        8 5 4 7 2 3 8 2 1 2 4 1 7 0 1   '
);

INSERT INTO identitytable (Parent_CMID,CM_FirstName,CM_LastName,CM_CompanyName,CM_Type,CM_Attributes,CM_HintField,CM_ExtHintField,CM_FirstNmPrn,CM_LastNmPrn,CM_CompanyNmPrn) VALUES (
619,
'Der',
'Witetc',
NULL,
268440329,
4,
84,
0,
NULL,
NULL,
NULL
);

INSERT INTO phone (CM_Id,CM_PhoneMatching,CM_ExtendedPhoneMatching) VALUES (
619,
1071421,
28327458
);

INSERT INTO contacts (CM_Id,CM_Type,CM_PrefTemplateRefId,CM_UIDString,CM_Last_modified,CM_ContactCreationDate,CM_Attributes,CM_ReplicationCount,CM_Header,CM_TextBlob,CM_SearchableText) VALUES (
620,
268440329,
0,
'00e0db497904ff45',
#07/06/2006#,
#07/06/2006#,
4,
0,
'0400000006140044000000000000000000200040002e4000102e4000101400c40000000000000000001000c0002e4000102e400010140280010000000000000000',

'00000000',

'        1 7 3 7 5 7 0 7 2 0 3 2 6 7 3   '
);

INSERT INTO identitytable (Parent_CMID,CM_FirstName,CM_LastName,CM_CompanyName,CM_Type,CM_Attributes,CM_HintField,CM_ExtHintField,CM_FirstNmPrn,CM_LastNmPrn,CM_CompanyNmPrn) VALUES (
620,
'Jaimb',
'Bavichil',
NULL,
268440329,
4,
84,
0,
NULL,
NULL,
NULL
);

INSERT INTO phone (CM_Id,CM_PhoneMatching,CM_ExtendedPhoneMatching) VALUES (
620,
3762302,
70757371
);

INSERT INTO contacts (CM_Id,CM_Type,CM_PrefTemplateRefId,CM_UIDString,CM_Last_modified,CM_ContactCreationDate,CM_Attributes,CM_ReplicationCount,CM_Header,CM_TextBlob,CM_SearchableText) VALUES (
621,
268440329,
0,
'00e0db4979052655',
#07/06/2006#,
#07/06/2006#,
4,
0,
'0400000006140044000000000000000000200040002e4000102e4000101400c40000000000000000001000c0002e4000102e400010140280010000000000000000',

'00000000',

'        4 2 8 5 3 5 2 6 7 5 6 1 7 6 1   '
);

INSERT INTO identitytable (Parent_CMID,CM_FirstName,CM_LastName,CM_CompanyName,CM_Type,CM_Attributes,CM_HintField,CM_ExtHintField,CM_FirstNmPrn,CM_LastNmPrn,CM_CompanyNmPrn) VALUES (
621,
'Wil',
'Bu',
NULL,
268440329,
4,
84,
0,
NULL,
NULL,
NULL
);

INSERT INTO phone (CM_Id,CM_PhoneMatching,CM_ExtendedPhoneMatching) VALUES (
621,
1671657,
62535824
);

INSERT INTO contacts (CM_Id,CM_Type,CM_PrefTemplateRefId,CM_UIDString,CM_Last_modified,CM_ContactCreationDate,CM_Attributes,CM_ReplicationCount,CM_Header,CM_TextBlob,CM_SearchableText) VALUES (
622,
268440329,
0,
'00e0db49790539dd',
#07/06/2006#,
#07/06/2006#,
4,
0,
'0400000006140044000000000000000000200040002e4000102e4000101400c40000000000000000001000c0002e4000102e400010140280010000000000000000',

'00000000',

'        5 8 5 0 4 5 2 3 3 7 6 2 0 2 5   '
);

INSERT INTO identitytable (Parent_CMID,CM_FirstName,CM_LastName,CM_CompanyName,CM_Type,CM_Attributes,CM_HintField,CM_ExtHintField,CM_FirstNmPrn,CM_LastNmPrn,CM_CompanyNmPrn) VALUES (
622,
'Tha',
'Lensonjanewnsoju',
NULL,
268440329,
4,
84,
0,
NULL,
NULL,
NULL
);

INSERT INTO phone (CM_Id,CM_PhoneMatching,CM_ExtendedPhoneMatching) VALUES (
622,
5202673,
32540585
);

INSERT INTO contacts (CM_Id,CM_Type,CM_PrefTemplateRefId,CM_UIDString,CM_Last_modified,CM_ContactCreationDate,CM_Attributes,CM_ReplicationCount,CM_Header,CM_TextBlob,CM_SearchableText) VALUES (
623,
268440329,
0,
'00e0db49790560ed',
#07/06/2006#,
#07/06/2006#,
4,
0,
'0400000006140044000000000000000000200040002e4000102e4000101400c40000000000000000001000c0002e4000102e400010140280010000000000000000',

'00000000',

'        8 1 5 3 7 0 4 6 8 8 5 5 5 8 7   '
);

INSERT INTO identitytable (Parent_CMID,CM_FirstName,CM_LastName,CM_CompanyName,CM_Type,CM_Attributes,CM_HintField,CM_ExtHintField,CM_FirstNmPrn,CM_LastNmPrn,CM_CompanyNmPrn) VALUES (
623,
'Tenajaretel',
'Lia',
NULL,
268440329,
4,
84,
0,
NULL,
NULL,
NULL
);

INSERT INTO phone (CM_Id,CM_PhoneMatching,CM_ExtendedPhoneMatching) VALUES (
623,
7855588,
64073518
);

INSERT INTO contacts (CM_Id,CM_Type,CM_PrefTemplateRefId,CM_UIDString,CM_Last_modified,CM_ContactCreationDate,CM_Attributes,CM_ReplicationCount,CM_Header,CM_TextBlob,CM_SearchableText) VALUES (
624,
268440329,
0,
'00e0db4979059b85',
#07/06/2006#,
#07/06/2006#,
4,
0,
'0400000006140044000000000000000000200040002e4000102e4000101400c40000000000000000001000c0002e4000102e400010140280010000000000000000',

'00000000',

'        8 4 8 5 3 5 8 6 2 4 4 5 4 5 4   '
);

INSERT INTO identitytable (Parent_CMID,CM_FirstName,CM_LastName,CM_CompanyName,CM_Type,CM_Attributes,CM_HintField,CM_ExtHintField,CM_FirstNmPrn,CM_LastNmPrn,CM_CompanyNmPrn) VALUES (
624,
'Bewohen',
'Sas',
NULL,
268440329,
4,
84,
0,
NULL,
NULL,
NULL
);

INSERT INTO phone (CM_Id,CM_PhoneMatching,CM_ExtendedPhoneMatching) VALUES (
624,
4545442,
68535848
);

INSERT INTO contacts (CM_Id,CM_Type,CM_PrefTemplateRefId,CM_UIDString,CM_Last_modified,CM_ContactCreationDate,CM_Attributes,CM_ReplicationCount,CM_Header,CM_TextBlob,CM_SearchableText) VALUES (
625,
268440329,
0,
'00e0db497905c295',
#07/06/2006#,
#07/06/2006#,
4,
0,
'0400000006140044000000000000000000200040002e4000102e4000101400c40000000000000000001000c0002e4000102e400010140280010000000000000000',

'00000000',

'        7 3 7 6 4 8 1 8 2 0 1 0 8 2 3   '
);

INSERT INTO identitytable (Parent_CMID,CM_FirstName,CM_LastName,CM_CompanyName,CM_Type,CM_Attributes,CM_HintField,CM_ExtHintField,CM_FirstNmPrn,CM_LastNmPrn,CM_CompanyNmPrn) VALUES (
625,
'La',
'Wawethl',
NULL,
268440329,
4,
84,
0,
NULL,
NULL,
NULL
);

INSERT INTO phone (CM_Id,CM_PhoneMatching,CM_ExtendedPhoneMatching) VALUES (
625,
3280102,
81846737
);

INSERT INTO contacts (CM_Id,CM_Type,CM_PrefTemplateRefId,CM_UIDString,CM_Last_modified,CM_ContactCreationDate,CM_Attributes,CM_ReplicationCount,CM_Header,CM_TextBlob,CM_SearchableText) VALUES (
626,
268440329,
0,
'00e0db497905e9a5',
#07/06/2006#,
#07/06/2006#,
4,
0,
'0400000006140044000000000000000000200040002e4000102e4000101400c40000000000000000001000c0002e4000102e400010140280010000000000000000',

'00000000',

'        2 6 4 8 8 7 7 1 0 3 3 3 8 5 1   '
);

INSERT INTO identitytable (Parent_CMID,CM_FirstName,CM_LastName,CM_CompanyName,CM_Type,CM_Attributes,CM_HintField,CM_ExtHintField,CM_FirstNmPrn,CM_LastNmPrn,CM_CompanyNmPrn) VALUES (
626,
'Soricinyobdot',
'Hastsonch',
NULL,
268440329,
4,
84,
0,
NULL,
NULL,
NULL
);

INSERT INTO phone (CM_Id,CM_PhoneMatching,CM_ExtendedPhoneMatching) VALUES (
626,
1583330,
17788462
);

INSERT INTO contacts (CM_Id,CM_Type,CM_PrefTemplateRefId,CM_UIDString,CM_Last_modified,CM_ContactCreationDate,CM_Attributes,CM_ReplicationCount,CM_Header,CM_TextBlob,CM_SearchableText) VALUES (
627,
268440329,
0,
'00e0db497905fd2d',
#07/06/2006#,
#07/06/2006#,
4,
0,
'0400000006140044000000000000000000200040002e4000102e4000101400c40000000000000000001000c0002e4000102e400010140280010000000000000000',

'00000000',

'        0 5 8 5 0 2 5 5 2 8 4 3 3 2 3   '
);

INSERT INTO identitytable (Parent_CMID,CM_FirstName,CM_LastName,CM_CompanyName,CM_Type,CM_Attributes,CM_HintField,CM_ExtHintField,CM_FirstNmPrn,CM_LastNmPrn,CM_CompanyNmPrn) VALUES (
627,
'Pethianiegomoshan',
'Mar',
NULL,
268440329,
4,
84,
0,
NULL,
NULL,
NULL
);

INSERT INTO phone (CM_Id,CM_PhoneMatching,CM_ExtendedPhoneMatching) VALUES (
627,
3233482,
55205850
);

INSERT INTO contacts (CM_Id,CM_Type,CM_PrefTemplateRefId,CM_UIDString,CM_Last_modified,CM_ContactCreationDate,CM_Attributes,CM_ReplicationCount,CM_Header,CM_TextBlob,CM_SearchableText) VALUES (
628,
268440329,
0,
'00e0db497906243d',
#07/06/2006#,
#07/06/2006#,
4,
0,
'0400000006140044000000000000000000200040002e4000102e4000101400c40000000000000000001000c0002e4000102e400010140280010000000000000000',

'00000000',

'        2 8 1 0 2 4 1 3 1 0 6 7 0 8 7   '
);

INSERT INTO identitytable (Parent_CMID,CM_FirstName,CM_LastName,CM_CompanyName,CM_Type,CM_Attributes,CM_HintField,CM_ExtHintField,CM_FirstNmPrn,CM_LastNmPrn,CM_CompanyNmPrn) VALUES (
628,
'Rix',
'Huss',
NULL,
268440329,
4,
84,
0,
NULL,
NULL,
NULL
);

INSERT INTO phone (CM_Id,CM_PhoneMatching,CM_ExtendedPhoneMatching) VALUES (
628,
7807601,
31420182
);

INSERT INTO contacts (CM_Id,CM_Type,CM_PrefTemplateRefId,CM_UIDString,CM_Last_modified,CM_ContactCreationDate,CM_Attributes,CM_ReplicationCount,CM_Header,CM_TextBlob,CM_SearchableText) VALUES (
629,
268440329,
0,
'00e0db49790637c5',
#07/06/2006#,
#07/06/2006#,
4,
0,
'0400000006140044000000000000000000200040002e4000102e4000101400c40000000000000000001000c0002e4000102e400010140280010000000000000000',

'00000000',

'        0 6 4 5 5 0 5 6 2 4 8 1 4 1 1   '
);

INSERT INTO identitytable (Parent_CMID,CM_FirstName,CM_LastName,CM_CompanyName,CM_Type,CM_Attributes,CM_HintField,CM_ExtHintField,CM_FirstNmPrn,CM_LastNmPrn,CM_CompanyNmPrn) VALUES (
629,
'Sinissan',
'Kalmarackhide',
NULL,
268440329,
4,
84,
0,
NULL,
NULL,
NULL
);

INSERT INTO phone (CM_Id,CM_PhoneMatching,CM_ExtendedPhoneMatching) VALUES (
629,
1141842,
65055460
);

INSERT INTO contacts (CM_Id,CM_Type,CM_PrefTemplateRefId,CM_UIDString,CM_Last_modified,CM_ContactCreationDate,CM_Attributes,CM_ReplicationCount,CM_Header,CM_TextBlob,CM_SearchableText) VALUES (
630,
268440329,
0,
'00e0db4979065ed5',
#07/06/2006#,
#07/06/2006#,
4,
0,
'0400000006140044000000000000000000200040002e4000102e4000101400c40000000000000000001000c0002e4000102e400010140280010000000000000000',

'00000000',

'        3 8 0 7 1 7 3 2 5 2 6 5 6 7 1   '
);

INSERT INTO identitytable (Parent_CMID,CM_FirstName,CM_LastName,CM_CompanyName,CM_Type,CM_Attributes,CM_HintField,CM_ExtHintField,CM_FirstNmPrn,CM_LastNmPrn,CM_CompanyNmPrn) VALUES (
630,
'Frk',
'Dazenedriartijutc',
NULL,
268440329,
4,
84,
0,
NULL,
NULL,
NULL
);

INSERT INTO phone (CM_Id,CM_PhoneMatching,CM_ExtendedPhoneMatching) VALUES (
630,
1765625,
23717083
);

INSERT INTO contacts (CM_Id,CM_Type,CM_PrefTemplateRefId,CM_UIDString,CM_Last_modified,CM_ContactCreationDate,CM_Attributes,CM_ReplicationCount,CM_Header,CM_TextBlob,CM_SearchableText) VALUES (
631,
268440329,
0,
'00e0db49790685e5',
#07/06/2006#,
#07/06/2006#,
4,
0,
'0400000006140044000000000000000000200040002e4000102e4000101400c40000000000000000001000c0002e4000102e400010140280010000000000000000',

'00000000',

'        4 6 2 6 0 0 2 0 0 3 0 4 4 7 2   '
);

INSERT INTO identitytable (Parent_CMID,CM_FirstName,CM_LastName,CM_CompanyName,CM_Type,CM_Attributes,CM_HintField,CM_ExtHintField,CM_FirstNmPrn,CM_LastNmPrn,CM_CompanyNmPrn) VALUES (
631,
'Sattimily',
'Mendllinang',
NULL,
268440329,
4,
84,
0,
NULL,
NULL,
NULL
);

INSERT INTO phone (CM_Id,CM_PhoneMatching,CM_ExtendedPhoneMatching) VALUES (
631,
2744030,
2006264
);

INSERT INTO contacts (CM_Id,CM_Type,CM_PrefTemplateRefId,CM_UIDString,CM_Last_modified,CM_ContactCreationDate,CM_Attributes,CM_ReplicationCount,CM_Header,CM_TextBlob,CM_SearchableText) VALUES (
632,
268440329,
0,
'00e0db497906fb15',
#07/06/2006#,
#07/06/2006#,
4,
0,
'0400000006140044000000000000000000200040002e4000102e4000101400c40000000000000000001000c0002e4000102e400010140280010000000000000000',

'00000000',

'        6 5 4 4 6 4 7 7 0 5 3 5 5 4 7   '
);

INSERT INTO identitytable (Parent_CMID,CM_FirstName,CM_LastName,CM_CompanyName,CM_Type,CM_Attributes,CM_HintField,CM_ExtHintField,CM_FirstNmPrn,CM_LastNmPrn,CM_CompanyNmPrn) VALUES (
632,
'Kerrid',
'Hicer',
NULL,
268440329,
4,
84,
0,
NULL,
NULL,
NULL
);

INSERT INTO phone (CM_Id,CM_PhoneMatching,CM_ExtendedPhoneMatching) VALUES (
632,
7455350,
77464456
);

INSERT INTO contacts (CM_Id,CM_Type,CM_PrefTemplateRefId,CM_UIDString,CM_Last_modified,CM_ContactCreationDate,CM_Attributes,CM_ReplicationCount,CM_Header,CM_TextBlob,CM_SearchableText) VALUES (
633,
268440329,
0,
'00e0db4979072225',
#07/06/2006#,
#07/06/2006#,
4,
0,
'0400000006140044000000000000000000200040002e4000102e4000101400c40000000000000000001000c0002e4000102e400010140280010000000000000000',

'00000000',

'        3 8 6 1 7 8 2 6 7 5 1 7 8 3 0   '
);

INSERT INTO identitytable (Parent_CMID,CM_FirstName,CM_LastName,CM_CompanyName,CM_Type,CM_Attributes,CM_HintField,CM_ExtHintField,CM_FirstNmPrn,CM_LastNmPrn,CM_CompanyNmPrn) VALUES (
633,
'Zob',
'Hist',
NULL,
268440329,
4,
84,
0,
NULL,
NULL,
NULL
);

INSERT INTO phone (CM_Id,CM_PhoneMatching,CM_ExtendedPhoneMatching) VALUES (
633,
387157,
62871683
);

INSERT INTO contacts (CM_Id,CM_Type,CM_PrefTemplateRefId,CM_UIDString,CM_Last_modified,CM_ContactCreationDate,CM_Attributes,CM_ReplicationCount,CM_Header,CM_TextBlob,CM_SearchableText) VALUES (
634,
268440329,
0,
'00e0db4979074935',
#07/06/2006#,
#07/06/2006#,
4,
0,
'0400000006140044000000000000000000200040002e4000102e4000101400c40000000000000000001000c0002e4000102e400010140280010000000000000000',

'00000000',

'        2 4 4 8 6 8 8 3 7 2 0 8 8 1 7   '
);

INSERT INTO identitytable (Parent_CMID,CM_FirstName,CM_LastName,CM_CompanyName,CM_Type,CM_Attributes,CM_HintField,CM_ExtHintField,CM_FirstNmPrn,CM_LastNmPrn,CM_CompanyNmPrn) VALUES (
634,
'Mavajjandin',
'Fachasod',
NULL,
268440329,
4,
84,
0,
NULL,
NULL,
NULL
);

INSERT INTO phone (CM_Id,CM_PhoneMatching,CM_ExtendedPhoneMatching) VALUES (
634,
7188027,
38868442
);

INSERT INTO contacts (CM_Id,CM_Type,CM_PrefTemplateRefId,CM_UIDString,CM_Last_modified,CM_ContactCreationDate,CM_Attributes,CM_ReplicationCount,CM_Header,CM_TextBlob,CM_SearchableText) VALUES (
635,
268440329,
0,
'00e0db4979077045',
#07/06/2006#,
#07/06/2006#,
4,
0,
'04000000041400c40000000000000000001000c0002e4000102e400010140280010000000000000000',

'00000000',

'    8 0 3 5 7 1 2 7 7 1 6 0 1 6 4   '
);

INSERT INTO identitytable (Parent_CMID,CM_FirstName,CM_LastName,CM_CompanyName,CM_Type,CM_Attributes,CM_HintField,CM_ExtHintField,CM_FirstNmPrn,CM_LastNmPrn,CM_CompanyNmPrn) VALUES (
635,
NULL,
'Asonsay',
NULL,
268440329,
4,
84,
0,
NULL,
NULL,
NULL
);

INSERT INTO phone (CM_Id,CM_PhoneMatching,CM_ExtendedPhoneMatching) VALUES (
635,
4610617,
72175308
);

INSERT INTO contacts (CM_Id,CM_Type,CM_PrefTemplateRefId,CM_UIDString,CM_Last_modified,CM_ContactCreationDate,CM_Attributes,CM_ReplicationCount,CM_Header,CM_TextBlob,CM_SearchableText) VALUES (
636,
268440329,
0,
'00e0db49790783cd',
#07/06/2006#,
#07/06/2006#,
4,
0,
'0400000006140044000000000000000000200040002e4000102e4000101400c40000000000000000001000c0002e4000102e400010140280010000000000000000',

'00000000',

'        2 6 1 3 7 3 2 1 0 1 3 6 0 5 1   '
);

INSERT INTO identitytable (Parent_CMID,CM_FirstName,CM_LastName,CM_CompanyName,CM_Type,CM_Attributes,CM_HintField,CM_ExtHintField,CM_FirstNmPrn,CM_LastNmPrn,CM_CompanyNmPrn) VALUES (
636,
'Y',
'Sickue',
NULL,
268440329,
4,
84,
0,
NULL,
NULL,
NULL
);

INSERT INTO phone (CM_Id,CM_PhoneMatching,CM_ExtendedPhoneMatching) VALUES (
636,
1506310,
12373162
);

INSERT INTO contacts (CM_Id,CM_Type,CM_PrefTemplateRefId,CM_UIDString,CM_Last_modified,CM_ContactCreationDate,CM_Attributes,CM_ReplicationCount,CM_Header,CM_TextBlob,CM_SearchableText) VALUES (
637,
268440329,
0,
'00e0db497907aadd',
#07/06/2006#,
#07/06/2006#,
4,
0,
'0400000006140044000000000000000000200040002e4000102e4000101400c40000000000000000001000c0002e4000102e400010140280010000000000000000',

'00000000',

'        6 6 6 0 5 6 1 2 5 5 0 2 3 2 3   '
);

INSERT INTO identitytable (Parent_CMID,CM_FirstName,CM_LastName,CM_CompanyName,CM_Type,CM_Attributes,CM_HintField,CM_ExtHintField,CM_FirstNmPrn,CM_LastNmPrn,CM_CompanyNmPrn) VALUES (
637,
'Datian',
'Whe',
NULL,
268440329,
4,
84,
0,
NULL,
NULL,
NULL
);

INSERT INTO phone (CM_Id,CM_PhoneMatching,CM_ExtendedPhoneMatching) VALUES (
637,
3232055,
21650666
);

INSERT INTO contacts (CM_Id,CM_Type,CM_PrefTemplateRefId,CM_UIDString,CM_Last_modified,CM_ContactCreationDate,CM_Attributes,CM_ReplicationCount,CM_Header,CM_TextBlob,CM_SearchableText) VALUES (
638,
268440329,
0,
'00e0db497907d1ed',
#07/06/2006#,
#07/06/2006#,
4,
0,
'0400000006140044000000000000000000200040002e4000102e4000101400c40000000000000000001000c0002e4000102e400010140280010000000000000000',

'00000000',

'        3 3 5 0 3 7 1 0 7 6 3 7 7 8 3   '
);

INSERT INTO identitytable (Parent_CMID,CM_FirstName,CM_LastName,CM_CompanyName,CM_Type,CM_Attributes,CM_HintField,CM_ExtHintField,CM_FirstNmPrn,CM_LastNmPrn,CM_CompanyNmPrn) VALUES (
638,
'An',
'Eku',
NULL,
268440329,
4,
84,
0,
NULL,
NULL,
NULL
);

INSERT INTO phone (CM_Id,CM_PhoneMatching,CM_ExtendedPhoneMatching) VALUES (
638,
3877367,
1730533
);

INSERT INTO contacts (CM_Id,CM_Type,CM_PrefTemplateRefId,CM_UIDString,CM_Last_modified,CM_ContactCreationDate,CM_Attributes,CM_ReplicationCount,CM_Header,CM_TextBlob,CM_SearchableText) VALUES (
639,
268440329,
0,
'00e0db497907f8fd',
#07/06/2006#,
#07/06/2006#,
4,
0,
'0400000006140044000000000000000000200040002e4000102e4000101400c40000000000000000001000c0002e4000102e400010140280010000000000000000',

'00000000',

'        4 4 0 1 7 7 2 0 5 8 8 6 6 8 4   '
);

INSERT INTO identitytable (Parent_CMID,CM_FirstName,CM_LastName,CM_CompanyName,CM_Type,CM_Attributes,CM_HintField,CM_ExtHintField,CM_FirstNmPrn,CM_LastNmPrn,CM_CompanyNmPrn) VALUES (
639,
'Jarenelanicich',
'Sacondo',
NULL,
268440329,
4,
84,
0,
NULL,
NULL,
NULL
);

INSERT INTO phone (CM_Id,CM_PhoneMatching,CM_ExtendedPhoneMatching) VALUES (
639,
4866885,
2771044
);


INSERT INTO contacts (CM_Id,CM_Type,CM_PrefTemplateRefId,CM_UIDString,CM_Last_modified,CM_ContactCreationDate,CM_Attributes,CM_ReplicationCount,CM_Header,CM_TextBlob,CM_SearchableText) VALUES (
640,
268440329,
0,
'00e0db497908200d',
#07/06/2006#,
#07/06/2006#,
4,
0,
'0400000006140044000000000000000000200040002e4000102e4000101400c40000000000000000001000c0002e4000102e400010140280010000000000000000',

'00000000',

'        3 7 6 4 6 8 0 7 0 5 1 5 0 7 7   '
);

INSERT INTO identitytable (Parent_CMID,CM_FirstName,CM_LastName,CM_CompanyName,CM_Type,CM_Attributes,CM_HintField,CM_ExtHintField,CM_FirstNmPrn,CM_LastNmPrn,CM_CompanyNmPrn) VALUES (
640,
'Y',
'Shedendrorllangaiavagavate',
NULL,
268440329,
4,
84,
0,
NULL,
NULL,
NULL
);

INSERT INTO phone (CM_Id,CM_PhoneMatching,CM_ExtendedPhoneMatching) VALUES (
640,
7705150,
70864673
);

INSERT INTO contacts (CM_Id,CM_Type,CM_PrefTemplateRefId,CM_UIDString,CM_Last_modified,CM_ContactCreationDate,CM_Attributes,CM_ReplicationCount,CM_Header,CM_TextBlob,CM_SearchableText) VALUES (
641,
268440329,
0,
'00e0db4979083395',
#07/06/2006#,
#07/06/2006#,
4,
0,
'0400000006140044000000000000000000200040002e4000102e4000101400c40000000000000000001000c0002e4000102e400010140280010000000000000000',

'00000000',

'        8 5 0 6 2 8 4 6 7 8 3 6 3 6 1   '
);

INSERT INTO identitytable (Parent_CMID,CM_FirstName,CM_LastName,CM_CompanyName,CM_Type,CM_Attributes,CM_HintField,CM_ExtHintField,CM_FirstNmPrn,CM_LastNmPrn,CM_CompanyNmPrn) VALUES (
641,
'Sidy',
'Devargrk',
NULL,
268440329,
4,
84,
0,
NULL,
NULL,
NULL
);

INSERT INTO phone (CM_Id,CM_PhoneMatching,CM_ExtendedPhoneMatching) VALUES (
641,
1636387,
64826058
);

INSERT INTO contacts (CM_Id,CM_Type,CM_PrefTemplateRefId,CM_UIDString,CM_Last_modified,CM_ContactCreationDate,CM_Attributes,CM_ReplicationCount,CM_Header,CM_TextBlob,CM_SearchableText) VALUES (
642,
268440329,
0,
'00e0db4979085aa5',
#07/06/2006#,
#07/06/2006#,
4,
0,
'0400000006140044000000000000000000200040002e4000102e4000101400c40000000000000000001000c0002e4000102e400010140280010000000000000000',

'00000000',

'        4 1 7 6 2 0 0 5 6 2 4 0 3 8 4   '
);

INSERT INTO identitytable (Parent_CMID,CM_FirstName,CM_LastName,CM_CompanyName,CM_Type,CM_Attributes,CM_HintField,CM_ExtHintField,CM_FirstNmPrn,CM_LastNmPrn,CM_CompanyNmPrn) VALUES (
642,
'Jam',
'Monong',
NULL,
268440329,
4,
84,
0,
NULL,
NULL,
NULL
);

INSERT INTO phone (CM_Id,CM_PhoneMatching,CM_ExtendedPhoneMatching) VALUES (
642,
4830426,
50026714
);

INSERT INTO contacts (CM_Id,CM_Type,CM_PrefTemplateRefId,CM_UIDString,CM_Last_modified,CM_ContactCreationDate,CM_Attributes,CM_ReplicationCount,CM_Header,CM_TextBlob,CM_SearchableText) VALUES (
643,
268440329,
0,
'00e0db49790881b5',
#07/06/2006#,
#07/06/2006#,
4,
0,
'0400000006140044000000000000000000200040002e4000102e4000101400c40000000000000000001000c0002e4000102e400010140280010000000000000000',

'00000000',

'        1 2 4 7 2 2 6 6 3 6 8 5 4 1 7   '
);

INSERT INTO identitytable (Parent_CMID,CM_FirstName,CM_LastName,CM_CompanyName,CM_Type,CM_Attributes,CM_HintField,CM_ExtHintField,CM_FirstNmPrn,CM_LastNmPrn,CM_CompanyNmPrn) VALUES (
643,
'Je',
'Rendhekez',
NULL,
268440329,
4,
84,
0,
NULL,
NULL,
NULL
);

INSERT INTO phone (CM_Id,CM_PhoneMatching,CM_ExtendedPhoneMatching) VALUES (
643,
7145863,
66227421
);

INSERT INTO contacts (CM_Id,CM_Type,CM_PrefTemplateRefId,CM_UIDString,CM_Last_modified,CM_ContactCreationDate,CM_Attributes,CM_ReplicationCount,CM_Header,CM_TextBlob,CM_SearchableText) VALUES (
644,
268440329,
0,
'00e0db497908953d',
#07/06/2006#,
#07/06/2006#,
4,
0,
'0400000006140044000000000000000000200040002e4000102e4000101400c40000000000000000001000c0002e4000102e400010140280010000000000000000',

'00000000',

'        3 0 7 6 1 5 5 1 6 2 4 2 4 0 2   '
);

INSERT INTO identitytable (Parent_CMID,CM_FirstName,CM_LastName,CM_CompanyName,CM_Type,CM_Attributes,CM_HintField,CM_ExtHintField,CM_FirstNmPrn,CM_LastNmPrn,CM_CompanyNmPrn) VALUES (
644,
'Andy',
'Hond',
NULL,
268440329,
4,
84,
0,
NULL,
NULL,
NULL
);

INSERT INTO phone (CM_Id,CM_PhoneMatching,CM_ExtendedPhoneMatching) VALUES (
644,
2042426,
15516703
);

INSERT INTO contacts (CM_Id,CM_Type,CM_PrefTemplateRefId,CM_UIDString,CM_Last_modified,CM_ContactCreationDate,CM_Attributes,CM_ReplicationCount,CM_Header,CM_TextBlob,CM_SearchableText) VALUES (
645,
268440329,
0,
'00e0db497908bc4d',
#07/06/2006#,
#07/06/2006#,
4,
0,
'0400000006140044000000000000000000200040002e4000102e4000101400c40000000000000000001000c0002e4000102e400010140280010000000000000000',

'00000000',

'        7 3 6 7 7 2 8 0 8 8 5 7 8 2 4   '
);

INSERT INTO identitytable (Parent_CMID,CM_FirstName,CM_LastName,CM_CompanyName,CM_Type,CM_Attributes,CM_HintField,CM_ExtHintField,CM_FirstNmPrn,CM_LastNmPrn,CM_CompanyNmPrn) VALUES (
645,
'Kesak',
'Banscl',
NULL,
268440329,
4,
84,
0,
NULL,
NULL,
NULL
);

INSERT INTO phone (CM_Id,CM_PhoneMatching,CM_ExtendedPhoneMatching) VALUES (
645,
4287588,
8277637
);

INSERT INTO contacts (CM_Id,CM_Type,CM_PrefTemplateRefId,CM_UIDString,CM_Last_modified,CM_ContactCreationDate,CM_Attributes,CM_ReplicationCount,CM_Header,CM_TextBlob,CM_SearchableText) VALUES (
646,
268440329,
0,
'00e0db497908e35d',
#07/06/2006#,
#07/06/2006#,
4,
0,
'0400000006140044000000000000000000200040002e4000102e4000101400c40000000000000000001000c0002e4000102e400010140280010000000000000000',

'00000000',

'        2 2 6 8 7 5 1 1 6 0 2 7 0 2 1   '
);

INSERT INTO identitytable (Parent_CMID,CM_FirstName,CM_LastName,CM_CompanyName,CM_Type,CM_Attributes,CM_HintField,CM_ExtHintField,CM_FirstNmPrn,CM_LastNmPrn,CM_CompanyNmPrn) VALUES (
646,
'Pha',
'Gil',
NULL,
268440329,
4,
84,
0,
NULL,
NULL,
NULL
);

INSERT INTO phone (CM_Id,CM_PhoneMatching,CM_ExtendedPhoneMatching) VALUES (
646,
1207206,
11578622
);

INSERT INTO contacts (CM_Id,CM_Type,CM_PrefTemplateRefId,CM_UIDString,CM_Last_modified,CM_ContactCreationDate,CM_Attributes,CM_ReplicationCount,CM_Header,CM_TextBlob,CM_SearchableText) VALUES (
647,
268440329,
0,
'00e0db4979094505',
#07/06/2006#,
#07/06/2006#,
4,
0,
'0400000006140044000000000000000000200040002e4000102e4000101400c40000000000000000001000c0002e4000102e400010140280010000000000000000',

'00000000',

'        3 0 6 1 4 2 4 1 0 8 4 3 8 1 5   '
);

INSERT INTO identitytable (Parent_CMID,CM_FirstName,CM_LastName,CM_CompanyName,CM_Type,CM_Attributes,CM_HintField,CM_ExtHintField,CM_FirstNmPrn,CM_LastNmPrn,CM_CompanyNmPrn) VALUES (
647,
'Aaricatr',
'Bewlliars',
NULL,
268440329,
4,
84,
0,
NULL,
NULL,
NULL
);

INSERT INTO phone (CM_Id,CM_PhoneMatching,CM_ExtendedPhoneMatching) VALUES (
647,
5183480,
14241603
);

INSERT INTO contacts (CM_Id,CM_Type,CM_PrefTemplateRefId,CM_UIDString,CM_Last_modified,CM_ContactCreationDate,CM_Attributes,CM_ReplicationCount,CM_Header,CM_TextBlob,CM_SearchableText) VALUES (
648,
268440329,
0,
'00e0db4979096c15',
#07/06/2006#,
#07/06/2006#,
4,
0,
'0400000006140044000000000000000000200040002e4000102e4000101400c40000000000000000001000c0002e4000102e400010140280010000000000000000',

'00000000',

'        7 4 6 7 4 0 1 8 7 8 6 8 8 1 1   '
);

INSERT INTO identitytable (Parent_CMID,CM_FirstName,CM_LastName,CM_CompanyName,CM_Type,CM_Attributes,CM_HintField,CM_ExtHintField,CM_FirstNmPrn,CM_LastNmPrn,CM_CompanyNmPrn) VALUES (
648,
'Joma',
'Olentstononthabod',
NULL,
268440329,
4,
84,
0,
NULL,
NULL,
NULL
);

INSERT INTO phone (CM_Id,CM_PhoneMatching,CM_ExtendedPhoneMatching) VALUES (
648,
1188687,
81047647
);

INSERT INTO contacts (CM_Id,CM_Type,CM_PrefTemplateRefId,CM_UIDString,CM_Last_modified,CM_ContactCreationDate,CM_Attributes,CM_ReplicationCount,CM_Header,CM_TextBlob,CM_SearchableText) VALUES (
649,
268440329,
0,
'00e0db4979097f9d',
#07/06/2006#,
#07/06/2006#,
4,
0,
'0400000006140044000000000000000000200040002e4000102e4000101400c40000000000000000001000c0002e4000102e400010140280010000000000000000',

'00000000',

'        7 4 7 4 3 0 3 8 7 6 3 6 7 7 0   '
);

INSERT INTO identitytable (Parent_CMID,CM_FirstName,CM_LastName,CM_CompanyName,CM_Type,CM_Attributes,CM_HintField,CM_ExtHintField,CM_FirstNmPrn,CM_LastNmPrn,CM_CompanyNmPrn) VALUES (
649,
'Jex',
'Alipars',
NULL,
268440329,
4,
84,
0,
NULL,
NULL,
NULL
);

INSERT INTO phone (CM_Id,CM_PhoneMatching,CM_ExtendedPhoneMatching) VALUES (
649,
776367,
83034747
);

INSERT INTO contacts (CM_Id,CM_Type,CM_PrefTemplateRefId,CM_UIDString,CM_Last_modified,CM_ContactCreationDate,CM_Attributes,CM_ReplicationCount,CM_Header,CM_TextBlob,CM_SearchableText) VALUES (
650,
268440329,
0,
'00e0db497909a6ad',
#07/06/2006#,
#07/06/2006#,
4,
0,
'0400000006140044000000000000000000200040002e4000102e4000101400c40000000000000000001000c0002e4000102e400010140280010000000000000000',

'00000000',

'        2 8 8 8 2 3 0 7 0 1 1 4 1 0 1   '
);

INSERT INTO identitytable (Parent_CMID,CM_FirstName,CM_LastName,CM_CompanyName,CM_Type,CM_Attributes,CM_HintField,CM_ExtHintField,CM_FirstNmPrn,CM_LastNmPrn,CM_CompanyNmPrn) VALUES (
650,
'Haed',
'TrijlstUss',
NULL,
268440329,
4,
84,
0,
NULL,
NULL,
NULL
);

INSERT INTO phone (CM_Id,CM_PhoneMatching,CM_ExtendedPhoneMatching) VALUES (
650,
1014110,
70328882
);

INSERT INTO contacts (CM_Id,CM_Type,CM_PrefTemplateRefId,CM_UIDString,CM_Last_modified,CM_ContactCreationDate,CM_Attributes,CM_ReplicationCount,CM_Header,CM_TextBlob,CM_SearchableText) VALUES (
651,
268440329,
0,
'00e0db497909cdbd',
#07/06/2006#,
#07/06/2006#,
4,
0,
'0400000006140044000000000000000000200040002e4000102e4000101400c40000000000000000001000c0002e4000102e400010140280010000000000000000',

'00000000',

'        4 6 8 0 4 8 8 7 0 7 4 7 8 6 2   '
);

INSERT INTO identitytable (Parent_CMID,CM_FirstName,CM_LastName,CM_CompanyName,CM_Type,CM_Attributes,CM_HintField,CM_ExtHintField,CM_FirstNmPrn,CM_LastNmPrn,CM_CompanyNmPrn) VALUES (
651,
'Jol',
'Hadir',
NULL,
268440329,
4,
84,
0,
NULL,
NULL,
NULL
);

INSERT INTO phone (CM_Id,CM_PhoneMatching,CM_ExtendedPhoneMatching) VALUES (
651,
2687470,
78840864
);

INSERT INTO contacts (CM_Id,CM_Type,CM_PrefTemplateRefId,CM_UIDString,CM_Last_modified,CM_ContactCreationDate,CM_Attributes,CM_ReplicationCount,CM_Header,CM_TextBlob,CM_SearchableText) VALUES (
652,
268440329,
0,
'00e0db497909f4cd',
#07/06/2006#,
#07/06/2006#,
4,
0,
'0400000006140044000000000000000000200040002e4000102e4000101400c40000000000000000001000c0002e4000102e400010140280010000000000000000',

'00000000',

'        4 3 8 5 8 5 2 1 5 0 3 7 2 6 1   '
);

INSERT INTO identitytable (Parent_CMID,CM_FirstName,CM_LastName,CM_CompanyName,CM_Type,CM_Attributes,CM_HintField,CM_ExtHintField,CM_FirstNmPrn,CM_LastNmPrn,CM_CompanyNmPrn) VALUES (
652,
'Nin',
'Hanackensonm',
NULL,
268440329,
4,
84,
0,
NULL,
NULL,
NULL
);

INSERT INTO phone (CM_Id,CM_PhoneMatching,CM_ExtendedPhoneMatching) VALUES (
652,
1627305,
12585834
);

INSERT INTO contacts (CM_Id,CM_Type,CM_PrefTemplateRefId,CM_UIDString,CM_Last_modified,CM_ContactCreationDate,CM_Attributes,CM_ReplicationCount,CM_Header,CM_TextBlob,CM_SearchableText) VALUES (
653,
268440329,
0,
'00e0db49790a0855',
#07/06/2006#,
#07/06/2006#,
4,
0,
'0400000006140044000000000000000000200040002e4000102e4000101400c40000000000000000001000c0002e4000102e400010140280010000000000000000',

'00000000',

'        5 4 8 7 2 0 3 3 1 6 1 8 2 3 1   '
);

INSERT INTO identitytable (Parent_CMID,CM_FirstName,CM_LastName,CM_CompanyName,CM_Type,CM_Attributes,CM_HintField,CM_ExtHintField,CM_FirstNmPrn,CM_LastNmPrn,CM_CompanyNmPrn) VALUES (
653,
'Jonadan',
'Berachetantonbsoniny',
NULL,
268440329,
4,
84,
0,
NULL,
NULL,
NULL
);

INSERT INTO phone (CM_Id,CM_PhoneMatching,CM_ExtendedPhoneMatching) VALUES (
653,
1328161,
33027845
);

INSERT INTO contacts (CM_Id,CM_Type,CM_PrefTemplateRefId,CM_UIDString,CM_Last_modified,CM_ContactCreationDate,CM_Attributes,CM_ReplicationCount,CM_Header,CM_TextBlob,CM_SearchableText) VALUES (
654,
268440329,
0,
'00e0db49790a2f65',
#07/06/2006#,
#07/06/2006#,
4,
0,
'0400000006140044000000000000000000200040002e4000102e4000101400c40000000000000000001000c0002e4000102e400010140280010000000000000000',

'00000000',

'        7 0 3 6 6 8 1 8 8 8 6 2 6 3 7   '
);

INSERT INTO identitytable (Parent_CMID,CM_FirstName,CM_LastName,CM_CompanyName,CM_Type,CM_Attributes,CM_HintField,CM_ExtHintField,CM_FirstNmPrn,CM_LastNmPrn,CM_CompanyNmPrn) VALUES (
654,
'Maeryn',
'Fuy',
NULL,
268440329,
4,
84,
0,
NULL,
NULL,
NULL
);

INSERT INTO phone (CM_Id,CM_PhoneMatching,CM_ExtendedPhoneMatching) VALUES (
654,
7362688,
81866307
);

INSERT INTO contacts (CM_Id,CM_Type,CM_PrefTemplateRefId,CM_UIDString,CM_Last_modified,CM_ContactCreationDate,CM_Attributes,CM_ReplicationCount,CM_Header,CM_TextBlob,CM_SearchableText) VALUES (
655,
268440329,
0,
'00e0db49790a5dc8',
#07/06/2006#,
#07/06/2006#,
4,
0,
'0400000006140044000000000000000000200040002e4000102e4000101400c40000000000000000001000c0002e4000102e400010140280010000000000000000',

'00000000',

'        6 6 0 4 5 1 4 4 3 0 4 0 4 6 6   '
);

INSERT INTO identitytable (Parent_CMID,CM_FirstName,CM_LastName,CM_CompanyName,CM_Type,CM_Attributes,CM_HintField,CM_ExtHintField,CM_FirstNmPrn,CM_LastNmPrn,CM_CompanyNmPrn) VALUES (
655,
'Cotanrosttoas',
'Hos',
NULL,
268440329,
4,
84,
0,
NULL,
NULL,
NULL
);

INSERT INTO phone (CM_Id,CM_PhoneMatching,CM_ExtendedPhoneMatching) VALUES (
655,
6640403,
44154066
);

INSERT INTO contacts (CM_Id,CM_Type,CM_PrefTemplateRefId,CM_UIDString,CM_Last_modified,CM_ContactCreationDate,CM_Attributes,CM_ReplicationCount,CM_Header,CM_TextBlob,CM_SearchableText) VALUES (
656,
268440329,
0,
'00e0db49790a84d8',
#07/06/2006#,
#07/06/2006#,
4,
0,
'0400000006140044000000000000000000200040002e4000102e4000101400c40000000000000000001000c0002e4000102e400010140280010000000000000000',

'00000000',

'        0 6 6 1 5 6 3 8 2 5 8 0 6 4 7   '
);

INSERT INTO identitytable (Parent_CMID,CM_FirstName,CM_LastName,CM_CompanyName,CM_Type,CM_Attributes,CM_HintField,CM_ExtHintField,CM_FirstNmPrn,CM_LastNmPrn,CM_CompanyNmPrn) VALUES (
656,
'Ka',
'Ledonanickiveand',
NULL,
268440329,
4,
84,
0,
NULL,
NULL,
NULL
);

INSERT INTO phone (CM_Id,CM_PhoneMatching,CM_ExtendedPhoneMatching) VALUES (
656,
7460852,
83651660
);

INSERT INTO contacts (CM_Id,CM_Type,CM_PrefTemplateRefId,CM_UIDString,CM_Last_modified,CM_ContactCreationDate,CM_Attributes,CM_ReplicationCount,CM_Header,CM_TextBlob,CM_SearchableText) VALUES (
657,
268440329,
0,
'00e0db49790aabe8',
#07/06/2006#,
#07/06/2006#,
4,
0,
'0400000006140044000000000000000000200040002e4000102e4000101400c40000000000000000001000c0002e4000102e400010140280010000000000000000',

'00000000',

'        0 3 6 5 8 1 8 5 0 2 7 3 1 1 0   '
);

INSERT INTO identitytable (Parent_CMID,CM_FirstName,CM_LastName,CM_CompanyName,CM_Type,CM_Attributes,CM_HintField,CM_ExtHintField,CM_FirstNmPrn,CM_LastNmPrn,CM_CompanyNmPrn) VALUES (
657,
'In',
'Stt',
NULL,
268440329,
4,
84,
0,
NULL,
NULL,
NULL
);

INSERT INTO phone (CM_Id,CM_PhoneMatching,CM_ExtendedPhoneMatching) VALUES (
657,
113720,
58185630
);

INSERT INTO contacts (CM_Id,CM_Type,CM_PrefTemplateRefId,CM_UIDString,CM_Last_modified,CM_ContactCreationDate,CM_Attributes,CM_ReplicationCount,CM_Header,CM_TextBlob,CM_SearchableText) VALUES (
658,
268440329,
0,
'00e0db49790abf70',
#07/06/2006#,
#07/06/2006#,
4,
0,
'0400000006140044000000000000000000200040002e4000102e4000101400c40000000000000000001000c0002e4000102e400010140280010000000000000000',

'00000000',

'        2 5 6 4 1 0 4 8 7 2 5 6 8 0 4   '
);

INSERT INTO identitytable (Parent_CMID,CM_FirstName,CM_LastName,CM_CompanyName,CM_Type,CM_Attributes,CM_HintField,CM_ExtHintField,CM_FirstNmPrn,CM_LastNmPrn,CM_CompanyNmPrn) VALUES (
658,
'Par',
'Brranativaumssard',
NULL,
268440329,
4,
84,
0,
NULL,
NULL,
NULL
);

INSERT INTO phone (CM_Id,CM_PhoneMatching,CM_ExtendedPhoneMatching) VALUES (
658,
4086527,
84014652
);

INSERT INTO contacts (CM_Id,CM_Type,CM_PrefTemplateRefId,CM_UIDString,CM_Last_modified,CM_ContactCreationDate,CM_Attributes,CM_ReplicationCount,CM_Header,CM_TextBlob,CM_SearchableText) VALUES (
659,
268440329,
0,
'00e0db49790ae680',
#07/06/2006#,
#07/06/2006#,
4,
0,
'0400000006140044000000000000000000200040002e4000102e4000101400c40000000000000000001000c0002e4000102e400010140280010000000000000000',

'00000000',

'        7 0 4 6 6 1 5 3 8 8 8 3 5 7 0   '
);

INSERT INTO identitytable (Parent_CMID,CM_FirstName,CM_LastName,CM_CompanyName,CM_Type,CM_Attributes,CM_HintField,CM_ExtHintField,CM_FirstNmPrn,CM_LastNmPrn,CM_CompanyNmPrn) VALUES (
659,
'Bik',
'Huraniagush',
NULL,
268440329,
4,
84,
0,
NULL,
NULL,
NULL
);

INSERT INTO phone (CM_Id,CM_PhoneMatching,CM_ExtendedPhoneMatching) VALUES (
659,
753888,
35166407
);

INSERT INTO contacts (CM_Id,CM_Type,CM_PrefTemplateRefId,CM_UIDString,CM_Last_modified,CM_ContactCreationDate,CM_Attributes,CM_ReplicationCount,CM_Header,CM_TextBlob,CM_SearchableText) VALUES (
660,
268440329,
0,
'00e0db49790b0d90',
#07/06/2006#,
#07/06/2006#,
4,
0,
'0400000006140044000000000000000000200040002e4000102e4000101400c40000000000000000001000c0002e4000102e400010140280010000000000000000',

'00000000',

'        6 8 5 5 4 0 3 5 3 1 5 0 2 1 2   '
);

INSERT INTO identitytable (Parent_CMID,CM_FirstName,CM_LastName,CM_CompanyName,CM_Type,CM_Attributes,CM_HintField,CM_ExtHintField,CM_FirstNmPrn,CM_LastNmPrn,CM_CompanyNmPrn) VALUES (
660,
'Jobis',
'Jagrttt',
NULL,
268440329,
4,
84,
0,
NULL,
NULL,
NULL
);

INSERT INTO phone (CM_Id,CM_PhoneMatching,CM_ExtendedPhoneMatching) VALUES (
660,
2120513,
53045586
);

INSERT INTO contacts (CM_Id,CM_Type,CM_PrefTemplateRefId,CM_UIDString,CM_Last_modified,CM_ContactCreationDate,CM_Attributes,CM_ReplicationCount,CM_Header,CM_TextBlob,CM_SearchableText) VALUES (
661,
268440329,
0,
'00e0db49790b34a0',
#07/06/2006#,
#07/06/2006#,
4,
0,
'0400000006140044000000000000000000200040002e4000102e4000101400c40000000000000000001000c0002e4000102e400010140280010000000000000000',

'00000000',

'        4 3 1 3 7 6 8 8 5 3 2 4 8 0 2   '
);

INSERT INTO identitytable (Parent_CMID,CM_FirstName,CM_LastName,CM_CompanyName,CM_Type,CM_Attributes,CM_HintField,CM_ExtHintField,CM_FirstNmPrn,CM_LastNmPrn,CM_CompanyNmPrn) VALUES (
661,
'Dephanerg',
'Bamomam',
NULL,
268440329,
4,
84,
0,
NULL,
NULL,
NULL
);

INSERT INTO phone (CM_Id,CM_PhoneMatching,CM_ExtendedPhoneMatching) VALUES (
661,
2084235,
88673134
);

INSERT INTO contacts (CM_Id,CM_Type,CM_PrefTemplateRefId,CM_UIDString,CM_Last_modified,CM_ContactCreationDate,CM_Attributes,CM_ReplicationCount,CM_Header,CM_TextBlob,CM_SearchableText) VALUES (
662,
268440329,
0,
'00e0db49790b82c0',
#07/06/2006#,
#07/06/2006#,
4,
0,
'0400000006140044000000000000000000200040002e4000102e4000101400c40000000000000000001000c0002e4000102e400010140280010000000000000000',

'00000000',

'        5 8 6 1 1 4 4 0 8 5 3 0 8 6 7   '
);

INSERT INTO identitytable (Parent_CMID,CM_FirstName,CM_LastName,CM_CompanyName,CM_Type,CM_Attributes,CM_HintField,CM_ExtHintField,CM_FirstNmPrn,CM_LastNmPrn,CM_CompanyNmPrn) VALUES (
662,
'Niaulimyllleona',
'Heh',
NULL,
268440329,
4,
84,
0,
NULL,
NULL,
NULL
);

INSERT INTO phone (CM_Id,CM_PhoneMatching,CM_ExtendedPhoneMatching) VALUES (
662,
7680358,
4411685
);

INSERT INTO contacts (CM_Id,CM_Type,CM_PrefTemplateRefId,CM_UIDString,CM_Last_modified,CM_ContactCreationDate,CM_Attributes,CM_ReplicationCount,CM_Header,CM_TextBlob,CM_SearchableText) VALUES (
663,
268440329,
0,
'00e0db49790ba9d0',
#07/06/2006#,
#07/06/2006#,
4,
0,
'0400000006140044000000000000000000200040002e4000102e4000101400c40000000000000000001000c0002e4000102e400010140280010000000000000000',

'00000000',

'        5 2 0 5 7 8 6 6 8 1 5 8 4 8 8   '
);

INSERT INTO identitytable (Parent_CMID,CM_FirstName,CM_LastName,CM_CompanyName,CM_Type,CM_Attributes,CM_HintField,CM_ExtHintField,CM_FirstNmPrn,CM_LastNmPrn,CM_CompanyNmPrn) VALUES (
663,
'Nikitusicor',
'Bahi',
NULL,
268440329,
4,
84,
0,
NULL,
NULL,
NULL
);

INSERT INTO phone (CM_Id,CM_PhoneMatching,CM_ExtendedPhoneMatching) VALUES (
663,
8848518,
66875025
);

INSERT INTO contacts (CM_Id,CM_Type,CM_PrefTemplateRefId,CM_UIDString,CM_Last_modified,CM_ContactCreationDate,CM_Attributes,CM_ReplicationCount,CM_Header,CM_TextBlob,CM_SearchableText) VALUES (
664,
268440329,
0,
'00e0db49790bd0e0',
#07/06/2006#,
#07/06/2006#,
4,
0,
'0400000006140044000000000000000000200040002e4000102e4000101400c40000000000000000001000c0002e4000102e400010140280010000000000000000',

'00000000',

'        6 0 7 4 7 4 5 4 1 0 5 1 7 7 1   '
);

INSERT INTO identitytable (Parent_CMID,CM_FirstName,CM_LastName,CM_CompanyName,CM_Type,CM_Attributes,CM_HintField,CM_ExtHintField,CM_FirstNmPrn,CM_LastNmPrn,CM_CompanyNmPrn) VALUES (
664,
'Kade',
'Henndgh',
NULL,
268440329,
4,
84,
0,
NULL,
NULL,
NULL
);

INSERT INTO phone (CM_Id,CM_PhoneMatching,CM_ExtendedPhoneMatching) VALUES (
664,
1771501,
45474706
);

INSERT INTO contacts (CM_Id,CM_Type,CM_PrefTemplateRefId,CM_UIDString,CM_Last_modified,CM_ContactCreationDate,CM_Attributes,CM_ReplicationCount,CM_Header,CM_TextBlob,CM_SearchableText) VALUES (
665,
268440329,
0,
'00e0db49790bf7f0',
#07/06/2006#,
#07/06/2006#,
4,
0,
'0400000006140044000000000000000000200040002e4000102e4000101400c40000000000000000001000c0002e4000102e400010140280010000000000000000',

'00000000',

'        0 3 0 0 0 2 5 4 2 0 3 3 7 4 5   '
);

INSERT INTO identitytable (Parent_CMID,CM_FirstName,CM_LastName,CM_CompanyName,CM_Type,CM_Attributes,CM_HintField,CM_ExtHintField,CM_FirstNmPrn,CM_LastNmPrn,CM_CompanyNmPrn) VALUES (
665,
'An',
'Runopaharish',
NULL,
268440329,
4,
84,
0,
NULL,
NULL,
NULL
);

INSERT INTO phone (CM_Id,CM_PhoneMatching,CM_ExtendedPhoneMatching) VALUES (
665,
5473302,
45200030
);

INSERT INTO contacts (CM_Id,CM_Type,CM_PrefTemplateRefId,CM_UIDString,CM_Last_modified,CM_ContactCreationDate,CM_Attributes,CM_ReplicationCount,CM_Header,CM_TextBlob,CM_SearchableText) VALUES (
666,
268440329,
0,
'00e0db49790c1f00',
#07/06/2006#,
#07/06/2006#,
4,
0,
'0400000006140044000000000000000000200040002e4000102e4000101400c40000000000000000001000c0002e4000102e400010140280010000000000000000',

'00000000',

'        5 4 6 3 2 6 5 6 8 5 0 6 5 1 8   '
);

INSERT INTO identitytable (Parent_CMID,CM_FirstName,CM_LastName,CM_CompanyName,CM_Type,CM_Attributes,CM_HintField,CM_ExtHintField,CM_FirstNmPrn,CM_LastNmPrn,CM_CompanyNmPrn) VALUES (
666,
'Korba',
'Siansolan',
NULL,
268440329,
4,
84,
0,
NULL,
NULL,
NULL
);

INSERT INTO phone (CM_Id,CM_PhoneMatching,CM_ExtendedPhoneMatching) VALUES (
666,
8156058,
65623645
);

INSERT INTO contacts (CM_Id,CM_Type,CM_PrefTemplateRefId,CM_UIDString,CM_Last_modified,CM_ContactCreationDate,CM_Attributes,CM_ReplicationCount,CM_Header,CM_TextBlob,CM_SearchableText) VALUES (
667,
268440329,
0,
'00e0db49790c4610',
#07/06/2006#,
#07/06/2006#,
4,
0,
'0400000006140044000000000000000000200040002e4000102e4000101400c40000000000000000001000c0002e4000102e400010140280010000000000000000',

'00000000',

'        5 3 6 2 3 3 4 6 2 2 7 7 4 7 0   '
);

INSERT INTO identitytable (Parent_CMID,CM_FirstName,CM_LastName,CM_CompanyName,CM_Type,CM_Attributes,CM_HintField,CM_ExtHintField,CM_FirstNmPrn,CM_LastNmPrn,CM_CompanyNmPrn) VALUES (
667,
'Bin',
'Ransstoddi',
NULL,
268440329,
4,
84,
0,
NULL,
NULL,
NULL
);

INSERT INTO phone (CM_Id,CM_PhoneMatching,CM_ExtendedPhoneMatching) VALUES (
667,
747722,
64332635
);

INSERT INTO contacts (CM_Id,CM_Type,CM_PrefTemplateRefId,CM_UIDString,CM_Last_modified,CM_ContactCreationDate,CM_Attributes,CM_ReplicationCount,CM_Header,CM_TextBlob,CM_SearchableText) VALUES (
668,
268440329,
0,
'00e0db49790c5998',
#07/06/2006#,
#07/06/2006#,
4,
0,
'0400000006140044000000000000000000200040002e4000102e4000101400c40000000000000000001000c0002e4000102e400010140280010000000000000000',

'00000000',

'        7 2 8 1 1 8 2 0 2 4 0 1 5 8 6   '
);

INSERT INTO identitytable (Parent_CMID,CM_FirstName,CM_LastName,CM_CompanyName,CM_Type,CM_Attributes,CM_HintField,CM_ExtHintField,CM_FirstNmPrn,CM_LastNmPrn,CM_CompanyNmPrn) VALUES (
668,
'Al',
'Dathekmseer',
NULL,
268440329,
4,
84,
0,
NULL,
NULL,
NULL
);

INSERT INTO phone (CM_Id,CM_PhoneMatching,CM_ExtendedPhoneMatching) VALUES (
668,
6851042,
2811827
);

INSERT INTO contacts (CM_Id,CM_Type,CM_PrefTemplateRefId,CM_UIDString,CM_Last_modified,CM_ContactCreationDate,CM_Attributes,CM_ReplicationCount,CM_Header,CM_TextBlob,CM_SearchableText) VALUES (
669,
268440329,
0,
'00e0db49790c80a8',
#07/06/2006#,
#07/06/2006#,
4,
0,
'0400000006140044000000000000000000200040002e4000102e4000101400c40000000000000000001000c0002e4000102e400010140280010000000000000000',

'00000000',

'        8 2 4 2 2 3 7 8 8 2 8 7 8 3 0   '
);

INSERT INTO identitytable (Parent_CMID,CM_FirstName,CM_LastName,CM_CompanyName,CM_Type,CM_Attributes,CM_HintField,CM_ExtHintField,CM_FirstNmPrn,CM_LastNmPrn,CM_CompanyNmPrn) VALUES (
669,
'An',
'Gri',
NULL,
268440329,
4,
84,
0,
NULL,
NULL,
NULL
);

INSERT INTO phone (CM_Id,CM_PhoneMatching,CM_ExtendedPhoneMatching) VALUES (
669,
387828,
87322428
);

INSERT INTO contacts (CM_Id,CM_Type,CM_PrefTemplateRefId,CM_UIDString,CM_Last_modified,CM_ContactCreationDate,CM_Attributes,CM_ReplicationCount,CM_Header,CM_TextBlob,CM_SearchableText) VALUES (
670,
268440329,
0,
'00e0db49790ca7b8',
#07/06/2006#,
#07/06/2006#,
4,
0,
'0400000006140044000000000000000000200040002e4000102e4000101400c40000000000000000001000c0002e4000102e400010140280010000000000000000',

'00000000',

'        3 7 4 7 0 8 8 1 7 3 6 1 6 8 3   '
);

INSERT INTO identitytable (Parent_CMID,CM_FirstName,CM_LastName,CM_CompanyName,CM_Type,CM_Attributes,CM_HintField,CM_ExtHintField,CM_FirstNmPrn,CM_LastNmPrn,CM_CompanyNmPrn) VALUES (
670,
'Se',
'Mcite',
NULL,
268440329,
4,
84,
0,
NULL,
NULL,
NULL
);

INSERT INTO phone (CM_Id,CM_PhoneMatching,CM_ExtendedPhoneMatching) VALUES (
670,
3861637,
18807473
);

INSERT INTO contacts (CM_Id,CM_Type,CM_PrefTemplateRefId,CM_UIDString,CM_Last_modified,CM_ContactCreationDate,CM_Attributes,CM_ReplicationCount,CM_Header,CM_TextBlob,CM_SearchableText) VALUES (
671,
268440329,
0,
'00e0db49790cbb40',
#07/06/2006#,
#07/06/2006#,
4,
0,
'0400000006140044000000000000000000200040002e4000102e4000101400c40000000000000000001000c0002e4000102e400010140280010000000000000000',

'00000000',

'        5 8 0 4 6 6 1 0 4 0 5 6 6 0 6   '
);

INSERT INTO identitytable (Parent_CMID,CM_FirstName,CM_LastName,CM_CompanyName,CM_Type,CM_Attributes,CM_HintField,CM_ExtHintField,CM_FirstNmPrn,CM_LastNmPrn,CM_CompanyNmPrn) VALUES (
671,
'Kriag',
'Linginkenak',
NULL,
268440329,
4,
84,
0,
NULL,
NULL,
NULL
);

INSERT INTO phone (CM_Id,CM_PhoneMatching,CM_ExtendedPhoneMatching) VALUES (
671,
6066504,
1664085
);

INSERT INTO contacts (CM_Id,CM_Type,CM_PrefTemplateRefId,CM_UIDString,CM_Last_modified,CM_ContactCreationDate,CM_Attributes,CM_ReplicationCount,CM_Header,CM_TextBlob,CM_SearchableText) VALUES (
672,
268440329,
0,
'00e0db49790ce250',
#07/06/2006#,
#07/06/2006#,
4,
0,
'0400000006140044000000000000000000200040002e4000102e4000101400c40000000000000000001000c0002e4000102e400010140280010000000000000000',

'00000000',

'        3 8 3 0 7 6 0 6 7 3 4 3 2 0 4   '
);

INSERT INTO identitytable (Parent_CMID,CM_FirstName,CM_LastName,CM_CompanyName,CM_Type,CM_Attributes,CM_HintField,CM_ExtHintField,CM_FirstNmPrn,CM_LastNmPrn,CM_CompanyNmPrn) VALUES (
672,
'Sas',
'Usoulidbariv',
NULL,
268440329,
4,
84,
0,
NULL,
NULL,
NULL
);

INSERT INTO phone (CM_Id,CM_PhoneMatching,CM_ExtendedPhoneMatching) VALUES (
672,
4023437,
60670383
);

INSERT INTO contacts (CM_Id,CM_Type,CM_PrefTemplateRefId,CM_UIDString,CM_Last_modified,CM_ContactCreationDate,CM_Attributes,CM_ReplicationCount,CM_Header,CM_TextBlob,CM_SearchableText) VALUES (
673,
268440329,
0,
'00e0db49790d0960',
#07/06/2006#,
#07/06/2006#,
4,
0,
'0400000006140044000000000000000000200040002e4000102e4000101400c40000000000000000001000c0002e4000102e400010140280010000000000000000',

'00000000',

'        8 0 3 3 5 5 3 5 4 6 0 5 8 0 7   '
);

INSERT INTO identitytable (Parent_CMID,CM_FirstName,CM_LastName,CM_CompanyName,CM_Type,CM_Attributes,CM_HintField,CM_ExtHintField,CM_FirstNmPrn,CM_LastNmPrn,CM_CompanyNmPrn) VALUES (
673,
'Shaannnrres',
'Ratyst',
NULL,
268440329,
4,
84,
0,
NULL,
NULL,
NULL
);

INSERT INTO phone (CM_Id,CM_PhoneMatching,CM_ExtendedPhoneMatching) VALUES (
673,
7085064,
53553308
);

INSERT INTO contacts (CM_Id,CM_Type,CM_PrefTemplateRefId,CM_UIDString,CM_Last_modified,CM_ContactCreationDate,CM_Attributes,CM_ReplicationCount,CM_Header,CM_TextBlob,CM_SearchableText) VALUES (
674,
268440329,
0,
'00e0db49790d3070',
#07/06/2006#,
#07/06/2006#,
4,
0,
'0400000006140044000000000000000000200040002e4000102e4000101400c40000000000000000001000c0002e4000102e400010140280010000000000000000',

'00000000',

'        2 7 4 1 7 0 8 0 7 3 5 8 8 5 1   '
);

INSERT INTO identitytable (Parent_CMID,CM_FirstName,CM_LastName,CM_CompanyName,CM_Type,CM_Attributes,CM_HintField,CM_ExtHintField,CM_FirstNmPrn,CM_LastNmPrn,CM_CompanyNmPrn) VALUES (
674,
'Fepen',
'Dap',
NULL,
268440329,
4,
84,
0,
NULL,
NULL,
NULL
);

INSERT INTO phone (CM_Id,CM_PhoneMatching,CM_ExtendedPhoneMatching) VALUES (
674,
1588537,
8071472
);

INSERT INTO contacts (CM_Id,CM_Type,CM_PrefTemplateRefId,CM_UIDString,CM_Last_modified,CM_ContactCreationDate,CM_Attributes,CM_ReplicationCount,CM_Header,CM_TextBlob,CM_SearchableText) VALUES (
675,
268440329,
0,
'00e0db49790d5780',
#07/06/2006#,
#07/06/2006#,
4,
0,
'0400000006140044000000000000000000200040002e4000102e4000101400c40000000000000000001000c0002e4000102e400010140280010000000000000000',

'00000000',

'        5 8 4 3 3 1 5 2 3 5 0 7 4 5 0   '
);

INSERT INTO identitytable (Parent_CMID,CM_FirstName,CM_LastName,CM_CompanyName,CM_Type,CM_Attributes,CM_HintField,CM_ExtHintField,CM_FirstNmPrn,CM_LastNmPrn,CM_CompanyNmPrn) VALUES (
675,
'Ma',
'Mangs',
NULL,
268440329,
4,
84,
0,
NULL,
NULL,
NULL
);

INSERT INTO phone (CM_Id,CM_PhoneMatching,CM_ExtendedPhoneMatching) VALUES (
675,
547053,
25133485
);

INSERT INTO contacts (CM_Id,CM_Type,CM_PrefTemplateRefId,CM_UIDString,CM_Last_modified,CM_ContactCreationDate,CM_Attributes,CM_ReplicationCount,CM_Header,CM_TextBlob,CM_SearchableText) VALUES (
676,
268440329,
0,
'00e0db49790d7e90',
#07/06/2006#,
#07/06/2006#,
4,
0,
'0400000006140044000000000000000000200040002e4000102e4000101400c40000000000000000001000c0002e4000102e400010140280010000000000000000',

'00000000',

'        2 3 6 0 6 5 7 4 8 4 7 6 7 2 7   '
);

INSERT INTO identitytable (Parent_CMID,CM_FirstName,CM_LastName,CM_CompanyName,CM_Type,CM_Attributes,CM_HintField,CM_ExtHintField,CM_FirstNmPrn,CM_LastNmPrn,CM_CompanyNmPrn) VALUES (
676,
'Midridraulirayl',
'Alin',
NULL,
268440329,
4,
84,
0,
NULL,
NULL,
NULL
);

INSERT INTO phone (CM_Id,CM_PhoneMatching,CM_ExtendedPhoneMatching) VALUES (
676,
7276748,
47560632
);

INSERT INTO contacts (CM_Id,CM_Type,CM_PrefTemplateRefId,CM_UIDString,CM_Last_modified,CM_ContactCreationDate,CM_Attributes,CM_ReplicationCount,CM_Header,CM_TextBlob,CM_SearchableText) VALUES (
677,
268440329,
0,
'00e0db49790dccb0',
#07/06/2006#,
#07/06/2006#,
4,
0,
'0400000006140044000000000000000000200040002e4000102e4000101400c40000000000000000001000c0002e4000102e400010140280010000000000000000',

'00000000',

'        1 0 0 6 3 0 5 4 7 5 1 6 3 5 5   '
);

INSERT INTO identitytable (Parent_CMID,CM_FirstName,CM_LastName,CM_CompanyName,CM_Type,CM_Attributes,CM_HintField,CM_ExtHintField,CM_FirstNmPrn,CM_LastNmPrn,CM_CompanyNmPrn) VALUES (
677,
'Salie',
'Jeveymisande',
NULL,
268440329,
4,
84,
0,
NULL,
NULL,
NULL
);

INSERT INTO phone (CM_Id,CM_PhoneMatching,CM_ExtendedPhoneMatching) VALUES (
677,
5536157,
45036001
);

INSERT INTO contacts (CM_Id,CM_Type,CM_PrefTemplateRefId,CM_UIDString,CM_Last_modified,CM_ContactCreationDate,CM_Attributes,CM_ReplicationCount,CM_Header,CM_TextBlob,CM_SearchableText) VALUES (
678,
268440329,
0,
'00e0db49790df3c0',
#07/06/2006#,
#07/06/2006#,
4,
0,
'0400000006140044000000000000000000200040002e4000102e4000101400c40000000000000000001000c0002e4000102e400010140280010000000000000000',

'00000000',

'        2 5 8 6 3 8 6 0 4 3 7 8 2 6 1   '
);

INSERT INTO identitytable (Parent_CMID,CM_FirstName,CM_LastName,CM_CompanyName,CM_Type,CM_Attributes,CM_HintField,CM_ExtHintField,CM_FirstNmPrn,CM_LastNmPrn,CM_CompanyNmPrn) VALUES (
678,
'Cha',
'Johi',
NULL,
268440329,
4,
84,
0,
NULL,
NULL,
NULL
);

INSERT INTO phone (CM_Id,CM_PhoneMatching,CM_ExtendedPhoneMatching) VALUES (
678,
1628734,
6836852
);

INSERT INTO contacts (CM_Id,CM_Type,CM_PrefTemplateRefId,CM_UIDString,CM_Last_modified,CM_ContactCreationDate,CM_Attributes,CM_ReplicationCount,CM_Header,CM_TextBlob,CM_SearchableText) VALUES (
679,
268440329,
0,
'00e0db49790e1ad0',
#07/06/2006#,
#07/06/2006#,
4,
0,
'0400000006140044000000000000000000200040002e4000102e4000101400c40000000000000000001000c0002e4000102e400010140280010000000000000000',

'00000000',

'        3 0 1 6 8 2 1 1 7 0 6 2 6 1 3   '
);

INSERT INTO identitytable (Parent_CMID,CM_FirstName,CM_LastName,CM_CompanyName,CM_Type,CM_Attributes,CM_HintField,CM_ExtHintField,CM_FirstNmPrn,CM_LastNmPrn,CM_CompanyNmPrn) VALUES (
679,
'Johroee',
'Wenderkerey',
NULL,
268440329,
4,
84,
0,
NULL,
NULL,
NULL
);

INSERT INTO phone (CM_Id,CM_PhoneMatching,CM_ExtendedPhoneMatching) VALUES (
679,
3162607,
11286103
);

INSERT INTO contacts (CM_Id,CM_Type,CM_PrefTemplateRefId,CM_UIDString,CM_Last_modified,CM_ContactCreationDate,CM_Attributes,CM_ReplicationCount,CM_Header,CM_TextBlob,CM_SearchableText) VALUES (
680,
268440329,
0,
'00e0db49790e41e0',
#07/06/2006#,
#07/06/2006#,
4,
0,
'0400000006140044000000000000000000200040002e4000102e4000101400c40000000000000000001000c0002e4000102e400010140280010000000000000000',

'00000000',

'        5 4 8 0 4 0 1 7 5 3 6 7 0 2 3   '
);

INSERT INTO identitytable (Parent_CMID,CM_FirstName,CM_LastName,CM_CompanyName,CM_Type,CM_Attributes,CM_HintField,CM_ExtHintField,CM_FirstNmPrn,CM_LastNmPrn,CM_CompanyNmPrn) VALUES (
680,
'Liag',
'Brsmall',
NULL,
268440329,
4,
84,
0,
NULL,
NULL,
NULL
);

INSERT INTO phone (CM_Id,CM_PhoneMatching,CM_ExtendedPhoneMatching) VALUES (
680,
3207635,
71040845
);

INSERT INTO contacts (CM_Id,CM_Type,CM_PrefTemplateRefId,CM_UIDString,CM_Last_modified,CM_ContactCreationDate,CM_Attributes,CM_ReplicationCount,CM_Header,CM_TextBlob,CM_SearchableText) VALUES (
681,
268440329,
0,
'00e0db49790e68f0',
#07/06/2006#,
#07/06/2006#,
4,
0,
'0400000006140044000000000000000000200040002e4000102e4000101400c40000000000000000001000c0002e4000102e400010140280010000000000000000',

'00000000',

'        0 7 4 1 7 6 0 8 5 4 8 3 4 1 2   '
);

INSERT INTO identitytable (Parent_CMID,CM_FirstName,CM_LastName,CM_CompanyName,CM_Type,CM_Attributes,CM_HintField,CM_ExtHintField,CM_FirstNmPrn,CM_LastNmPrn,CM_CompanyNmPrn) VALUES (
681,
'Suckoneavichiphnnn',
'Brd',
NULL,
268440329,
4,
84,
0,
NULL,
NULL,
NULL
);

INSERT INTO phone (CM_Id,CM_PhoneMatching,CM_ExtendedPhoneMatching) VALUES (
681,
2143845,
80671470
);

INSERT INTO contacts (CM_Id,CM_Type,CM_PrefTemplateRefId,CM_UIDString,CM_Last_modified,CM_ContactCreationDate,CM_Attributes,CM_ReplicationCount,CM_Header,CM_TextBlob,CM_SearchableText) VALUES (
682,
268440329,
0,
'00e0db49790e7c78',
#07/06/2006#,
#07/06/2006#,
4,
0,
'0400000006140044000000000000000000200040002e4000102e4000101400c40000000000000000001000c0002e4000102e400010140280010000000000000000',

'00000000',

'        4 7 5 8 5 7 4 1 5 4 5 1 8 0 3   '
);

INSERT INTO identitytable (Parent_CMID,CM_FirstName,CM_LastName,CM_CompanyName,CM_Type,CM_Attributes,CM_HintField,CM_ExtHintField,CM_FirstNmPrn,CM_LastNmPrn,CM_CompanyNmPrn) VALUES (
682,
'Gichohn',
'Haralsovetilanncerkvinenresierd',
NULL,
268440329,
4,
84,
0,
NULL,
NULL,
NULL
);

INSERT INTO phone (CM_Id,CM_PhoneMatching,CM_ExtendedPhoneMatching) VALUES (
682,
3081545,
14758574
);

INSERT INTO contacts (CM_Id,CM_Type,CM_PrefTemplateRefId,CM_UIDString,CM_Last_modified,CM_ContactCreationDate,CM_Attributes,CM_ReplicationCount,CM_Header,CM_TextBlob,CM_SearchableText) VALUES (
683,
268440329,
0,
'00e0db49790ea388',
#07/06/2006#,
#07/06/2006#,
4,
0,
'0400000006140044000000000000000000200040002e4000102e4000101400c40000000000000000001000c0002e4000102e400010140280010000000000000000',

'00000000',

'        8 1 1 1 4 3 4 7 5 7 1 8 7 0 3   '
);

INSERT INTO identitytable (Parent_CMID,CM_FirstName,CM_LastName,CM_CompanyName,CM_Type,CM_Attributes,CM_HintField,CM_ExtHintField,CM_FirstNmPrn,CM_LastNmPrn,CM_CompanyNmPrn) VALUES (
683,
'Gan',
'Goruciceysebe',
NULL,
268440329,
4,
84,
0,
NULL,
NULL,
NULL
);

INSERT INTO phone (CM_Id,CM_PhoneMatching,CM_ExtendedPhoneMatching) VALUES (
683,
3078175,
74341118
);

INSERT INTO contacts (CM_Id,CM_Type,CM_PrefTemplateRefId,CM_UIDString,CM_Last_modified,CM_ContactCreationDate,CM_Attributes,CM_ReplicationCount,CM_Header,CM_TextBlob,CM_SearchableText) VALUES (
684,
268440329,
0,
'00e0db49790eca98',
#07/06/2006#,
#07/06/2006#,
4,
0,
'0400000006140044000000000000000000200040002e4000102e4000101400c40000000000000000001000c0002e4000102e400010140280010000000000000000',

'00000000',

'        2 1 7 3 7 0 5 7 0 0 5 7 6 3 3   '
);

INSERT INTO identitytable (Parent_CMID,CM_FirstName,CM_LastName,CM_CompanyName,CM_Type,CM_Attributes,CM_HintField,CM_ExtHintField,CM_FirstNmPrn,CM_LastNmPrn,CM_CompanyNmPrn) VALUES (
684,
'Ra',
'Dh',
NULL,
268440329,
4,
84,
0,
NULL,
NULL,
NULL
);

INSERT INTO phone (CM_Id,CM_PhoneMatching,CM_ExtendedPhoneMatching) VALUES (
684,
3367500,
75073712
);

INSERT INTO contacts (CM_Id,CM_Type,CM_PrefTemplateRefId,CM_UIDString,CM_Last_modified,CM_ContactCreationDate,CM_Attributes,CM_ReplicationCount,CM_Header,CM_TextBlob,CM_SearchableText) VALUES (
685,
268440329,
0,
'00e0db49790ede20',
#07/06/2006#,
#07/06/2006#,
4,
0,
'0400000006140044000000000000000000200040002e4000102e4000101400c40000000000000000001000c0002e4000102e400010140280010000000000000000',

'00000000',

'        1 3 8 4 3 8 5 5 8 6 8 7 3 3 2   '
);

INSERT INTO identitytable (Parent_CMID,CM_FirstName,CM_LastName,CM_CompanyName,CM_Type,CM_Attributes,CM_HintField,CM_ExtHintField,CM_FirstNmPrn,CM_LastNmPrn,CM_CompanyNmPrn) VALUES (
685,
'Tichn',
'Jonchlllemassstinsmatralkesoralst',
NULL,
268440329,
4,
84,
0,
NULL,
NULL,
NULL
);

INSERT INTO phone (CM_Id,CM_PhoneMatching,CM_ExtendedPhoneMatching) VALUES (
685,
2337868,
55834831
);

INSERT INTO contacts (CM_Id,CM_Type,CM_PrefTemplateRefId,CM_UIDString,CM_Last_modified,CM_ContactCreationDate,CM_Attributes,CM_ReplicationCount,CM_Header,CM_TextBlob,CM_SearchableText) VALUES (
686,
268440329,
0,
'00e0db49790f0530',
#07/06/2006#,
#07/06/2006#,
4,
0,
'0400000006140044000000000000000000200040002e4000102e4000101400c40000000000000000001000c0002e4000102e400010140280010000000000000000',

'00000000',

'        2 0 2 1 3 5 4 0 7 7 6 2 1 4 2   '
);

INSERT INTO identitytable (Parent_CMID,CM_FirstName,CM_LastName,CM_CompanyName,CM_Type,CM_Attributes,CM_HintField,CM_ExtHintField,CM_FirstNmPrn,CM_LastNmPrn,CM_CompanyNmPrn) VALUES (
686,
'Nichomabentareausttiethaseevizularteesem',
'Her',
NULL,
268440329,
4,
84,
0,
NULL,
NULL,
NULL
);

INSERT INTO phone (CM_Id,CM_PhoneMatching,CM_ExtendedPhoneMatching) VALUES (
686,
2412677,
4531202
);

INSERT INTO contacts (CM_Id,CM_Type,CM_PrefTemplateRefId,CM_UIDString,CM_Last_modified,CM_ContactCreationDate,CM_Attributes,CM_ReplicationCount,CM_Header,CM_TextBlob,CM_SearchableText) VALUES (
687,
268440329,
0,
'00e0db49790f2c40',
#07/06/2006#,
#07/06/2006#,
4,
0,
'0400000006140044000000000000000000200040002e4000102e4000101400c40000000000000000001000c0002e4000102e400010140280010000000000000000',

'00000000',

'        0 7 7 2 6 3 1 4 6 7 1 4 4 8 5   '
);

INSERT INTO identitytable (Parent_CMID,CM_FirstName,CM_LastName,CM_CompanyName,CM_Type,CM_Attributes,CM_HintField,CM_ExtHintField,CM_FirstNmPrn,CM_LastNmPrn,CM_CompanyNmPrn) VALUES (
687,
'Nis',
'Riang',
NULL,
268440329,
4,
84,
0,
NULL,
NULL,
NULL
);

INSERT INTO phone (CM_Id,CM_PhoneMatching,CM_ExtendedPhoneMatching) VALUES (
687,
5844176,
41362770
);

INSERT INTO contacts (CM_Id,CM_Type,CM_PrefTemplateRefId,CM_UIDString,CM_Last_modified,CM_ContactCreationDate,CM_Attributes,CM_ReplicationCount,CM_Header,CM_TextBlob,CM_SearchableText) VALUES (
688,
268440329,
0,
'00e0db49790f5350',
#07/06/2006#,
#07/06/2006#,
4,
0,
'0400000006140044000000000000000000200040002e4000102e4000101400c40000000000000000001000c0002e4000102e400010140280010000000000000000',

'00000000',

'        2 3 2 3 8 1 6 1 1 8 1 0 3 6 1   '
);

INSERT INTO identitytable (Parent_CMID,CM_FirstName,CM_LastName,CM_CompanyName,CM_Type,CM_Attributes,CM_HintField,CM_ExtHintField,CM_FirstNmPrn,CM_LastNmPrn,CM_CompanyNmPrn) VALUES (
688,
'Mianava',
'Merssalikmanseeray',
NULL,
268440329,
4,
84,
0,
NULL,
NULL,
NULL
);

INSERT INTO phone (CM_Id,CM_PhoneMatching,CM_ExtendedPhoneMatching) VALUES (
688,
1630181,
16183232
);

INSERT INTO contacts (CM_Id,CM_Type,CM_PrefTemplateRefId,CM_UIDString,CM_Last_modified,CM_ContactCreationDate,CM_Attributes,CM_ReplicationCount,CM_Header,CM_TextBlob,CM_SearchableText) VALUES (
689,
268440329,
0,
'00e0db49790f7a60',
#07/06/2006#,
#07/06/2006#,
4,
0,
'0400000006140044000000000000000000200040002e4000102e4000101400c40000000000000000001000c0002e4000102e400010140280010000000000000000',

'00000000',

'        5 8 3 3 8 0 8 0 1 8 8 5 5 5 7   '
);

INSERT INTO identitytable (Parent_CMID,CM_FirstName,CM_LastName,CM_CompanyName,CM_Type,CM_Attributes,CM_HintField,CM_ExtHintField,CM_FirstNmPrn,CM_LastNmPrn,CM_CompanyNmPrn) VALUES (
689,
'Ma',
'Sangglija',
NULL,
268440329,
4,
84,
0,
NULL,
NULL,
NULL
);

INSERT INTO phone (CM_Id,CM_PhoneMatching,CM_ExtendedPhoneMatching) VALUES (
689,
7555881,
8083385
);

INSERT INTO contacts (CM_Id,CM_Type,CM_PrefTemplateRefId,CM_UIDString,CM_Last_modified,CM_ContactCreationDate,CM_Attributes,CM_ReplicationCount,CM_Header,CM_TextBlob,CM_SearchableText) VALUES (
690,
268440329,
0,
'00e0db49790f8de8',
#07/06/2006#,
#07/06/2006#,
4,
0,
'0400000006140044000000000000000000200040002e4000102e4000101400c40000000000000000001000c0002e4000102e400010140280010000000000000000',

'00000000',

'        1 6 0 5 8 0 5 5 0 0 7 5 4 4 0   '
);

INSERT INTO identitytable (Parent_CMID,CM_FirstName,CM_LastName,CM_CompanyName,CM_Type,CM_Attributes,CM_HintField,CM_ExtHintField,CM_FirstNmPrn,CM_LastNmPrn,CM_CompanyNmPrn) VALUES (
690,
'Rae',
'Relis',
NULL,
268440329,
4,
84,
0,
NULL,
NULL,
NULL
);

INSERT INTO phone (CM_Id,CM_PhoneMatching,CM_ExtendedPhoneMatching) VALUES (
690,
445700,
55085061
);

INSERT INTO contacts (CM_Id,CM_Type,CM_PrefTemplateRefId,CM_UIDString,CM_Last_modified,CM_ContactCreationDate,CM_Attributes,CM_ReplicationCount,CM_Header,CM_TextBlob,CM_SearchableText) VALUES (
691,
268440329,
0,
'00e0db49790fb4f8',
#07/06/2006#,
#07/06/2006#,
4,
0,
'0400000006140044000000000000000000200040002e4000102e4000101400c40000000000000000001000c0002e4000102e400010140280010000000000000000',

'00000000',

'        8 7 1 8 1 6 2 6 5 2 5 4 8 4 2   '
);

INSERT INTO identitytable (Parent_CMID,CM_FirstName,CM_LastName,CM_CompanyName,CM_Type,CM_Attributes,CM_HintField,CM_ExtHintField,CM_FirstNmPrn,CM_LastNmPrn,CM_CompanyNmPrn) VALUES (
691,
'Sy',
'Tumournenam',
NULL,
268440329,
4,
84,
0,
NULL,
NULL,
NULL
);

INSERT INTO phone (CM_Id,CM_PhoneMatching,CM_ExtendedPhoneMatching) VALUES (
691,
2484525,
62618178
);

INSERT INTO contacts (CM_Id,CM_Type,CM_PrefTemplateRefId,CM_UIDString,CM_Last_modified,CM_ContactCreationDate,CM_Attributes,CM_ReplicationCount,CM_Header,CM_TextBlob,CM_SearchableText) VALUES (
692,
268440329,
0,
'00e0db49791016a0',
#07/06/2006#,
#07/06/2006#,
4,
0,
'0400000006140044000000000000000000200040002e4000102e4000101400c40000000000000000001000c0002e4000102e400010140280010000000000000000',

'00000000',

'        7 5 5 1 3 4 3 6 4 8 0 7 6 7 3   '
);

INSERT INTO identitytable (Parent_CMID,CM_FirstName,CM_LastName,CM_CompanyName,CM_Type,CM_Attributes,CM_HintField,CM_ExtHintField,CM_FirstNmPrn,CM_LastNmPrn,CM_CompanyNmPrn) VALUES (
692,
'Lusias',
'Smmeh',
NULL,
268440329,
4,
84,
0,
NULL,
NULL,
NULL
);

INSERT INTO phone (CM_Id,CM_PhoneMatching,CM_ExtendedPhoneMatching) VALUES (
692,
3767084,
63431557
);

INSERT INTO contacts (CM_Id,CM_Type,CM_PrefTemplateRefId,CM_UIDString,CM_Last_modified,CM_ContactCreationDate,CM_Attributes,CM_ReplicationCount,CM_Header,CM_TextBlob,CM_SearchableText) VALUES (
693,
268440329,
0,
'00e0db4979103db0',
#07/06/2006#,
#07/06/2006#,
4,
0,
'0400000006140044000000000000000000200040002e4000102e4000101400c40000000000000000001000c0002e4000102e400010140280010000000000000000',

'00000000',

'        5 1 3 3 1 1 3 5 6 5 6 4 7 2 8   '
);

INSERT INTO identitytable (Parent_CMID,CM_FirstName,CM_LastName,CM_CompanyName,CM_Type,CM_Attributes,CM_HintField,CM_ExtHintField,CM_FirstNmPrn,CM_LastNmPrn,CM_CompanyNmPrn) VALUES (
693,
'An',
'Torcowaresinderfishavend',
NULL,
268440329,
4,
84,
0,
NULL,
NULL,
NULL
);

INSERT INTO phone (CM_Id,CM_PhoneMatching,CM_ExtendedPhoneMatching) VALUES (
693,
8274656,
53113315
);

INSERT INTO contacts (CM_Id,CM_Type,CM_PrefTemplateRefId,CM_UIDString,CM_Last_modified,CM_ContactCreationDate,CM_Attributes,CM_ReplicationCount,CM_Header,CM_TextBlob,CM_SearchableText) VALUES (
694,
268440329,
0,
'00e0db49791064c0',
#07/06/2006#,
#07/06/2006#,
4,
0,
'0400000006140044000000000000000000200040002e4000102e4000101400c40000000000000000001000c0002e4000102e400010140280010000000000000000',

'00000000',

'        7 4 5 0 4 0 1 1 0 3 7 5 7 0 5   '
);

INSERT INTO identitytable (Parent_CMID,CM_FirstName,CM_LastName,CM_CompanyName,CM_Type,CM_Attributes,CM_HintField,CM_ExtHintField,CM_FirstNmPrn,CM_LastNmPrn,CM_CompanyNmPrn) VALUES (
694,
'Fa',
'Sjis',
NULL,
268440329,
4,
84,
0,
NULL,
NULL,
NULL
);

INSERT INTO phone (CM_Id,CM_PhoneMatching,CM_ExtendedPhoneMatching) VALUES (
694,
5075730,
11040547
);

INSERT INTO contacts (CM_Id,CM_Type,CM_PrefTemplateRefId,CM_UIDString,CM_Last_modified,CM_ContactCreationDate,CM_Attributes,CM_ReplicationCount,CM_Header,CM_TextBlob,CM_SearchableText) VALUES (
695,
268440329,
0,
'00e0db4979108bd0',
#07/06/2006#,
#07/06/2006#,
4,
0,
'0400000006140044000000000000000000200040002e4000102e4000101400c40000000000000000001000c0002e4000102e400010140280010000000000000000',

'00000000',

'        7 1 2 6 7 6 7 2 0 0 5 1 4 4 5   '
);

INSERT INTO identitytable (Parent_CMID,CM_FirstName,CM_LastName,CM_CompanyName,CM_Type,CM_Attributes,CM_HintField,CM_ExtHintField,CM_FirstNmPrn,CM_LastNmPrn,CM_CompanyNmPrn) VALUES (
695,
'Flad',
'Kimshogrbi',
NULL,
268440329,
4,
84,
0,
NULL,
NULL,
NULL
);

INSERT INTO phone (CM_Id,CM_PhoneMatching,CM_ExtendedPhoneMatching) VALUES (
695,
5441500,
27676217
);

INSERT INTO contacts (CM_Id,CM_Type,CM_PrefTemplateRefId,CM_UIDString,CM_Last_modified,CM_ContactCreationDate,CM_Attributes,CM_ReplicationCount,CM_Header,CM_TextBlob,CM_SearchableText) VALUES (
696,
268440329,
0,
'00e0db497910b2e0',
#07/06/2006#,
#07/06/2006#,
4,
0,
'0400000006140044000000000000000000200040002e4000102e4000101400c40000000000000000001000c0002e4000102e400010140280010000000000000000',

'00000000',

'        2 0 5 1 2 2 4 8 4 1 6 4 3 5 2   '
);

INSERT INTO identitytable (Parent_CMID,CM_FirstName,CM_LastName,CM_CompanyName,CM_Type,CM_Attributes,CM_HintField,CM_ExtHintField,CM_FirstNmPrn,CM_LastNmPrn,CM_CompanyNmPrn) VALUES (
696,
'Mani',
'Frgenersensowindg',
NULL,
268440329,
4,
84,
0,
NULL,
NULL,
NULL
);

INSERT INTO phone (CM_Id,CM_PhoneMatching,CM_ExtendedPhoneMatching) VALUES (
696,
2534614,
84221502
);

INSERT INTO contacts (CM_Id,CM_Type,CM_PrefTemplateRefId,CM_UIDString,CM_Last_modified,CM_ContactCreationDate,CM_Attributes,CM_ReplicationCount,CM_Header,CM_TextBlob,CM_SearchableText) VALUES (
697,
268440329,
0,
'00e0db497910d9f0',
#07/06/2006#,
#07/06/2006#,
4,
0,
'0400000006140044000000000000000000200040002e4000102e4000101400c40000000000000000001000c0002e4000102e400010140280010000000000000000',

'00000000',

'        7 6 6 3 0 7 3 5 6 5 6 7 7 8 8   '
);

INSERT INTO identitytable (Parent_CMID,CM_FirstName,CM_LastName,CM_CompanyName,CM_Type,CM_Attributes,CM_HintField,CM_ExtHintField,CM_FirstNmPrn,CM_LastNmPrn,CM_CompanyNmPrn) VALUES (
697,
'Jau',
'TutUstr',
NULL,
268440329,
4,
84,
0,
NULL,
NULL,
NULL
);

INSERT INTO phone (CM_Id,CM_PhoneMatching,CM_ExtendedPhoneMatching) VALUES (
697,
8877656,
53703667
);

INSERT INTO contacts (CM_Id,CM_Type,CM_PrefTemplateRefId,CM_UIDString,CM_Last_modified,CM_ContactCreationDate,CM_Attributes,CM_ReplicationCount,CM_Header,CM_TextBlob,CM_SearchableText) VALUES (
698,
268440329,
0,
'00e0db4979110100',
#07/06/2006#,
#07/06/2006#,
4,
0,
'0400000006140044000000000000000000200040002e4000102e4000101400c40000000000000000001000c0002e4000102e400010140280010000000000000000',

'00000000',

'        2 5 7 0 5 6 4 8 5 7 2 5 3 4 7   '
);

INSERT INTO identitytable (Parent_CMID,CM_FirstName,CM_LastName,CM_CompanyName,CM_Type,CM_Attributes,CM_HintField,CM_ExtHintField,CM_FirstNmPrn,CM_LastNmPrn,CM_CompanyNmPrn) VALUES (
698,
'An',
'Evandor',
NULL,
268440329,
4,
84,
0,
NULL,
NULL,
NULL
);

INSERT INTO phone (CM_Id,CM_PhoneMatching,CM_ExtendedPhoneMatching) VALUES (
698,
7435275,
84650752
);

INSERT INTO contacts (CM_Id,CM_Type,CM_PrefTemplateRefId,CM_UIDString,CM_Last_modified,CM_ContactCreationDate,CM_Attributes,CM_ReplicationCount,CM_Header,CM_TextBlob,CM_SearchableText) VALUES (
699,
268440329,
0,
'00e0db4979111488',
#07/06/2006#,
#07/06/2006#,
4,
0,
'0400000006140044000000000000000000200040002e4000102e4000101400c40000000000000000001000c0002e4000102e400010140280010000000000000000',

'00000000',

'        0 6 5 5 1 2 4 1 4 7 3 8 7 0 8   '
);

INSERT INTO identitytable (Parent_CMID,CM_FirstName,CM_LastName,CM_CompanyName,CM_Type,CM_Attributes,CM_HintField,CM_ExtHintField,CM_FirstNmPrn,CM_LastNmPrn,CM_CompanyNmPrn) VALUES (
699,
'An',
'urachansordfer',
NULL,
268440329,
4,
84,
0,
NULL,
NULL,
NULL
);

INSERT INTO phone (CM_Id,CM_PhoneMatching,CM_ExtendedPhoneMatching) VALUES (
699,
8078374,
14215560
);

INSERT INTO contacts (CM_Id,CM_Type,CM_PrefTemplateRefId,CM_UIDString,CM_Last_modified,CM_ContactCreationDate,CM_Attributes,CM_ReplicationCount,CM_Header,CM_TextBlob,CM_SearchableText) VALUES (
700,
268440329,
0,
'00e0db4979113b98',
#07/06/2006#,
#07/06/2006#,
4,
0,
'0400000006140044000000000000000000200040002e4000102e4000101400c40000000000000000001000c0002e4000102e400010140280010000000000000000',

'00000000',

'        6 2 8 3 2 2 4 7 1 2 7 7 7 2 5   '
);

INSERT INTO identitytable (Parent_CMID,CM_FirstName,CM_LastName,CM_CompanyName,CM_Type,CM_Attributes,CM_HintField,CM_ExtHintField,CM_FirstNmPrn,CM_LastNmPrn,CM_CompanyNmPrn) VALUES (
700,
'War',
'Ahnereruik',
NULL,
268440329,
4,
84,
0,
NULL,
NULL,
NULL
);

INSERT INTO phone (CM_Id,CM_PhoneMatching,CM_ExtendedPhoneMatching) VALUES (
700,
5277721,
74223826
);

INSERT INTO contacts (CM_Id,CM_Type,CM_PrefTemplateRefId,CM_UIDString,CM_Last_modified,CM_ContactCreationDate,CM_Attributes,CM_ReplicationCount,CM_Header,CM_TextBlob,CM_SearchableText) VALUES (
701,
268440329,
0,
'00e0db49791162a8',
#07/06/2006#,
#07/06/2006#,
4,
0,
'0400000006140044000000000000000000200040002e4000102e4000101400c40000000000000000001000c0002e4000102e400010140280010000000000000000',

'00000000',

'        5 1 3 4 2 3 8 7 5 0 3 3 0 2 4   '
);

INSERT INTO identitytable (Parent_CMID,CM_FirstName,CM_LastName,CM_CompanyName,CM_Type,CM_Attributes,CM_HintField,CM_ExtHintField,CM_FirstNmPrn,CM_LastNmPrn,CM_CompanyNmPrn) VALUES (
701,
'Mael',
'Inghsildg',
NULL,
268440329,
4,
84,
0,
NULL,
NULL,
NULL
);

INSERT INTO phone (CM_Id,CM_PhoneMatching,CM_ExtendedPhoneMatching) VALUES (
701,
4203305,
78324315
);

INSERT INTO contacts (CM_Id,CM_Type,CM_PrefTemplateRefId,CM_UIDString,CM_Last_modified,CM_ContactCreationDate,CM_Attributes,CM_ReplicationCount,CM_Header,CM_TextBlob,CM_SearchableText) VALUES (
702,
268440329,
0,
'00e0db49791189b8',
#07/06/2006#,
#07/06/2006#,
4,
0,
'0400000006140044000000000000000000200040002e4000102e4000101400c40000000000000000001000c0002e4000102e400010140280010000000000000000',

'00000000',

'        3 6 3 7 1 6 1 7 1 3 1 2 2 5 0   '
);

INSERT INTO identitytable (Parent_CMID,CM_FirstName,CM_LastName,CM_CompanyName,CM_Type,CM_Attributes,CM_HintField,CM_ExtHintField,CM_FirstNmPrn,CM_LastNmPrn,CM_CompanyNmPrn) VALUES (
702,
'Mimiliel',
'Krrarpthialesenibrt',
NULL,
268440329,
4,
84,
0,
NULL,
NULL,
NULL
);

INSERT INTO phone (CM_Id,CM_PhoneMatching,CM_ExtendedPhoneMatching) VALUES (
702,
522131,
71617363
);

INSERT INTO contacts (CM_Id,CM_Type,CM_PrefTemplateRefId,CM_UIDString,CM_Last_modified,CM_ContactCreationDate,CM_Attributes,CM_ReplicationCount,CM_Header,CM_TextBlob,CM_SearchableText) VALUES (
703,
268440329,
0,
'00e0db4979119d40',
#07/06/2006#,
#07/06/2006#,
4,
0,
'0400000006140044000000000000000000200040002e4000102e4000101400c40000000000000000001000c0002e4000102e400010140280010000000000000000',

'00000000',

'        5 4 6 1 2 6 4 0 8 3 2 1 2 3 5   '
);

INSERT INTO identitytable (Parent_CMID,CM_FirstName,CM_LastName,CM_CompanyName,CM_Type,CM_Attributes,CM_HintField,CM_ExtHintField,CM_FirstNmPrn,CM_LastNmPrn,CM_CompanyNmPrn) VALUES (
703,
'Jeet',
'Shanons',
NULL,
268440329,
4,
84,
0,
NULL,
NULL,
NULL
);

INSERT INTO phone (CM_Id,CM_PhoneMatching,CM_ExtendedPhoneMatching) VALUES (
703,
5321238,
4621645
);


INSERT INTO contacts (CM_Id,CM_Type,CM_PrefTemplateRefId,CM_UIDString,CM_Last_modified,CM_ContactCreationDate,CM_Attributes,CM_ReplicationCount,CM_Header,CM_TextBlob,CM_SearchableText) VALUES (
704,
268440329,
0,
'00e0db497911c450',
#07/06/2006#,
#07/06/2006#,
4,
0,
'0400000006140044000000000000000000200040002e4000102e4000101400c40000000000000000001000c0002e4000102e400010140280010000000000000000',

'00000000',

'        7 0 8 8 6 4 6 3 5 8 0 2 7 5 1   '
);

INSERT INTO identitytable (Parent_CMID,CM_FirstName,CM_LastName,CM_CompanyName,CM_Type,CM_Attributes,CM_HintField,CM_ExtHintField,CM_FirstNmPrn,CM_LastNmPrn,CM_CompanyNmPrn) VALUES (
704,
'Tos',
'Gis',
NULL,
268440329,
4,
84,
0,
NULL,
NULL,
NULL
);

INSERT INTO phone (CM_Id,CM_PhoneMatching,CM_ExtendedPhoneMatching) VALUES (
704,
1572085,
36468807
);

INSERT INTO contacts (CM_Id,CM_Type,CM_PrefTemplateRefId,CM_UIDString,CM_Last_modified,CM_ContactCreationDate,CM_Attributes,CM_ReplicationCount,CM_Header,CM_TextBlob,CM_SearchableText) VALUES (
705,
268440329,
0,
'00e0db497911eb60',
#07/06/2006#,
#07/06/2006#,
4,
0,
'0400000006140044000000000000000000200040002e4000102e4000101400c40000000000000000001000c0002e4000102e400010140280010000000000000000',

'00000000',

'        6 3 1 5 5 2 3 3 3 8 0 7 8 7 8   '
);

INSERT INTO identitytable (Parent_CMID,CM_FirstName,CM_LastName,CM_CompanyName,CM_Type,CM_Attributes,CM_HintField,CM_ExtHintField,CM_FirstNmPrn,CM_LastNmPrn,CM_CompanyNmPrn) VALUES (
705,
'Nithevintiark',
'Ver',
NULL,
268440329,
4,
84,
0,
NULL,
NULL,
NULL
);

INSERT INTO phone (CM_Id,CM_PhoneMatching,CM_ExtendedPhoneMatching) VALUES (
705,
8787083,
33255136
);

INSERT INTO contacts (CM_Id,CM_Type,CM_PrefTemplateRefId,CM_UIDString,CM_Last_modified,CM_ContactCreationDate,CM_Attributes,CM_ReplicationCount,CM_Header,CM_TextBlob,CM_SearchableText) VALUES (
706,
268440329,
0,
'00e0db4979121270',
#07/06/2006#,
#07/06/2006#,
4,
0,
'0400000006140044000000000000000000200040002e4000102e4000101400c40000000000000000001000c0002e4000102e400010140280010000000000000000',

'00000000',

'        8 3 2 0 1 7 6 3 4 8 3 0 7 5 0   '
);

INSERT INTO identitytable (Parent_CMID,CM_FirstName,CM_LastName,CM_CompanyName,CM_Type,CM_Attributes,CM_HintField,CM_ExtHintField,CM_FirstNmPrn,CM_LastNmPrn,CM_CompanyNmPrn) VALUES (
706,
'Rim',
'Rinalandrd',
NULL,
268440329,
4,
84,
0,
NULL,
NULL,
NULL
);

INSERT INTO phone (CM_Id,CM_PhoneMatching,CM_ExtendedPhoneMatching) VALUES (
706,
570384,
36710238
);

INSERT INTO contacts (CM_Id,CM_Type,CM_PrefTemplateRefId,CM_UIDString,CM_Last_modified,CM_ContactCreationDate,CM_Attributes,CM_ReplicationCount,CM_Header,CM_TextBlob,CM_SearchableText) VALUES (
707,
268440329,
0,
'00e0db49791287a0',
#07/06/2006#,
#07/06/2006#,
4,
0,
'0400000006140044000000000000000000200040002e4000102e4000101400c40000000000000000001000c0002e4000102e400010140280010000000000000000',

'00000000',

'        8 4 7 0 6 1 8 8 3 4 3 3 8 7 4   '
);

INSERT INTO identitytable (Parent_CMID,CM_FirstName,CM_LastName,CM_CompanyName,CM_Type,CM_Attributes,CM_HintField,CM_ExtHintField,CM_FirstNmPrn,CM_LastNmPrn,CM_CompanyNmPrn) VALUES (
707,
'All',
'Si',
NULL,
268440329,
4,
84,
0,
NULL,
NULL,
NULL
);

INSERT INTO phone (CM_Id,CM_PhoneMatching,CM_ExtendedPhoneMatching) VALUES (
707,
4783343,
88160748
);

INSERT INTO contacts (CM_Id,CM_Type,CM_PrefTemplateRefId,CM_UIDString,CM_Last_modified,CM_ContactCreationDate,CM_Attributes,CM_ReplicationCount,CM_Header,CM_TextBlob,CM_SearchableText) VALUES (
708,
268440329,
0,
'00e0db497912aeb0',
#07/06/2006#,
#07/06/2006#,
4,
0,
'0400000006140044000000000000000000200040002e4000102e4000101400c40000000000000000001000c0002e4000102e400010140280010000000000000000',

'00000000',

'        7 2 7 6 8 8 8 6 5 0 6 3 4 5 2   '
);

INSERT INTO identitytable (Parent_CMID,CM_FirstName,CM_LastName,CM_CompanyName,CM_Type,CM_Attributes,CM_HintField,CM_ExtHintField,CM_FirstNmPrn,CM_LastNmPrn,CM_CompanyNmPrn) VALUES (
708,
'Savele',
'Fon-Mc',
NULL,
268440329,
4,
84,
0,
NULL,
NULL,
NULL
);

INSERT INTO phone (CM_Id,CM_PhoneMatching,CM_ExtendedPhoneMatching) VALUES (
708,
2543605,
68886727
);

INSERT INTO contacts (CM_Id,CM_Type,CM_PrefTemplateRefId,CM_UIDString,CM_Last_modified,CM_ContactCreationDate,CM_Attributes,CM_ReplicationCount,CM_Header,CM_TextBlob,CM_SearchableText) VALUES (
709,
268440329,
0,
'00e0db497912d5c0',
#07/06/2006#,
#07/06/2006#,
4,
0,
'0400000006140044000000000000000000200040002e4000102e4000101400c40000000000000000001000c0002e4000102e400010140280010000000000000000',

'00000000',

'        5 8 6 6 2 0 0 2 4 8 4 3 1 1 4   '
);

INSERT INTO identitytable (Parent_CMID,CM_FirstName,CM_LastName,CM_CompanyName,CM_Type,CM_Attributes,CM_HintField,CM_ExtHintField,CM_FirstNmPrn,CM_LastNmPrn,CM_CompanyNmPrn) VALUES (
709,
'Gllarigew',
'Ling',
NULL,
268440329,
4,
84,
0,
NULL,
NULL,
NULL
);

INSERT INTO phone (CM_Id,CM_PhoneMatching,CM_ExtendedPhoneMatching) VALUES (
709,
4113484,
20026685
);

INSERT INTO contacts (CM_Id,CM_Type,CM_PrefTemplateRefId,CM_UIDString,CM_Last_modified,CM_ContactCreationDate,CM_Attributes,CM_ReplicationCount,CM_Header,CM_TextBlob,CM_SearchableText) VALUES (
710,
268440329,
0,
'00e0db497912fcd0',
#07/06/2006#,
#07/06/2006#,
4,
0,
'0400000006140044000000000000000000200040002e4000102e4000101400c40000000000000000001000c0002e4000102e400010140280010000000000000000',

'00000000',

'        8 0 5 8 4 1 7 4 8 3 4 7 0 3 2   '
);

INSERT INTO identitytable (Parent_CMID,CM_FirstName,CM_LastName,CM_CompanyName,CM_Type,CM_Attributes,CM_HintField,CM_ExtHintField,CM_FirstNmPrn,CM_LastNmPrn,CM_CompanyNmPrn) VALUES (
710,
'Carrbdriauck',
'Guckung',
NULL,
268440329,
4,
84,
0,
NULL,
NULL,
NULL
);

INSERT INTO phone (CM_Id,CM_PhoneMatching,CM_ExtendedPhoneMatching) VALUES (
710,
2307438,
47148508
);

INSERT INTO contacts (CM_Id,CM_Type,CM_PrefTemplateRefId,CM_UIDString,CM_Last_modified,CM_ContactCreationDate,CM_Attributes,CM_ReplicationCount,CM_Header,CM_TextBlob,CM_SearchableText) VALUES (
711,
268440329,
0,
'00e0db4979131c8d',
#07/06/2006#,
#07/06/2006#,
4,
0,
'0400000006140044000000000000000000200040002e4000102e4000101400c40000000000000000001000c0002e4000102e400010140280010000000000000000',

'00000000',

'        3 5 3 6 2 5 1 1 7 4 0 3 6 6 6   '
);

INSERT INTO identitytable (Parent_CMID,CM_FirstName,CM_LastName,CM_CompanyName,CM_Type,CM_Attributes,CM_HintField,CM_ExtHintField,CM_FirstNmPrn,CM_LastNmPrn,CM_CompanyNmPrn) VALUES (
711,
'Ced',
'Sv',
NULL,
268440329,
4,
84,
0,
NULL,
NULL,
NULL
);

INSERT INTO phone (CM_Id,CM_PhoneMatching,CM_ExtendedPhoneMatching) VALUES (
711,
6663047,
11526353
);

INSERT INTO contacts (CM_Id,CM_Type,CM_PrefTemplateRefId,CM_UIDString,CM_Last_modified,CM_ContactCreationDate,CM_Attributes,CM_ReplicationCount,CM_Header,CM_TextBlob,CM_SearchableText) VALUES (
712,
268440329,
0,
'00e0db4979133015',
#07/06/2006#,
#07/06/2006#,
4,
0,
'0400000006140044000000000000000000200040002e4000102e4000101400c40000000000000000001000c0002e4000102e400010140280010000000000000000',

'00000000',

'        0 1 8 0 4 3 8 8 6 2 8 5 2 2 1   '
);

INSERT INTO identitytable (Parent_CMID,CM_FirstName,CM_LastName,CM_CompanyName,CM_Type,CM_Attributes,CM_HintField,CM_ExtHintField,CM_FirstNmPrn,CM_LastNmPrn,CM_CompanyNmPrn) VALUES (
712,
'Nin',
'MarcLianotstl',
NULL,
268440329,
4,
84,
0,
NULL,
NULL,
NULL
);

INSERT INTO phone (CM_Id,CM_PhoneMatching,CM_ExtendedPhoneMatching) VALUES (
712,
1225826,
88340810
);

INSERT INTO contacts (CM_Id,CM_Type,CM_PrefTemplateRefId,CM_UIDString,CM_Last_modified,CM_ContactCreationDate,CM_Attributes,CM_ReplicationCount,CM_Header,CM_TextBlob,CM_SearchableText) VALUES (
713,
268440329,
0,
'00e0db4979135996',
#07/06/2006#,
#07/06/2006#,
4,
0,
'0400000006140044000000000000000000200040002e4000102e4000101400c40000000000000000001000c0002e4000102e400010140280010000000000000000',

'00000000',

'        3 5 5 8 2 7 5 8 2 0 8 2 2 6 4   '
);

INSERT INTO identitytable (Parent_CMID,CM_FirstName,CM_LastName,CM_CompanyName,CM_Type,CM_Attributes,CM_HintField,CM_ExtHintField,CM_FirstNmPrn,CM_LastNmPrn,CM_CompanyNmPrn) VALUES (
713,
'Ele',
'MarttUs',
NULL,
268440329,
4,
84,
0,
NULL,
NULL,
NULL
);

INSERT INTO phone (CM_Id,CM_PhoneMatching,CM_ExtendedPhoneMatching) VALUES (
713,
4622802,
85728553
);

INSERT INTO contacts (CM_Id,CM_Type,CM_PrefTemplateRefId,CM_UIDString,CM_Last_modified,CM_ContactCreationDate,CM_Attributes,CM_ReplicationCount,CM_Header,CM_TextBlob,CM_SearchableText) VALUES (
714,
268440329,
0,
'00e0db49791380a6',
#07/06/2006#,
#07/06/2006#,
4,
0,
'0400000006140044000000000000000000200040002e4000102e4000101400c40000000000000000001000c0002e4000102e400010140280010000000000000000',

'00000000',

'        3 0 8 2 2 6 6 3 5 3 8 4 7 3 1   '
);

INSERT INTO identitytable (Parent_CMID,CM_FirstName,CM_LastName,CM_CompanyName,CM_Type,CM_Attributes,CM_HintField,CM_ExtHintField,CM_FirstNmPrn,CM_LastNmPrn,CM_CompanyNmPrn) VALUES (
714,
'Dakathaw',
'Sare',
NULL,
268440329,
4,
84,
0,
NULL,
NULL,
NULL
);

INSERT INTO phone (CM_Id,CM_PhoneMatching,CM_ExtendedPhoneMatching) VALUES (
714,
1374835,
36622803
);

INSERT INTO contacts (CM_Id,CM_Type,CM_PrefTemplateRefId,CM_UIDString,CM_Last_modified,CM_ContactCreationDate,CM_Attributes,CM_ReplicationCount,CM_Header,CM_TextBlob,CM_SearchableText) VALUES (
715,
268440329,
0,
'00e0db497913942e',
#07/06/2006#,
#07/06/2006#,
4,
0,
'0400000006140044000000000000000000200040002e4000102e4000101400c40000000000000000001000c0002e4000102e400010140280010000000000000000',

'00000000',

'        3 7 8 3 7 0 7 3 5 2 3 2 6 3 6   '
);

INSERT INTO identitytable (Parent_CMID,CM_FirstName,CM_LastName,CM_CompanyName,CM_Type,CM_Attributes,CM_HintField,CM_ExtHintField,CM_FirstNmPrn,CM_LastNmPrn,CM_CompanyNmPrn) VALUES (
715,
'Ch',
'Brinravill',
NULL,
268440329,
4,
84,
0,
NULL,
NULL,
NULL
);

INSERT INTO phone (CM_Id,CM_PhoneMatching,CM_ExtendedPhoneMatching) VALUES (
715,
6362325,
37073873
);

INSERT INTO contacts (CM_Id,CM_Type,CM_PrefTemplateRefId,CM_UIDString,CM_Last_modified,CM_ContactCreationDate,CM_Attributes,CM_ReplicationCount,CM_Header,CM_TextBlob,CM_SearchableText) VALUES (
716,
268440329,
0,
'00e0db497913bb3e',
#07/06/2006#,
#07/06/2006#,
4,
0,
'0400000006140044000000000000000000200040002e4000102e4000101400c40000000000000000001000c0002e4000102e400010140280010000000000000000',

'00000000',

'        2 3 4 5 8 1 1 8 1 5 4 2 4 3 0   '
);

INSERT INTO identitytable (Parent_CMID,CM_FirstName,CM_LastName,CM_CompanyName,CM_Type,CM_Attributes,CM_HintField,CM_ExtHintField,CM_FirstNmPrn,CM_LastNmPrn,CM_CompanyNmPrn) VALUES (
716,
'Co',
'Hachl',
NULL,
268440329,
4,
84,
0,
NULL,
NULL,
NULL
);

INSERT INTO phone (CM_Id,CM_PhoneMatching,CM_ExtendedPhoneMatching) VALUES (
716,
342451,
81185432
);

INSERT INTO contacts (CM_Id,CM_Type,CM_PrefTemplateRefId,CM_UIDString,CM_Last_modified,CM_ContactCreationDate,CM_Attributes,CM_ReplicationCount,CM_Header,CM_TextBlob,CM_SearchableText) VALUES (
717,
268440329,
0,
'00e0db497913e24e',
#07/06/2006#,
#07/06/2006#,
4,
0,
'0400000006140044000000000000000000200040002e4000102e4000101400c40000000000000000001000c0002e4000102e400010140280010000000000000000',

'00000000',

'        2 0 5 4 7 7 5 4 8 1 1 6 6 5 6   '
);

INSERT INTO identitytable (Parent_CMID,CM_FirstName,CM_LastName,CM_CompanyName,CM_Type,CM_Attributes,CM_HintField,CM_ExtHintField,CM_FirstNmPrn,CM_LastNmPrn,CM_CompanyNmPrn) VALUES (
717,
'Walie',
'Jod',
NULL,
268440329,
4,
84,
0,
NULL,
NULL,
NULL
);

INSERT INTO phone (CM_Id,CM_PhoneMatching,CM_ExtendedPhoneMatching) VALUES (
717,
6566118,
45774502
);

INSERT INTO contacts (CM_Id,CM_Type,CM_PrefTemplateRefId,CM_UIDString,CM_Last_modified,CM_ContactCreationDate,CM_Attributes,CM_ReplicationCount,CM_Header,CM_TextBlob,CM_SearchableText) VALUES (
718,
268440329,
0,
'00e0db497913f5d6',
#07/06/2006#,
#07/06/2006#,
4,
0,
'0400000006140044000000000000000000200040002e4000102e4000101400c40000000000000000001000c0002e4000102e400010140280010000000000000000',

'00000000',

'        2 7 3 4 1 5 5 7 0 7 4 4 4 1 6   '
);

INSERT INTO identitytable (Parent_CMID,CM_FirstName,CM_LastName,CM_CompanyName,CM_Type,CM_Attributes,CM_HintField,CM_ExtHintField,CM_FirstNmPrn,CM_LastNmPrn,CM_CompanyNmPrn) VALUES (
718,
'Luli',
'Sheys',
NULL,
268440329,
4,
84,
0,
NULL,
NULL,
NULL
);

INSERT INTO phone (CM_Id,CM_PhoneMatching,CM_ExtendedPhoneMatching) VALUES (
718,
6144470,
75514372
);

INSERT INTO contacts (CM_Id,CM_Type,CM_PrefTemplateRefId,CM_UIDString,CM_Last_modified,CM_ContactCreationDate,CM_Attributes,CM_ReplicationCount,CM_Header,CM_TextBlob,CM_SearchableText) VALUES (
719,
268440329,
0,
'00e0db4979141ce6',
#07/06/2006#,
#07/06/2006#,
4,
0,
'0400000006140044000000000000000000200040002e4000102e4000101400c40000000000000000001000c0002e4000102e400010140280010000000000000000',

'00000000',

'        0 6 7 3 0 7 2 6 2 3 7 5 8 1 7   '
);

INSERT INTO identitytable (Parent_CMID,CM_FirstName,CM_LastName,CM_CompanyName,CM_Type,CM_Attributes,CM_HintField,CM_ExtHintField,CM_FirstNmPrn,CM_LastNmPrn,CM_CompanyNmPrn) VALUES (
719,
'Ome',
'Fad',
NULL,
268440329,
4,
84,
0,
NULL,
NULL,
NULL
);

INSERT INTO phone (CM_Id,CM_PhoneMatching,CM_ExtendedPhoneMatching) VALUES (
719,
7185732,
62703760
);

INSERT INTO contacts (CM_Id,CM_Type,CM_PrefTemplateRefId,CM_UIDString,CM_Last_modified,CM_ContactCreationDate,CM_Attributes,CM_ReplicationCount,CM_Header,CM_TextBlob,CM_SearchableText) VALUES (
720,
268440329,
0,
'00e0db49791443f6',
#07/06/2006#,
#07/06/2006#,
4,
0,
'0400000006140044000000000000000000200040002e4000102e4000101400c40000000000000000001000c0002e4000102e400010140280010000000000000000',

'00000000',

'        2 8 5 4 0 2 2 1 1 1 0 4 2 6 0   '
);

INSERT INTO identitytable (Parent_CMID,CM_FirstName,CM_LastName,CM_CompanyName,CM_Type,CM_Attributes,CM_HintField,CM_ExtHintField,CM_FirstNmPrn,CM_LastNmPrn,CM_CompanyNmPrn) VALUES (
720,
'In',
'Fala',
NULL,
268440329,
4,
84,
0,
NULL,
NULL,
NULL
);

INSERT INTO phone (CM_Id,CM_PhoneMatching,CM_ExtendedPhoneMatching) VALUES (
720,
624011,
12204582
);

INSERT INTO contacts (CM_Id,CM_Type,CM_PrefTemplateRefId,CM_UIDString,CM_Last_modified,CM_ContactCreationDate,CM_Attributes,CM_ReplicationCount,CM_Header,CM_TextBlob,CM_SearchableText) VALUES (
721,
268440329,
0,
'00e0db4979146b06',
#07/06/2006#,
#07/06/2006#,
4,
0,
'0400000006140044000000000000000000200040002e4000102e4000101400c40000000000000000001000c0002e4000102e400010140280010000000000000000',

'00000000',

'        2 4 0 4 0 1 8 7 8 4 5 8 1 0 5   '
);

INSERT INTO identitytable (Parent_CMID,CM_FirstName,CM_LastName,CM_CompanyName,CM_Type,CM_Attributes,CM_HintField,CM_ExtHintField,CM_FirstNmPrn,CM_LastNmPrn,CM_CompanyNmPrn) VALUES (
721,
'Nevieohageridik',
'Baronirgeriallyemo',
NULL,
268440329,
4,
84,
0,
NULL,
NULL,
NULL
);

INSERT INTO phone (CM_Id,CM_PhoneMatching,CM_ExtendedPhoneMatching) VALUES (
721,
5018548,
78104042
);

INSERT INTO contacts (CM_Id,CM_Type,CM_PrefTemplateRefId,CM_UIDString,CM_Last_modified,CM_ContactCreationDate,CM_Attributes,CM_ReplicationCount,CM_Header,CM_TextBlob,CM_SearchableText) VALUES (
722,
268440329,
0,
'00e0db497914ccae',
#07/06/2006#,
#07/06/2006#,
4,
0,
'0400000006140044000000000000000000200040002e4000102e4000101400c40000000000000000001000c0002e4000102e400010140280010000000000000000',

'00000000',

'        6 1 4 5 2 3 2 5 5 0 6 6 4 7 5   '
);

INSERT INTO identitytable (Parent_CMID,CM_FirstName,CM_LastName,CM_CompanyName,CM_Type,CM_Attributes,CM_HintField,CM_ExtHintField,CM_FirstNmPrn,CM_LastNmPrn,CM_CompanyNmPrn) VALUES (
722,
'Ker',
'Sudbeenderst',
NULL,
268440329,
4,
84,
0,
NULL,
NULL,
NULL
);

INSERT INTO phone (CM_Id,CM_PhoneMatching,CM_ExtendedPhoneMatching) VALUES (
722,
5746605,
52325416
);

INSERT INTO contacts (CM_Id,CM_Type,CM_PrefTemplateRefId,CM_UIDString,CM_Last_modified,CM_ContactCreationDate,CM_Attributes,CM_ReplicationCount,CM_Header,CM_TextBlob,CM_SearchableText) VALUES (
723,
268440329,
0,
'00e0db497914f3be',
#07/06/2006#,
#07/06/2006#,
4,
0,
'0400000006140044000000000000000000200040002e4000102e4000101400c40000000000000000001000c0002e4000102e400010140280010000000000000000',

'00000000',

'        5 1 4 7 0 5 1 1 6 6 1 5 6 7 0   '
);

INSERT INTO identitytable (Parent_CMID,CM_FirstName,CM_LastName,CM_CompanyName,CM_Type,CM_Attributes,CM_HintField,CM_ExtHintField,CM_FirstNmPrn,CM_LastNmPrn,CM_CompanyNmPrn) VALUES (
723,
'Danda',
'Gaz',
NULL,
268440329,
4,
84,
0,
NULL,
NULL,
NULL
);

INSERT INTO phone (CM_Id,CM_PhoneMatching,CM_ExtendedPhoneMatching) VALUES (
723,
765166,
11507415
);

INSERT INTO contacts (CM_Id,CM_Type,CM_PrefTemplateRefId,CM_UIDString,CM_Last_modified,CM_ContactCreationDate,CM_Attributes,CM_ReplicationCount,CM_Header,CM_TextBlob,CM_SearchableText) VALUES (
724,
268440329,
0,
'00e0db497915185d',
#07/06/2006#,
#07/06/2006#,
4,
0,
'0400000006140044000000000000000000200040002e4000102e4000101400c40000000000000000001000c0002e4000102e400010140280010000000000000000',

'00000000',

'        4 7 6 0 1 0 2 3 0 1 8 1 8 1 8   '
);

INSERT INTO identitytable (Parent_CMID,CM_FirstName,CM_LastName,CM_CompanyName,CM_Type,CM_Attributes,CM_HintField,CM_ExtHintField,CM_FirstNmPrn,CM_LastNmPrn,CM_CompanyNmPrn) VALUES (
724,
'Drichnoneoliewon',
'Bend',
NULL,
268440329,
4,
84,
0,
NULL,
NULL,
NULL
);

INSERT INTO phone (CM_Id,CM_PhoneMatching,CM_ExtendedPhoneMatching) VALUES (
724,
8181810,
32010674
);

INSERT INTO contacts (CM_Id,CM_Type,CM_PrefTemplateRefId,CM_UIDString,CM_Last_modified,CM_ContactCreationDate,CM_Attributes,CM_ReplicationCount,CM_Header,CM_TextBlob,CM_SearchableText) VALUES (
725,
268440329,
0,
'00e0db4979153f6d',
#07/06/2006#,
#07/06/2006#,
4,
0,
'0400000006140044000000000000000000200040002e4000102e4000101400c40000000000000000001000c0002e4000102e400010140280010000000000000000',

'00000000',

'        2 0 0 0 0 3 0 6 2 5 0 4 4 0 0   '
);

INSERT INTO identitytable (Parent_CMID,CM_FirstName,CM_LastName,CM_CompanyName,CM_Type,CM_Attributes,CM_HintField,CM_ExtHintField,CM_FirstNmPrn,CM_LastNmPrn,CM_CompanyNmPrn) VALUES (
725,
'Neten',
'Tudd',
NULL,
268440329,
4,
84,
0,
NULL,
NULL,
NULL
);

INSERT INTO phone (CM_Id,CM_PhoneMatching,CM_ExtendedPhoneMatching) VALUES (
725,
44052,
60300002
);

INSERT INTO contacts (CM_Id,CM_Type,CM_PrefTemplateRefId,CM_UIDString,CM_Last_modified,CM_ContactCreationDate,CM_Attributes,CM_ReplicationCount,CM_Header,CM_TextBlob,CM_SearchableText) VALUES (
726,
268440329,
0,
'00e0db497915667d',
#07/06/2006#,
#07/06/2006#,
4,
0,
'0400000006140044000000000000000000200040002e4000102e4000101400c40000000000000000001000c0002e4000102e400010140280010000000000000000',

'00000000',

'        1 7 2 0 3 4 0 2 3 4 1 3 6 0 7   '
);

INSERT INTO identitytable (Parent_CMID,CM_FirstName,CM_LastName,CM_CompanyName,CM_Type,CM_Attributes,CM_HintField,CM_ExtHintField,CM_FirstNmPrn,CM_LastNmPrn,CM_CompanyNmPrn) VALUES (
726,
'Shrg',
'Tanndisoranss',
NULL,
268440329,
4,
84,
0,
NULL,
NULL,
NULL
);

INSERT INTO phone (CM_Id,CM_PhoneMatching,CM_ExtendedPhoneMatching) VALUES (
726,
7063143,
20430271
);

INSERT INTO contacts (CM_Id,CM_Type,CM_PrefTemplateRefId,CM_UIDString,CM_Last_modified,CM_ContactCreationDate,CM_Attributes,CM_ReplicationCount,CM_Header,CM_TextBlob,CM_SearchableText) VALUES (
727,
268440329,
0,
'00e0db4979158d8d',
#07/06/2006#,
#07/06/2006#,
4,
0,
'0400000006140044000000000000000000200040002e4000102e4000101400c40000000000000000001000c0002e4000102e400010140280010000000000000000',

'00000000',

'        1 2 7 8 5 3 0 8 3 7 8 2 0 0 5   '
);

INSERT INTO identitytable (Parent_CMID,CM_FirstName,CM_LastName,CM_CompanyName,CM_Type,CM_Attributes,CM_HintField,CM_ExtHintField,CM_FirstNmPrn,CM_LastNmPrn,CM_CompanyNmPrn) VALUES (
727,
'Vle',
'Vari',
NULL,
268440329,
4,
84,
0,
NULL,
NULL,
NULL
);

INSERT INTO phone (CM_Id,CM_PhoneMatching,CM_ExtendedPhoneMatching) VALUES (
727,
5002873,
80358721
);

INSERT INTO contacts (CM_Id,CM_Type,CM_PrefTemplateRefId,CM_UIDString,CM_Last_modified,CM_ContactCreationDate,CM_Attributes,CM_ReplicationCount,CM_Header,CM_TextBlob,CM_SearchableText) VALUES (
728,
268440329,
0,
'00e0db497915b49d',
#07/06/2006#,
#07/06/2006#,
4,
0,
'0400000006140044000000000000000000200040002e4000102e4000101400c40000000000000000001000c0002e4000102e400010140280010000000000000000',

'00000000',

'        7 5 7 5 0 0 7 5 3 3 0 0 0 3 7   '
);

INSERT INTO identitytable (Parent_CMID,CM_FirstName,CM_LastName,CM_CompanyName,CM_Type,CM_Attributes,CM_HintField,CM_ExtHintField,CM_FirstNmPrn,CM_LastNmPrn,CM_CompanyNmPrn) VALUES (
728,
'Sheli',
'WincLorg',
NULL,
268440329,
4,
84,
0,
NULL,
NULL,
NULL
);

INSERT INTO phone (CM_Id,CM_PhoneMatching,CM_ExtendedPhoneMatching) VALUES (
728,
7300033,
57005757
);

INSERT INTO contacts (CM_Id,CM_Type,CM_PrefTemplateRefId,CM_UIDString,CM_Last_modified,CM_ContactCreationDate,CM_Attributes,CM_ReplicationCount,CM_Header,CM_TextBlob,CM_SearchableText) VALUES (
729,
268440329,
0,
'00e0db497915c825',
#07/06/2006#,
#07/06/2006#,
4,
0,
'0400000006140044000000000000000000200040002e4000102e4000101400c40000000000000000001000c0002e4000102e400010140280010000000000000000',

'00000000',

'        1 1 5 5 5 8 3 6 0 3 7 4 6 4 3   '
);

INSERT INTO identitytable (Parent_CMID,CM_FirstName,CM_LastName,CM_CompanyName,CM_Type,CM_Attributes,CM_HintField,CM_ExtHintField,CM_FirstNmPrn,CM_LastNmPrn,CM_CompanyNmPrn) VALUES (
729,
'Pe',
'Donack',
NULL,
268440329,
4,
84,
0,
NULL,
NULL,
NULL
);

INSERT INTO phone (CM_Id,CM_PhoneMatching,CM_ExtendedPhoneMatching) VALUES (
729,
3464730,
63855511
);

INSERT INTO contacts (CM_Id,CM_Type,CM_PrefTemplateRefId,CM_UIDString,CM_Last_modified,CM_ContactCreationDate,CM_Attributes,CM_ReplicationCount,CM_Header,CM_TextBlob,CM_SearchableText) VALUES (
730,
268440329,
0,
'00e0db49791602bd',
#07/06/2006#,
#07/06/2006#,
4,
0,
'0400000006140044000000000000000000200040002e4000102e4000101400c40000000000000000001000c0002e4000102e400010140280010000000000000000',

'00000000',

'        4 2 2 6 5 4 3 8 4 3 4 5 4 1 1   '
);

INSERT INTO identitytable (Parent_CMID,CM_FirstName,CM_LastName,CM_CompanyName,CM_Type,CM_Attributes,CM_HintField,CM_ExtHintField,CM_FirstNmPrn,CM_LastNmPrn,CM_CompanyNmPrn) VALUES (
730,
'Lid',
'Kalvis',
NULL,
268440329,
4,
84,
0,
NULL,
NULL,
NULL
);

INSERT INTO phone (CM_Id,CM_PhoneMatching,CM_ExtendedPhoneMatching) VALUES (
730,
1145434,
83456224
);

INSERT INTO contacts (CM_Id,CM_Type,CM_PrefTemplateRefId,CM_UIDString,CM_Last_modified,CM_ContactCreationDate,CM_Attributes,CM_ReplicationCount,CM_Header,CM_TextBlob,CM_SearchableText) VALUES (
731,
268440329,
0,
'00e0db49791629cd',
#07/06/2006#,
#07/06/2006#,
4,
0,
'0400000006140044000000000000000000200040002e4000102e4000101400c40000000000000000001000c0002e4000102e400010140280010000000000000000',

'00000000',

'        3 3 4 1 2 3 8 6 8 4 0 4 4 6 0   '
);

INSERT INTO identitytable (Parent_CMID,CM_FirstName,CM_LastName,CM_CompanyName,CM_Type,CM_Attributes,CM_HintField,CM_ExtHintField,CM_FirstNmPrn,CM_LastNmPrn,CM_CompanyNmPrn) VALUES (
731,
'Lenn',
'Korl',
NULL,
268440329,
4,
84,
0,
NULL,
NULL,
NULL
);

INSERT INTO phone (CM_Id,CM_PhoneMatching,CM_ExtendedPhoneMatching) VALUES (
731,
644048,
68321433
);

INSERT INTO contacts (CM_Id,CM_Type,CM_PrefTemplateRefId,CM_UIDString,CM_Last_modified,CM_ContactCreationDate,CM_Attributes,CM_ReplicationCount,CM_Header,CM_TextBlob,CM_SearchableText) VALUES (
732,
268440329,
0,
'00e0db4979163d55',
#07/06/2006#,
#07/06/2006#,
4,
0,
'0400000006140044000000000000000000200040002e4000102e4000101400c40000000000000000001000c0002e4000102e400010140280010000000000000000',

'00000000',

'        5 5 7 3 1 3 5 8 1 7 2 1 2 1 3   '
);

INSERT INTO identitytable (Parent_CMID,CM_FirstName,CM_LastName,CM_CompanyName,CM_Type,CM_Attributes,CM_HintField,CM_ExtHintField,CM_FirstNmPrn,CM_LastNmPrn,CM_CompanyNmPrn) VALUES (
732,
'Rarkopan',
'Mar',
NULL,
268440329,
4,
84,
0,
NULL,
NULL,
NULL
);

INSERT INTO phone (CM_Id,CM_PhoneMatching,CM_ExtendedPhoneMatching) VALUES (
732,
3121271,
85313755
);

INSERT INTO contacts (CM_Id,CM_Type,CM_PrefTemplateRefId,CM_UIDString,CM_Last_modified,CM_ContactCreationDate,CM_Attributes,CM_ReplicationCount,CM_Header,CM_TextBlob,CM_SearchableText) VALUES (
733,
268440329,
0,
'00e0db4979166465',
#07/06/2006#,
#07/06/2006#,
4,
0,
'0400000006140044000000000000000000200040002e4000102e4000101400c40000000000000000001000c0002e4000102e400010140280010000000000000000',

'00000000',

'        5 3 8 1 3 1 3 6 5 2 1 4 7 4 1   '
);

INSERT INTO identitytable (Parent_CMID,CM_FirstName,CM_LastName,CM_CompanyName,CM_Type,CM_Attributes,CM_HintField,CM_ExtHintField,CM_FirstNmPrn,CM_LastNmPrn,CM_CompanyNmPrn) VALUES (
733,
'Biarrelech',
'Did',
NULL,
268440329,
4,
84,
0,
NULL,
NULL,
NULL
);

INSERT INTO phone (CM_Id,CM_PhoneMatching,CM_ExtendedPhoneMatching) VALUES (
733,
1474125,
63131835
);

INSERT INTO contacts (CM_Id,CM_Type,CM_PrefTemplateRefId,CM_UIDString,CM_Last_modified,CM_ContactCreationDate,CM_Attributes,CM_ReplicationCount,CM_Header,CM_TextBlob,CM_SearchableText) VALUES (
734,
268440329,
0,
'00e0db4979168b75',
#07/06/2006#,
#07/06/2006#,
4,
0,
'0400000006140044000000000000000000200040002e4000102e4000101400c40000000000000000001000c0002e4000102e400010140280010000000000000000',

'00000000',

'        5 1 5 0 1 4 7 3 3 8 2 2 4 4 4   '
);

INSERT INTO identitytable (Parent_CMID,CM_FirstName,CM_LastName,CM_CompanyName,CM_Type,CM_Attributes,CM_HintField,CM_ExtHintField,CM_FirstNmPrn,CM_LastNmPrn,CM_CompanyNmPrn) VALUES (
734,
'Gil',
'Aut',
NULL,
268440329,
4,
84,
0,
NULL,
NULL,
NULL
);

INSERT INTO phone (CM_Id,CM_PhoneMatching,CM_ExtendedPhoneMatching) VALUES (
734,
4442283,
37410515
);

INSERT INTO contacts (CM_Id,CM_Type,CM_PrefTemplateRefId,CM_UIDString,CM_Last_modified,CM_ContactCreationDate,CM_Attributes,CM_ReplicationCount,CM_Header,CM_TextBlob,CM_SearchableText) VALUES (
735,
268440329,
0,
'00e0db4979169efd',
#07/06/2006#,
#07/06/2006#,
4,
0,
'0400000006140044000000000000000000200040002e4000102e4000101400c40000000000000000001000c0002e4000102e400010140280010000000000000000',

'00000000',

'        7 3 7 0 5 2 4 2 1 1 0 0 1 0 5   '
);

INSERT INTO identitytable (Parent_CMID,CM_FirstName,CM_LastName,CM_CompanyName,CM_Type,CM_Attributes,CM_HintField,CM_ExtHintField,CM_FirstNmPrn,CM_LastNmPrn,CM_CompanyNmPrn) VALUES (
735,
'Iar',
'Latonhmieris',
NULL,
268440329,
4,
84,
0,
NULL,
NULL,
NULL
);

INSERT INTO phone (CM_Id,CM_PhoneMatching,CM_ExtendedPhoneMatching) VALUES (
735,
5010011,
24250737
);

INSERT INTO contacts (CM_Id,CM_Type,CM_PrefTemplateRefId,CM_UIDString,CM_Last_modified,CM_ContactCreationDate,CM_Attributes,CM_ReplicationCount,CM_Header,CM_TextBlob,CM_SearchableText) VALUES (
736,
268440329,
0,
'00e0db497916c60d',
#07/06/2006#,
#07/06/2006#,
4,
0,
'0400000006140044000000000000000000200040002e4000102e4000101400c40000000000000000001000c0002e4000102e400010140280010000000000000000',

'00000000',

'        3 3 6 3 5 6 0 3 5 7 5 0 0 1 4   '
);

INSERT INTO identitytable (Parent_CMID,CM_FirstName,CM_LastName,CM_CompanyName,CM_Type,CM_Attributes,CM_HintField,CM_ExtHintField,CM_FirstNmPrn,CM_LastNmPrn,CM_CompanyNmPrn) VALUES (
736,
'Shndrl',
'Mckma',
NULL,
268440329,
4,
84,
0,
NULL,
NULL,
NULL
);

INSERT INTO phone (CM_Id,CM_PhoneMatching,CM_ExtendedPhoneMatching) VALUES (
736,
4100575,
30653633
);

INSERT INTO contacts (CM_Id,CM_Type,CM_PrefTemplateRefId,CM_UIDString,CM_Last_modified,CM_ContactCreationDate,CM_Attributes,CM_ReplicationCount,CM_Header,CM_TextBlob,CM_SearchableText) VALUES (
737,
268440329,
0,
'00e0db49791727b5',
#07/06/2006#,
#07/06/2006#,
4,
0,
'0400000006140044000000000000000000200040002e4000102e4000101400c40000000000000000001000c0002e4000102e400010140280010000000000000000',

'00000000',

'        4 3 4 8 3 7 3 7 7 0 3 2 3 1 4   '
);

INSERT INTO identitytable (Parent_CMID,CM_FirstName,CM_LastName,CM_CompanyName,CM_Type,CM_Attributes,CM_HintField,CM_ExtHintField,CM_FirstNmPrn,CM_LastNmPrn,CM_CompanyNmPrn) VALUES (
737,
'Al',
'Spahay',
NULL,
268440329,
4,
84,
0,
NULL,
NULL,
NULL
);

INSERT INTO phone (CM_Id,CM_PhoneMatching,CM_ExtendedPhoneMatching) VALUES (
737,
4132307,
73738434
);

INSERT INTO contacts (CM_Id,CM_Type,CM_PrefTemplateRefId,CM_UIDString,CM_Last_modified,CM_ContactCreationDate,CM_Attributes,CM_ReplicationCount,CM_Header,CM_TextBlob,CM_SearchableText) VALUES (
738,
268440329,
0,
'00e0db4979174ec5',
#07/06/2006#,
#07/06/2006#,
4,
0,
'0400000006140044000000000000000000200040002e4000102e4000101400c40000000000000000001000c0002e4000102e400010140280010000000000000000',

'00000000',

'        8 5 3 2 1 3 1 0 3 6 4 4 3 3 3   '
);

INSERT INTO identitytable (Parent_CMID,CM_FirstName,CM_LastName,CM_CompanyName,CM_Type,CM_Attributes,CM_HintField,CM_ExtHintField,CM_FirstNmPrn,CM_LastNmPrn,CM_CompanyNmPrn) VALUES (
738,
'Dahejica',
'Hondgalig',
NULL,
268440329,
4,
84,
0,
NULL,
NULL,
NULL
);

INSERT INTO phone (CM_Id,CM_PhoneMatching,CM_ExtendedPhoneMatching) VALUES (
738,
3334463,
1312358
);

INSERT INTO contacts (CM_Id,CM_Type,CM_PrefTemplateRefId,CM_UIDString,CM_Last_modified,CM_ContactCreationDate,CM_Attributes,CM_ReplicationCount,CM_Header,CM_TextBlob,CM_SearchableText) VALUES (
739,
268440329,
0,
'00e0db49791775d5',
#07/06/2006#,
#07/06/2006#,
4,
0,
'0400000006140044000000000000000000200040002e4000102e4000101400c40000000000000000001000c0002e4000102e400010140280010000000000000000',

'00000000',

'        8 8 6 3 0 0 7 3 5 1 6 8 2 4 1   '
);

INSERT INTO identitytable (Parent_CMID,CM_FirstName,CM_LastName,CM_CompanyName,CM_Type,CM_Attributes,CM_HintField,CM_ExtHintField,CM_FirstNmPrn,CM_LastNmPrn,CM_CompanyNmPrn) VALUES (
739,
'Liarul',
'Besoaieike',
NULL,
268440329,
4,
84,
0,
NULL,
NULL,
NULL
);

INSERT INTO phone (CM_Id,CM_PhoneMatching,CM_ExtendedPhoneMatching) VALUES (
739,
1428615,
37003688
);

INSERT INTO contacts (CM_Id,CM_Type,CM_PrefTemplateRefId,CM_UIDString,CM_Last_modified,CM_ContactCreationDate,CM_Attributes,CM_ReplicationCount,CM_Header,CM_TextBlob,CM_SearchableText) VALUES (
740,
268440329,
0,
'00e0db497917895d',
#07/06/2006#,
#07/06/2006#,
4,
0,
'0400000006140044000000000000000000200040002e4000102e4000101400c40000000000000000001000c0002e4000102e400010140280010000000000000000',

'00000000',

'        8 4 0 1 1 0 3 4 2 7 8 4 2 4 4   '
);

INSERT INTO identitytable (Parent_CMID,CM_FirstName,CM_LastName,CM_CompanyName,CM_Type,CM_Attributes,CM_HintField,CM_ExtHintField,CM_FirstNmPrn,CM_LastNmPrn,CM_CompanyNmPrn) VALUES (
740,
'Umominohan',
'Whenes',
NULL,
268440329,
4,
84,
0,
NULL,
NULL,
NULL
);

INSERT INTO phone (CM_Id,CM_PhoneMatching,CM_ExtendedPhoneMatching) VALUES (
740,
4424872,
43011048
);

INSERT INTO contacts (CM_Id,CM_Type,CM_PrefTemplateRefId,CM_UIDString,CM_Last_modified,CM_ContactCreationDate,CM_Attributes,CM_ReplicationCount,CM_Header,CM_TextBlob,CM_SearchableText) VALUES (
741,
268440329,
0,
'00e0db497917b06d',
#07/06/2006#,
#07/06/2006#,
4,
0,
'0400000006140044000000000000000000200040002e4000102e4000101400c40000000000000000001000c0002e4000102e400010140280010000000000000000',

'00000000',

'        0 5 4 7 5 2 4 1 7 0 4 2 1 4 1   '
);

INSERT INTO identitytable (Parent_CMID,CM_FirstName,CM_LastName,CM_CompanyName,CM_Type,CM_Attributes,CM_HintField,CM_ExtHintField,CM_FirstNmPrn,CM_LastNmPrn,CM_CompanyNmPrn) VALUES (
741,
'Andrk',
'Banipuson Vinsse',
NULL,
268440329,
4,
84,
0,
NULL,
NULL,
NULL
);

INSERT INTO phone (CM_Id,CM_PhoneMatching,CM_ExtendedPhoneMatching) VALUES (
741,
1412407,
14257450
);

INSERT INTO contacts (CM_Id,CM_Type,CM_PrefTemplateRefId,CM_UIDString,CM_Last_modified,CM_ContactCreationDate,CM_Attributes,CM_ReplicationCount,CM_Header,CM_TextBlob,CM_SearchableText) VALUES (
742,
268440329,
0,
'00e0db497917d77d',
#07/06/2006#,
#07/06/2006#,
4,
0,
'0400000006140044000000000000000000200040002e4000102e4000101400c40000000000000000001000c0002e4000102e400010140280010000000000000000',

'00000000',

'        4 6 8 4 3 5 3 3 7 6 1 4 0 3 2   '
);

INSERT INTO identitytable (Parent_CMID,CM_FirstName,CM_LastName,CM_CompanyName,CM_Type,CM_Attributes,CM_HintField,CM_ExtHintField,CM_FirstNmPrn,CM_LastNmPrn,CM_CompanyNmPrn) VALUES (
742,
'Tien',
'Torawonde',
NULL,
268440329,
4,
84,
0,
NULL,
NULL,
NULL
);

INSERT INTO phone (CM_Id,CM_PhoneMatching,CM_ExtendedPhoneMatching) VALUES (
742,
2304167,
33534864
);

INSERT INTO contacts (CM_Id,CM_Type,CM_PrefTemplateRefId,CM_UIDString,CM_Last_modified,CM_ContactCreationDate,CM_Attributes,CM_ReplicationCount,CM_Header,CM_TextBlob,CM_SearchableText) VALUES (
743,
268440329,
0,
'00e0db497917fe8d',
#07/06/2006#,
#07/06/2006#,
4,
0,
'0400000006140044000000000000000000200040002e4000102e4000101400c40000000000000000001000c0002e4000102e400010140280010000000000000000',

'00000000',

'        6 4 4 4 5 7 3 7 8 0 0 5 4 0 8   '
);

INSERT INTO identitytable (Parent_CMID,CM_FirstName,CM_LastName,CM_CompanyName,CM_Type,CM_Attributes,CM_HintField,CM_ExtHintField,CM_FirstNmPrn,CM_LastNmPrn,CM_CompanyNmPrn) VALUES (
743,
'Andy',
'Ol',
NULL,
268440329,
4,
84,
0,
NULL,
NULL,
NULL
);

INSERT INTO phone (CM_Id,CM_PhoneMatching,CM_ExtendedPhoneMatching) VALUES (
743,
8045008,
73754446
);

INSERT INTO contacts (CM_Id,CM_Type,CM_PrefTemplateRefId,CM_UIDString,CM_Last_modified,CM_ContactCreationDate,CM_Attributes,CM_ReplicationCount,CM_Header,CM_TextBlob,CM_SearchableText) VALUES (
744,
268440329,
0,
'00e0db497918259d',
#07/06/2006#,
#07/06/2006#,
4,
0,
'0400000006140044000000000000000000200040002e4000102e4000101400c40000000000000000001000c0002e4000102e400010140280010000000000000000',

'00000000',

'        1 1 6 6 0 3 7 2 4 2 3 2 3 1 4   '
);

INSERT INTO identitytable (Parent_CMID,CM_FirstName,CM_LastName,CM_CompanyName,CM_Type,CM_Attributes,CM_HintField,CM_ExtHintField,CM_FirstNmPrn,CM_LastNmPrn,CM_CompanyNmPrn) VALUES (
744,
'Jopho',
'Val',
NULL,
268440329,
4,
84,
0,
NULL,
NULL,
NULL
);

INSERT INTO phone (CM_Id,CM_PhoneMatching,CM_ExtendedPhoneMatching) VALUES (
744,
4132324,
27306611
);

INSERT INTO contacts (CM_Id,CM_Type,CM_PrefTemplateRefId,CM_UIDString,CM_Last_modified,CM_ContactCreationDate,CM_Attributes,CM_ReplicationCount,CM_Header,CM_TextBlob,CM_SearchableText) VALUES (
745,
268440329,
0,
'00e0db4979183925',
#07/06/2006#,
#07/06/2006#,
4,
0,
'0400000006140044000000000000000000200040002e4000102e4000101400c40000000000000000001000c0002e4000102e400010140280010000000000000000',

'00000000',

'        1 2 5 8 6 7 2 2 5 0 4 2 7 0 0   '
);

INSERT INTO identitytable (Parent_CMID,CM_FirstName,CM_LastName,CM_CompanyName,CM_Type,CM_Attributes,CM_HintField,CM_ExtHintField,CM_FirstNmPrn,CM_LastNmPrn,CM_CompanyNmPrn) VALUES (
745,
'D',
'Ker',
NULL,
268440329,
4,
84,
0,
NULL,
NULL,
NULL
);

INSERT INTO phone (CM_Id,CM_PhoneMatching,CM_ExtendedPhoneMatching) VALUES (
745,
72405,
22768521
);

INSERT INTO contacts (CM_Id,CM_Type,CM_PrefTemplateRefId,CM_UIDString,CM_Last_modified,CM_ContactCreationDate,CM_Attributes,CM_ReplicationCount,CM_Header,CM_TextBlob,CM_SearchableText) VALUES (
746,
268440329,
0,
'00e0db4979186035',
#07/06/2006#,
#07/06/2006#,
4,
0,
'0400000006140044000000000000000000200040002e4000102e4000101400c40000000000000000001000c0002e4000102e400010140280010000000000000000',

'00000000',

'        0 5 2 1 2 5 1 4 5 5 7 3 0 6 0   '
);

INSERT INTO identitytable (Parent_CMID,CM_FirstName,CM_LastName,CM_CompanyName,CM_Type,CM_Attributes,CM_HintField,CM_ExtHintField,CM_FirstNmPrn,CM_LastNmPrn,CM_CompanyNmPrn) VALUES (
746,
'Ne',
'Gaoo',
NULL,
268440329,
4,
84,
0,
NULL,
NULL,
NULL
);

INSERT INTO phone (CM_Id,CM_PhoneMatching,CM_ExtendedPhoneMatching) VALUES (
746,
603755,
41521250
);

INSERT INTO contacts (CM_Id,CM_Type,CM_PrefTemplateRefId,CM_UIDString,CM_Last_modified,CM_ContactCreationDate,CM_Attributes,CM_ReplicationCount,CM_Header,CM_TextBlob,CM_SearchableText) VALUES (
747,
268440329,
0,
'00e0db4979188745',
#07/06/2006#,
#07/06/2006#,
4,
0,
'0400000006140044000000000000000000200040002e4000102e4000101400c40000000000000000001000c0002e4000102e400010140280010000000000000000',

'00000000',

'        5 6 0 6 6 0 2 0 4 5 4 7 4 8 0   '
);

INSERT INTO identitytable (Parent_CMID,CM_FirstName,CM_LastName,CM_CompanyName,CM_Type,CM_Attributes,CM_HintField,CM_ExtHintField,CM_FirstNmPrn,CM_LastNmPrn,CM_CompanyNmPrn) VALUES (
747,
'Jon',
'Ahngesolba',
NULL,
268440329,
4,
84,
0,
NULL,
NULL,
NULL
);

INSERT INTO phone (CM_Id,CM_PhoneMatching,CM_ExtendedPhoneMatching) VALUES (
747,
847454,
2066065
);

INSERT INTO contacts (CM_Id,CM_Type,CM_PrefTemplateRefId,CM_UIDString,CM_Last_modified,CM_ContactCreationDate,CM_Attributes,CM_ReplicationCount,CM_Header,CM_TextBlob,CM_SearchableText) VALUES (
748,
268440329,
0,
'00e0db497918ae55',
#07/06/2006#,
#07/06/2006#,
4,
0,
'0400000006140044000000000000000000200040002e4000102e4000101400c40000000000000000001000c0002e4000102e400010140280010000000000000000',

'00000000',

'        0 4 6 2 7 2 6 2 6 8 8 5 7 4 2   '
);

INSERT INTO identitytable (Parent_CMID,CM_FirstName,CM_LastName,CM_CompanyName,CM_Type,CM_Attributes,CM_HintField,CM_ExtHintField,CM_FirstNmPrn,CM_LastNmPrn,CM_CompanyNmPrn) VALUES (
748,
'An',
'Shiavser',
NULL,
268440329,
4,
84,
0,
NULL,
NULL,
NULL
);

INSERT INTO phone (CM_Id,CM_PhoneMatching,CM_ExtendedPhoneMatching) VALUES (
748,
2475886,
26272640
);

INSERT INTO contacts (CM_Id,CM_Type,CM_PrefTemplateRefId,CM_UIDString,CM_Last_modified,CM_ContactCreationDate,CM_Attributes,CM_ReplicationCount,CM_Header,CM_TextBlob,CM_SearchableText) VALUES (
749,
268440329,
0,
'00e0db497918c1dd',
#07/06/2006#,
#07/06/2006#,
4,
0,
'0400000006140044000000000000000000200040002e4000102e4000101400c40000000000000000001000c0002e4000102e400010140280010000000000000000',

'00000000',

'        1 6 7 8 0 0 8 8 8 0 3 6 3 8 3   '
);

INSERT INTO identitytable (Parent_CMID,CM_FirstName,CM_LastName,CM_CompanyName,CM_Type,CM_Attributes,CM_HintField,CM_ExtHintField,CM_FirstNmPrn,CM_LastNmPrn,CM_CompanyNmPrn) VALUES (
749,
'An',
'Jocloumm',
NULL,
268440329,
4,
84,
0,
NULL,
NULL,
NULL
);

INSERT INTO phone (CM_Id,CM_PhoneMatching,CM_ExtendedPhoneMatching) VALUES (
749,
3836308,
88008761
);

INSERT INTO contacts (CM_Id,CM_Type,CM_PrefTemplateRefId,CM_UIDString,CM_Last_modified,CM_ContactCreationDate,CM_Attributes,CM_ReplicationCount,CM_Header,CM_TextBlob,CM_SearchableText) VALUES (
750,
268440329,
0,
'00e0db497918e8ed',
#07/06/2006#,
#07/06/2006#,
4,
0,
'0400000006140044000000000000000000200040002e4000102e4000101400c40000000000000000001000c0002e4000102e400010140280010000000000000000',

'00000000',

'        3 5 3 2 0 3 8 8 6 0 0 8 0 1 4   '
);

INSERT INTO identitytable (Parent_CMID,CM_FirstName,CM_LastName,CM_CompanyName,CM_Type,CM_Attributes,CM_HintField,CM_ExtHintField,CM_FirstNmPrn,CM_LastNmPrn,CM_CompanyNmPrn) VALUES (
750,
'Pe',
'Helupangindondd',
NULL,
268440329,
4,
84,
0,
NULL,
NULL,
NULL
);

INSERT INTO phone (CM_Id,CM_PhoneMatching,CM_ExtendedPhoneMatching) VALUES (
750,
4108006,
88302353
);

INSERT INTO contacts (CM_Id,CM_Type,CM_PrefTemplateRefId,CM_UIDString,CM_Last_modified,CM_ContactCreationDate,CM_Attributes,CM_ReplicationCount,CM_Header,CM_TextBlob,CM_SearchableText) VALUES (
751,
268440329,
0,
'00e0db4979190ffd',
#07/06/2006#,
#07/06/2006#,
4,
0,
'0400000006140044000000000000000000200040002e4000102e4000101400c40000000000000000001000c0002e4000102e400010140280010000000000000000',

'00000000',

'        4 2 0 5 8 7 7 7 6 3 7 5 3 0 0   '
);

INSERT INTO identitytable (Parent_CMID,CM_FirstName,CM_LastName,CM_CompanyName,CM_Type,CM_Attributes,CM_HintField,CM_ExtHintField,CM_FirstNmPrn,CM_LastNmPrn,CM_CompanyNmPrn) VALUES (
751,
'Ke',
'Grssondgsonwrad',
NULL,
268440329,
4,
84,
0,
NULL,
NULL,
NULL
);

INSERT INTO phone (CM_Id,CM_PhoneMatching,CM_ExtendedPhoneMatching) VALUES (
751,
35736,
77785024
);

INSERT INTO contacts (CM_Id,CM_Type,CM_PrefTemplateRefId,CM_UIDString,CM_Last_modified,CM_ContactCreationDate,CM_Attributes,CM_ReplicationCount,CM_Header,CM_TextBlob,CM_SearchableText) VALUES (
752,
268440329,
0,
'00e0db49791971a5',
#07/06/2006#,
#07/06/2006#,
4,
0,
'0400000006140044000000000000000000200040002e4000102e4000101400c40000000000000000001000c0002e4000102e400010140280010000000000000000',

'00000000',

'        6 3 8 0 4 1 8 4 4 8 0 4 4 2 0   '
);

INSERT INTO identitytable (Parent_CMID,CM_FirstName,CM_LastName,CM_CompanyName,CM_Type,CM_Attributes,CM_HintField,CM_ExtHintField,CM_FirstNmPrn,CM_LastNmPrn,CM_CompanyNmPrn) VALUES (
752,
'Se',
'Gondk',
NULL,
268440329,
4,
84,
0,
NULL,
NULL,
NULL
);

INSERT INTO phone (CM_Id,CM_PhoneMatching,CM_ExtendedPhoneMatching) VALUES (
752,
244084,
48140836
);

INSERT INTO contacts (CM_Id,CM_Type,CM_PrefTemplateRefId,CM_UIDString,CM_Last_modified,CM_ContactCreationDate,CM_Attributes,CM_ReplicationCount,CM_Header,CM_TextBlob,CM_SearchableText) VALUES (
753,
268440329,
0,
'00e0db497919a008',
#07/06/2006#,
#07/06/2006#,
4,
0,
'0400000006140044000000000000000000200040002e4000102e4000101400c40000000000000000001000c0002e4000102e400010140280010000000000000000',

'00000000',

'        1 8 5 0 4 0 8 7 2 6 2 6 6 2 1   '
);

INSERT INTO identitytable (Parent_CMID,CM_FirstName,CM_LastName,CM_CompanyName,CM_Type,CM_Attributes,CM_HintField,CM_ExtHintField,CM_FirstNmPrn,CM_LastNmPrn,CM_CompanyNmPrn) VALUES (
753,
'Sumsal',
'Brs',
NULL,
268440329,
4,
84,
0,
NULL,
NULL,
NULL
);

INSERT INTO phone (CM_Id,CM_PhoneMatching,CM_ExtendedPhoneMatching) VALUES (
753,
1266262,
78040581
);

INSERT INTO contacts (CM_Id,CM_Type,CM_PrefTemplateRefId,CM_UIDString,CM_Last_modified,CM_ContactCreationDate,CM_Attributes,CM_ReplicationCount,CM_Header,CM_TextBlob,CM_SearchableText) VALUES (
754,
268440329,
0,
'00e0db497919b390',
#07/06/2006#,
#07/06/2006#,
4,
0,
'0400000006140044000000000000000000200040002e4000102e4000101400c40000000000000000001000c0002e4000102e400010140280010000000000000000',

'00000000',

'        2 0 6 4 4 5 8 8 0 7 3 2 3 0 5   '
);

INSERT INTO identitytable (Parent_CMID,CM_FirstName,CM_LastName,CM_CompanyName,CM_Type,CM_Attributes,CM_HintField,CM_ExtHintField,CM_FirstNmPrn,CM_LastNmPrn,CM_CompanyNmPrn) VALUES (
754,
'Pewoys',
'Maninondelllm',
NULL,
268440329,
4,
84,
0,
NULL,
NULL,
NULL
);

INSERT INTO phone (CM_Id,CM_PhoneMatching,CM_ExtendedPhoneMatching) VALUES (
754,
5032370,
88544602
);

INSERT INTO contacts (CM_Id,CM_Type,CM_PrefTemplateRefId,CM_UIDString,CM_Last_modified,CM_ContactCreationDate,CM_Attributes,CM_ReplicationCount,CM_Header,CM_TextBlob,CM_SearchableText) VALUES (
755,
268440329,
0,
'00e0db497919daa0',
#07/06/2006#,
#07/06/2006#,
4,
0,
'0400000006140044000000000000000000200040002e4000102e4000101400c40000000000000000001000c0002e4000102e400010140280010000000000000000',

'00000000',

'        4 1 7 1 7 7 3 3 4 6 8 3 8 8 6   '
);

INSERT INTO identitytable (Parent_CMID,CM_FirstName,CM_LastName,CM_CompanyName,CM_Type,CM_Attributes,CM_HintField,CM_ExtHintField,CM_FirstNmPrn,CM_LastNmPrn,CM_CompanyNmPrn) VALUES (
755,
'Pen',
'Gus',
NULL,
268440329,
4,
84,
0,
NULL,
NULL,
NULL
);

INSERT INTO phone (CM_Id,CM_PhoneMatching,CM_ExtendedPhoneMatching) VALUES (
755,
6883864,
33771714
);

INSERT INTO contacts (CM_Id,CM_Type,CM_PrefTemplateRefId,CM_UIDString,CM_Last_modified,CM_ContactCreationDate,CM_Attributes,CM_ReplicationCount,CM_Header,CM_TextBlob,CM_SearchableText) VALUES (
756,
268440329,
0,
'00e0db49791a01b0',
#07/06/2006#,
#07/06/2006#,
4,
0,
'0400000006140044000000000000000000200040002e4000102e4000101400c40000000000000000001000c0002e4000102e400010140280010000000000000000',

'00000000',

'        6 6 4 3 8 1 7 3 1 2 4 6 1 7 1   '
);

INSERT INTO identitytable (Parent_CMID,CM_FirstName,CM_LastName,CM_CompanyName,CM_Type,CM_Attributes,CM_HintField,CM_ExtHintField,CM_FirstNmPrn,CM_LastNmPrn,CM_CompanyNmPrn) VALUES (
756,
'Sucth',
'Bunss',
NULL,
268440329,
4,
84,
0,
NULL,
NULL,
NULL
);

INSERT INTO phone (CM_Id,CM_PhoneMatching,CM_ExtendedPhoneMatching) VALUES (
756,
1716421,
37183466
);

INSERT INTO contacts (CM_Id,CM_Type,CM_PrefTemplateRefId,CM_UIDString,CM_Last_modified,CM_ContactCreationDate,CM_Attributes,CM_ReplicationCount,CM_Header,CM_TextBlob,CM_SearchableText) VALUES (
757,
268440329,
0,
'00e0db49791a3c48',
#07/06/2006#,
#07/06/2006#,
4,
0,
'0400000006140044000000000000000000200040002e4000102e4000101400c40000000000000000001000c0002e4000102e400010140280010000000000000000',

'00000000',

'        3 5 8 5 8 7 5 2 5 5 8 7 2 7 4   '
);

INSERT INTO identitytable (Parent_CMID,CM_FirstName,CM_LastName,CM_CompanyName,CM_Type,CM_Attributes,CM_HintField,CM_ExtHintField,CM_FirstNmPrn,CM_LastNmPrn,CM_CompanyNmPrn) VALUES (
757,
'Biten',
'Lyouronntodeya',
NULL,
268440329,
4,
84,
0,
NULL,
NULL,
NULL
);

INSERT INTO phone (CM_Id,CM_PhoneMatching,CM_ExtendedPhoneMatching) VALUES (
757,
4727855,
25785853
);

INSERT INTO contacts (CM_Id,CM_Type,CM_PrefTemplateRefId,CM_UIDString,CM_Last_modified,CM_ContactCreationDate,CM_Attributes,CM_ReplicationCount,CM_Header,CM_TextBlob,CM_SearchableText) VALUES (
758,
268440329,
0,
'00e0db49791a6358',
#07/06/2006#,
#07/06/2006#,
4,
0,
'0400000006140044000000000000000000200040002e4000102e4000101400c40000000000000000001000c0002e4000102e400010140280010000000000000000',

'00000000',

'        0 2 7 6 8 4 3 3 0 2 6 1 5 1 0   '
);

INSERT INTO identitytable (Parent_CMID,CM_FirstName,CM_LastName,CM_CompanyName,CM_Type,CM_Attributes,CM_HintField,CM_ExtHintField,CM_FirstNmPrn,CM_LastNmPrn,CM_CompanyNmPrn) VALUES (
758,
'Phivexamosherterbanell',
'Wes',
NULL,
268440329,
4,
84,
0,
NULL,
NULL,
NULL
);

INSERT INTO phone (CM_Id,CM_PhoneMatching,CM_ExtendedPhoneMatching) VALUES (
758,
151620,
33486720
);

INSERT INTO contacts (CM_Id,CM_Type,CM_PrefTemplateRefId,CM_UIDString,CM_Last_modified,CM_ContactCreationDate,CM_Attributes,CM_ReplicationCount,CM_Header,CM_TextBlob,CM_SearchableText) VALUES (
759,
268440329,
0,
'00e0db49791a76e0',
#07/06/2006#,
#07/06/2006#,
4,
0,
'0400000006140044000000000000000000200040002e4000102e4000101400c40000000000000000001000c0002e4000102e400010140280010000000000000000',

'00000000',

'        6 0 8 4 3 0 2 3 4 5 8 0 8 4 2   '
);

INSERT INTO identitytable (Parent_CMID,CM_FirstName,CM_LastName,CM_CompanyName,CM_Type,CM_Attributes,CM_HintField,CM_ExtHintField,CM_FirstNmPrn,CM_LastNmPrn,CM_CompanyNmPrn) VALUES (
759,
'Fentettraul',
'Siey',
NULL,
268440329,
4,
84,
0,
NULL,
NULL,
NULL
);

INSERT INTO phone (CM_Id,CM_PhoneMatching,CM_ExtendedPhoneMatching) VALUES (
759,
2480854,
32034806
);

INSERT INTO contacts (CM_Id,CM_Type,CM_PrefTemplateRefId,CM_UIDString,CM_Last_modified,CM_ContactCreationDate,CM_Attributes,CM_ReplicationCount,CM_Header,CM_TextBlob,CM_SearchableText) VALUES (
760,
268440329,
0,
'00e0db49791a9df0',
#07/06/2006#,
#07/06/2006#,
4,
0,
'0400000006140044000000000000000000200040002e4000102e4000101400c40000000000000000001000c0002e4000102e400010140280010000000000000000',

'00000000',

'        2 1 0 5 4 6 6 7 3 7 2 7 7 5 4   '
);

INSERT INTO identitytable (Parent_CMID,CM_FirstName,CM_LastName,CM_CompanyName,CM_Type,CM_Attributes,CM_HintField,CM_ExtHintField,CM_FirstNmPrn,CM_LastNmPrn,CM_CompanyNmPrn) VALUES (
760,
'Pent',
'Dobsonakins',
NULL,
268440329,
4,
84,
0,
NULL,
NULL,
NULL
);

INSERT INTO phone (CM_Id,CM_PhoneMatching,CM_ExtendedPhoneMatching) VALUES (
760,
4577273,
76645012
);

INSERT INTO contacts (CM_Id,CM_Type,CM_PrefTemplateRefId,CM_UIDString,CM_Last_modified,CM_ContactCreationDate,CM_Attributes,CM_ReplicationCount,CM_Header,CM_TextBlob,CM_SearchableText) VALUES (
761,
268440329,
0,
'00e0db49791ac500',
#07/06/2006#,
#07/06/2006#,
4,
0,
'0400000006140044000000000000000000200040002e4000102e4000101400c40000000000000000001000c0002e4000102e400010140280010000000000000000',

'00000000',

'        1 0 6 7 0 8 6 4 4 8 2 8 1 1 3   '
);

INSERT INTO identitytable (Parent_CMID,CM_FirstName,CM_LastName,CM_CompanyName,CM_Type,CM_Attributes,CM_HintField,CM_ExtHintField,CM_FirstNmPrn,CM_LastNmPrn,CM_CompanyNmPrn) VALUES (
761,
'Mariagendicis',
'Ladalearinsowigind',
NULL,
268440329,
4,
84,
0,
NULL,
NULL,
NULL
);

INSERT INTO phone (CM_Id,CM_PhoneMatching,CM_ExtendedPhoneMatching) VALUES (
761,
3118284,
46807601
);

INSERT INTO contacts (CM_Id,CM_Type,CM_PrefTemplateRefId,CM_UIDString,CM_Last_modified,CM_ContactCreationDate,CM_Attributes,CM_ReplicationCount,CM_Header,CM_TextBlob,CM_SearchableText) VALUES (
762,
268440329,
0,
'00e0db49791ad888',
#07/06/2006#,
#07/06/2006#,
4,
0,
'0400000006140044000000000000000000200040002e4000102e4000101400c40000000000000000001000c0002e4000102e400010140280010000000000000000',

'00000000',

'        1 7 7 8 6 7 7 2 1 0 1 2 0 6 4   '
);

INSERT INTO identitytable (Parent_CMID,CM_FirstName,CM_LastName,CM_CompanyName,CM_Type,CM_Attributes,CM_HintField,CM_ExtHintField,CM_FirstNmPrn,CM_LastNmPrn,CM_CompanyNmPrn) VALUES (
762,
'Sankanam',
'Ahwerritannsharm',
NULL,
268440329,
4,
84,
0,
NULL,
NULL,
NULL
);

INSERT INTO phone (CM_Id,CM_PhoneMatching,CM_ExtendedPhoneMatching) VALUES (
762,
4602101,
27768771
);

INSERT INTO contacts (CM_Id,CM_Type,CM_PrefTemplateRefId,CM_UIDString,CM_Last_modified,CM_ContactCreationDate,CM_Attributes,CM_ReplicationCount,CM_Header,CM_TextBlob,CM_SearchableText) VALUES (
763,
268440329,
0,
'00e0db49791aff98',
#07/06/2006#,
#07/06/2006#,
4,
0,
'0400000006140044000000000000000000200040002e4000102e4000101400c40000000000000000001000c0002e4000102e400010140280010000000000000000',

'00000000',

'        3 8 3 3 8 5 5 6 1 2 8 7 5 8 5   '
);

INSERT INTO identitytable (Parent_CMID,CM_FirstName,CM_LastName,CM_CompanyName,CM_Type,CM_Attributes,CM_HintField,CM_ExtHintField,CM_FirstNmPrn,CM_LastNmPrn,CM_CompanyNmPrn) VALUES (
763,
'Rorek',
'Jonsuduladotied',
NULL,
268440329,
4,
84,
0,
NULL,
NULL,
NULL
);

INSERT INTO phone (CM_Id,CM_PhoneMatching,CM_ExtendedPhoneMatching) VALUES (
763,
5857821,
65583383
);

INSERT INTO contacts (CM_Id,CM_Type,CM_PrefTemplateRefId,CM_UIDString,CM_Last_modified,CM_ContactCreationDate,CM_Attributes,CM_ReplicationCount,CM_Header,CM_TextBlob,CM_SearchableText) VALUES (
764,
268440329,
0,
'00e0db49791b26a8',
#07/06/2006#,
#07/06/2006#,
4,
0,
'0400000006140044000000000000000000200040002e4000102e4000101400c40000000000000000001000c0002e4000102e400010140280010000000000000000',

'00000000',

'        7 1 5 6 3 5 3 3 4 2 6 8 7 5 7   '
);

INSERT INTO identitytable (Parent_CMID,CM_FirstName,CM_LastName,CM_CompanyName,CM_Type,CM_Attributes,CM_HintField,CM_ExtHintField,CM_FirstNmPrn,CM_LastNmPrn,CM_CompanyNmPrn) VALUES (
764,
'Anitinamm',
'Lar',
NULL,
268440329,
4,
84,
0,
NULL,
NULL,
NULL
);

INSERT INTO phone (CM_Id,CM_PhoneMatching,CM_ExtendedPhoneMatching) VALUES (
764,
7578624,
33536517
);

INSERT INTO contacts (CM_Id,CM_Type,CM_PrefTemplateRefId,CM_UIDString,CM_Last_modified,CM_ContactCreationDate,CM_Attributes,CM_ReplicationCount,CM_Header,CM_TextBlob,CM_SearchableText) VALUES (
765,
268440329,
0,
'00e0db49791b3a30',
#07/06/2006#,
#07/06/2006#,
4,
0,
'0400000006140044000000000000000000200040002e4000102e4000101400c40000000000000000001000c0002e4000102e400010140280010000000000000000',

'00000000',

'        4 1 2 7 7 8 1 1 6 8 7 0 3 8 3   '
);

INSERT INTO identitytable (Parent_CMID,CM_FirstName,CM_LastName,CM_CompanyName,CM_Type,CM_Attributes,CM_HintField,CM_ExtHintField,CM_FirstNmPrn,CM_LastNmPrn,CM_CompanyNmPrn) VALUES (
765,
'Hep',
'BletodhocDidikips',
NULL,
268440329,
4,
84,
0,
NULL,
NULL,
NULL
);

INSERT INTO phone (CM_Id,CM_PhoneMatching,CM_ExtendedPhoneMatching) VALUES (
765,
3830786,
11877214
);

INSERT INTO contacts (CM_Id,CM_Type,CM_PrefTemplateRefId,CM_UIDString,CM_Last_modified,CM_ContactCreationDate,CM_Attributes,CM_ReplicationCount,CM_Header,CM_TextBlob,CM_SearchableText) VALUES (
766,
268440329,
0,
'00e0db49791b6140',
#07/06/2006#,
#07/06/2006#,
4,
0,
'0400000006140044000000000000000000200040002e4000102e4000101400c40000000000000000001000c0002e4000102e400010140280010000000000000000',

'00000000',

'        3 3 0 7 2 1 7 5 2 5 0 0 0 1 6   '
);

INSERT INTO identitytable (Parent_CMID,CM_FirstName,CM_LastName,CM_CompanyName,CM_Type,CM_Attributes,CM_HintField,CM_ExtHintField,CM_FirstNmPrn,CM_LastNmPrn,CM_CompanyNmPrn) VALUES (
766,
'Heo',
'Sal',
NULL,
268440329,
4,
84,
0,
NULL,
NULL,
NULL
);

INSERT INTO phone (CM_Id,CM_PhoneMatching,CM_ExtendedPhoneMatching) VALUES (
766,
6100052,
57127033
);

INSERT INTO contacts (CM_Id,CM_Type,CM_PrefTemplateRefId,CM_UIDString,CM_Last_modified,CM_ContactCreationDate,CM_Attributes,CM_ReplicationCount,CM_Header,CM_TextBlob,CM_SearchableText) VALUES (
767,
268440329,
0,
'00e0db49791bc2e8',
#07/06/2006#,
#07/06/2006#,
4,
0,
'0400000006140044000000000000000000200040002e4000102e4000101400c40000000000000000001000c0002e4000102e400010140280010000000000000000',

'00000000',

'        8 2 2 3 8 3 6 5 1 5 0 5 5 7 8   '
);

INSERT INTO identitytable (Parent_CMID,CM_FirstName,CM_LastName,CM_CompanyName,CM_Type,CM_Attributes,CM_HintField,CM_ExtHintField,CM_FirstNmPrn,CM_LastNmPrn,CM_CompanyNmPrn) VALUES (
767,
'Pary',
'Sawngethwnes',
NULL,
268440329,
4,
84,
0,
NULL,
NULL,
NULL
);

INSERT INTO phone (CM_Id,CM_PhoneMatching,CM_ExtendedPhoneMatching) VALUES (
767,
8755051,
56383228
);


INSERT INTO contacts (CM_Id,CM_Type,CM_PrefTemplateRefId,CM_UIDString,CM_Last_modified,CM_ContactCreationDate,CM_Attributes,CM_ReplicationCount,CM_Header,CM_TextBlob,CM_SearchableText) VALUES (
768,
268440329,
0,
'00e0db49791be9f8',
#07/06/2006#,
#07/06/2006#,
4,
0,
'0400000006140044000000000000000000200040002e4000102e4000101400c40000000000000000001000c0002e4000102e400010140280010000000000000000',

'00000000',

'        6 7 2 5 6 5 4 3 2 2 6 1 0 6 6   '
);

INSERT INTO identitytable (Parent_CMID,CM_FirstName,CM_LastName,CM_CompanyName,CM_Type,CM_Attributes,CM_HintField,CM_ExtHintField,CM_FirstNmPrn,CM_LastNmPrn,CM_CompanyNmPrn) VALUES (
768,
'Lan',
'Sanarlareckal',
NULL,
268440329,
4,
84,
0,
NULL,
NULL,
NULL
);

INSERT INTO phone (CM_Id,CM_PhoneMatching,CM_ExtendedPhoneMatching) VALUES (
768,
6601622,
34565276
);

INSERT INTO contacts (CM_Id,CM_Type,CM_PrefTemplateRefId,CM_UIDString,CM_Last_modified,CM_ContactCreationDate,CM_Attributes,CM_ReplicationCount,CM_Header,CM_TextBlob,CM_SearchableText) VALUES (
769,
268440329,
0,
'00e0db49791c1108',
#07/06/2006#,
#07/06/2006#,
4,
0,
'0400000006140044000000000000000000200040002e4000102e4000101400c40000000000000000001000c0002e4000102e400010140280010000000000000000',

'00000000',

'        3 4 7 8 1 2 2 7 7 1 8 8 6 6 3   '
);

INSERT INTO identitytable (Parent_CMID,CM_FirstName,CM_LastName,CM_CompanyName,CM_Type,CM_Attributes,CM_HintField,CM_ExtHintField,CM_FirstNmPrn,CM_LastNmPrn,CM_CompanyNmPrn) VALUES (
769,
'Dan',
'Ly',
NULL,
268440329,
4,
84,
0,
NULL,
NULL,
NULL
);

INSERT INTO phone (CM_Id,CM_PhoneMatching,CM_ExtendedPhoneMatching) VALUES (
769,
3668817,
72218743
);

INSERT INTO contacts (CM_Id,CM_Type,CM_PrefTemplateRefId,CM_UIDString,CM_Last_modified,CM_ContactCreationDate,CM_Attributes,CM_ReplicationCount,CM_Header,CM_TextBlob,CM_SearchableText) VALUES (
770,
268440329,
0,
'00e0db49791c3818',
#07/06/2006#,
#07/06/2006#,
4,
0,
'0400000006140044000000000000000000200040002e4000102e4000101400c40000000000000000001000c0002e4000102e400010140280010000000000000000',

'00000000',

'        5 4 8 2 2 3 0 2 0 0 4 1 4 5 2   '
);

INSERT INTO identitytable (Parent_CMID,CM_FirstName,CM_LastName,CM_CompanyName,CM_Type,CM_Attributes,CM_HintField,CM_ExtHintField,CM_FirstNmPrn,CM_LastNmPrn,CM_CompanyNmPrn) VALUES (
770,
'Chran',
'Maheryanrens',
NULL,
268440329,
4,
84,
0,
NULL,
NULL,
NULL
);

INSERT INTO phone (CM_Id,CM_PhoneMatching,CM_ExtendedPhoneMatching) VALUES (
770,
2541400,
20322845
);

INSERT INTO contacts (CM_Id,CM_Type,CM_PrefTemplateRefId,CM_UIDString,CM_Last_modified,CM_ContactCreationDate,CM_Attributes,CM_ReplicationCount,CM_Header,CM_TextBlob,CM_SearchableText) VALUES (
771,
268440329,
0,
'00e0db49791c5f28',
#07/06/2006#,
#07/06/2006#,
4,
0,
'0400000006140044000000000000000000200040002e4000102e4000101400c40000000000000000001000c0002e4000102e400010140280010000000000000000',

'00000000',

'        7 1 7 2 7 4 3 2 4 4 6 8 8 3 1   '
);

INSERT INTO identitytable (Parent_CMID,CM_FirstName,CM_LastName,CM_CompanyName,CM_Type,CM_Attributes,CM_HintField,CM_ExtHintField,CM_FirstNmPrn,CM_LastNmPrn,CM_CompanyNmPrn) VALUES (
771,
'Vin',
'Jalonilendk',
NULL,
268440329,
4,
84,
0,
NULL,
NULL,
NULL
);

INSERT INTO phone (CM_Id,CM_PhoneMatching,CM_ExtendedPhoneMatching) VALUES (
771,
1388644,
23472717
);

INSERT INTO contacts (CM_Id,CM_Type,CM_PrefTemplateRefId,CM_UIDString,CM_Last_modified,CM_ContactCreationDate,CM_Attributes,CM_ReplicationCount,CM_Header,CM_TextBlob,CM_SearchableText) VALUES (
772,
268440329,
0,
'00e0db49791c8638',
#07/06/2006#,
#07/06/2006#,
4,
0,
'0400000006140044000000000000000000200040002e4000102e4000101400c40000000000000000001000c0002e4000102e400010140280010000000000000000',

'00000000',

'        4 6 1 7 8 6 2 8 6 5 3 1 3 4 6   '
);

INSERT INTO identitytable (Parent_CMID,CM_FirstName,CM_LastName,CM_CompanyName,CM_Type,CM_Attributes,CM_HintField,CM_ExtHintField,CM_FirstNmPrn,CM_LastNmPrn,CM_CompanyNmPrn) VALUES (
772,
'Srgex',
'Mandeykwik',
NULL,
268440329,
4,
84,
0,
NULL,
NULL,
NULL
);

INSERT INTO phone (CM_Id,CM_PhoneMatching,CM_ExtendedPhoneMatching) VALUES (
772,
6431356,
82687164
);

INSERT INTO contacts (CM_Id,CM_Type,CM_PrefTemplateRefId,CM_UIDString,CM_Last_modified,CM_ContactCreationDate,CM_Attributes,CM_ReplicationCount,CM_Header,CM_TextBlob,CM_SearchableText) VALUES (
773,
268440329,
0,
'00e0db49791c99c0',
#07/06/2006#,
#07/06/2006#,
4,
0,
'0400000006140044000000000000000000200040002e4000102e4000101400c40000000000000000001000c0002e4000102e400010140280010000000000000000',

'00000000',

'        2 8 6 4 8 4 7 2 8 1 1 5 7 6 2   '
);

INSERT INTO identitytable (Parent_CMID,CM_FirstName,CM_LastName,CM_CompanyName,CM_Type,CM_Attributes,CM_HintField,CM_ExtHintField,CM_FirstNmPrn,CM_LastNmPrn,CM_CompanyNmPrn) VALUES (
773,
'Phali',
'Le',
NULL,
268440329,
4,
84,
0,
NULL,
NULL,
NULL
);

INSERT INTO phone (CM_Id,CM_PhoneMatching,CM_ExtendedPhoneMatching) VALUES (
773,
2675118,
27484682
);

INSERT INTO contacts (CM_Id,CM_Type,CM_PrefTemplateRefId,CM_UIDString,CM_Last_modified,CM_ContactCreationDate,CM_Attributes,CM_ReplicationCount,CM_Header,CM_TextBlob,CM_SearchableText) VALUES (
774,
268440329,
0,
'00e0db49791cc0d0',
#07/06/2006#,
#07/06/2006#,
4,
0,
'0400000006140044000000000000000000200040002e4000102e4000101400c40000000000000000001000c0002e4000102e400010140280010000000000000000',

'00000000',

'        5 0 5 5 6 1 1 5 3 2 1 8 8 5 8   '
);

INSERT INTO identitytable (Parent_CMID,CM_FirstName,CM_LastName,CM_CompanyName,CM_Type,CM_Attributes,CM_HintField,CM_ExtHintField,CM_FirstNmPrn,CM_LastNmPrn,CM_CompanyNmPrn) VALUES (
774,
'Parik',
'Vanerarsshus',
NULL,
268440329,
4,
84,
0,
NULL,
NULL,
NULL
);

INSERT INTO phone (CM_Id,CM_PhoneMatching,CM_ExtendedPhoneMatching) VALUES (
774,
8588123,
51165505
);

INSERT INTO contacts (CM_Id,CM_Type,CM_PrefTemplateRefId,CM_UIDString,CM_Last_modified,CM_ContactCreationDate,CM_Attributes,CM_ReplicationCount,CM_Header,CM_TextBlob,CM_SearchableText) VALUES (
775,
268440329,
0,
'00e0db49791e428e',
#07/06/2006#,
#07/06/2006#,
4,
0,
'0400000006140044000000000000000000200040002e4000102e4000101400c40000000000000000001000c0002e4000102e400010140280010000000000000000',

'00000000',

'        6 6 5 2 5 4 7 5 4 7 5 1 0 3 4   '
);

INSERT INTO identitytable (Parent_CMID,CM_FirstName,CM_LastName,CM_CompanyName,CM_Type,CM_Attributes,CM_HintField,CM_ExtHintField,CM_FirstNmPrn,CM_LastNmPrn,CM_CompanyNmPrn) VALUES (
775,
'Sa',
'O',
NULL,
268440329,
4,
84,
0,
NULL,
NULL,
NULL
);

INSERT INTO phone (CM_Id,CM_PhoneMatching,CM_ExtendedPhoneMatching) VALUES (
775,
4301574,
57452566
);

INSERT INTO contacts (CM_Id,CM_Type,CM_PrefTemplateRefId,CM_UIDString,CM_Last_modified,CM_ContactCreationDate,CM_Attributes,CM_ReplicationCount,CM_Header,CM_TextBlob,CM_SearchableText) VALUES (
776,
268440329,
0,
'00e0db49791e699e',
#07/06/2006#,
#07/06/2006#,
4,
0,
'0400000006140044000000000000000000200040002e4000102e4000101400c40000000000000000001000c0002e4000102e400010140280010000000000000000',

'00000000',

'        4 0 4 7 0 8 1 3 1 4 5 6 7 7 0   '
);

INSERT INTO identitytable (Parent_CMID,CM_FirstName,CM_LastName,CM_CompanyName,CM_Type,CM_Attributes,CM_HintField,CM_ExtHintField,CM_FirstNmPrn,CM_LastNmPrn,CM_CompanyNmPrn) VALUES (
776,
'Maly',
'Gutt',
NULL,
268440329,
4,
84,
0,
NULL,
NULL,
NULL
);

INSERT INTO phone (CM_Id,CM_PhoneMatching,CM_ExtendedPhoneMatching) VALUES (
776,
776541,
31807404
);

INSERT INTO contacts (CM_Id,CM_Type,CM_PrefTemplateRefId,CM_UIDString,CM_Last_modified,CM_ContactCreationDate,CM_Attributes,CM_ReplicationCount,CM_Header,CM_TextBlob,CM_SearchableText) VALUES (
777,
268440329,
0,
'00e0db49791e7d26',
#07/06/2006#,
#07/06/2006#,
4,
0,
'0400000006140044000000000000000000200040002e4000102e4000101400c40000000000000000001000c0002e4000102e400010140280010000000000000000',

'00000000',

'        3 6 2 0 5 7 8 5 4 6 0 8 3 3 7   '
);

INSERT INTO identitytable (Parent_CMID,CM_FirstName,CM_LastName,CM_CompanyName,CM_Type,CM_Attributes,CM_HintField,CM_ExtHintField,CM_FirstNmPrn,CM_LastNmPrn,CM_CompanyNmPrn) VALUES (
777,
'Nen',
'Varovitesobepp',
NULL,
268440329,
4,
84,
0,
NULL,
NULL,
NULL
);

INSERT INTO phone (CM_Id,CM_PhoneMatching,CM_ExtendedPhoneMatching) VALUES (
777,
7338064,
58750263
);

INSERT INTO contacts (CM_Id,CM_Type,CM_PrefTemplateRefId,CM_UIDString,CM_Last_modified,CM_ContactCreationDate,CM_Attributes,CM_ReplicationCount,CM_Header,CM_TextBlob,CM_SearchableText) VALUES (
778,
268440329,
0,
'00e0db49791ea436',
#07/06/2006#,
#07/06/2006#,
4,
0,
'0400000006140044000000000000000000200040002e4000102e4000101400c40000000000000000001000c0002e4000102e400010140280010000000000000000',

'00000000',

'        1 1 4 8 2 0 4 6 7 0 0 6 3 3 3   '
);

INSERT INTO identitytable (Parent_CMID,CM_FirstName,CM_LastName,CM_CompanyName,CM_Type,CM_Attributes,CM_HintField,CM_ExtHintField,CM_FirstNmPrn,CM_LastNmPrn,CM_CompanyNmPrn) VALUES (
778,
'Teay',
'Shats',
NULL,
268440329,
4,
84,
0,
NULL,
NULL,
NULL
);

INSERT INTO phone (CM_Id,CM_PhoneMatching,CM_ExtendedPhoneMatching) VALUES (
778,
3336007,
64028411
);

INSERT INTO contacts (CM_Id,CM_Type,CM_PrefTemplateRefId,CM_UIDString,CM_Last_modified,CM_ContactCreationDate,CM_Attributes,CM_ReplicationCount,CM_Header,CM_TextBlob,CM_SearchableText) VALUES (
779,
268440329,
0,
'00e0db49791ecb46',
#07/06/2006#,
#07/06/2006#,
4,
0,
'0400000006140044000000000000000000200040002e4000102e4000101400c40000000000000000001000c0002e4000102e400010140280010000000000000000',

'00000000',

'        4 6 1 8 3 5 0 5 3 2 3 3 3 4 1   '
);

INSERT INTO identitytable (Parent_CMID,CM_FirstName,CM_LastName,CM_CompanyName,CM_Type,CM_Attributes,CM_HintField,CM_ExtHintField,CM_FirstNmPrn,CM_LastNmPrn,CM_CompanyNmPrn) VALUES (
779,
'Rionnonany',
'Le',
NULL,
268440329,
4,
84,
0,
NULL,
NULL,
NULL
);

INSERT INTO phone (CM_Id,CM_PhoneMatching,CM_ExtendedPhoneMatching) VALUES (
779,
1433323,
50538164
);

INSERT INTO contacts (CM_Id,CM_Type,CM_PrefTemplateRefId,CM_UIDString,CM_Last_modified,CM_ContactCreationDate,CM_Attributes,CM_ReplicationCount,CM_Header,CM_TextBlob,CM_SearchableText) VALUES (
780,
268440329,
0,
'00e0db49791edece',
#07/06/2006#,
#07/06/2006#,
4,
0,
'0400000006140044000000000000000000200040002e4000102e4000101400c40000000000000000001000c0002e4000102e400010140280010000000000000000',

'00000000',

'        4 2 0 3 0 3 4 1 2 5 2 8 1 0 1   '
);

INSERT INTO identitytable (Parent_CMID,CM_FirstName,CM_LastName,CM_CompanyName,CM_Type,CM_Attributes,CM_HintField,CM_ExtHintField,CM_FirstNmPrn,CM_LastNmPrn,CM_CompanyNmPrn) VALUES (
780,
'Vimatrir',
'Hu',
NULL,
268440329,
4,
84,
0,
NULL,
NULL,
NULL
);

INSERT INTO phone (CM_Id,CM_PhoneMatching,CM_ExtendedPhoneMatching) VALUES (
780,
1018252,
14303024
);

INSERT INTO contacts (CM_Id,CM_Type,CM_PrefTemplateRefId,CM_UIDString,CM_Last_modified,CM_ContactCreationDate,CM_Attributes,CM_ReplicationCount,CM_Header,CM_TextBlob,CM_SearchableText) VALUES (
781,
268440329,
0,
'00e0db49791f05de',
#07/06/2006#,
#07/06/2006#,
4,
0,
'0400000006140044000000000000000000200040002e4000102e4000101400c40000000000000000001000c0002e4000102e400010140280010000000000000000',

'00000000',

'        1 5 4 0 7 6 7 4 4 8 1 5 6 2 0   '
);

INSERT INTO identitytable (Parent_CMID,CM_FirstName,CM_LastName,CM_CompanyName,CM_Type,CM_Attributes,CM_HintField,CM_ExtHintField,CM_FirstNmPrn,CM_LastNmPrn,CM_CompanyNmPrn) VALUES (
781,
'Mevoms',
'Augr',
NULL,
268440329,
4,
84,
0,
NULL,
NULL,
NULL
);

INSERT INTO phone (CM_Id,CM_PhoneMatching,CM_ExtendedPhoneMatching) VALUES (
781,
265184,
47670451
);

INSERT INTO contacts (CM_Id,CM_Type,CM_PrefTemplateRefId,CM_UIDString,CM_Last_modified,CM_ContactCreationDate,CM_Attributes,CM_ReplicationCount,CM_Header,CM_TextBlob,CM_SearchableText) VALUES (
782,
268440329,
0,
'00e0db49791f6786',
#07/06/2006#,
#07/06/2006#,
4,
0,
'0400000006140044000000000000000000200040002e4000102e4000101400c40000000000000000001000c0002e4000102e400010140280010000000000000000',

'00000000',

'        0 2 5 6 1 6 2 7 5 7 6 5 6 3 8   '
);

INSERT INTO identitytable (Parent_CMID,CM_FirstName,CM_LastName,CM_CompanyName,CM_Type,CM_Attributes,CM_HintField,CM_ExtHintField,CM_FirstNmPrn,CM_LastNmPrn,CM_CompanyNmPrn) VALUES (
782,
'Sy',
'Fow',
NULL,
268440329,
4,
84,
0,
NULL,
NULL,
NULL
);

INSERT INTO phone (CM_Id,CM_PhoneMatching,CM_ExtendedPhoneMatching) VALUES (
782,
8365675,
72616520
);

INSERT INTO contacts (CM_Id,CM_Type,CM_PrefTemplateRefId,CM_UIDString,CM_Last_modified,CM_ContactCreationDate,CM_Attributes,CM_ReplicationCount,CM_Header,CM_TextBlob,CM_SearchableText) VALUES (
783,
268440329,
0,
'00e0db49791f8e96',
#07/06/2006#,
#07/06/2006#,
4,
0,
'0400000006140044000000000000000000200040002e4000102e4000101400c40000000000000000001000c0002e4000102e400010140280010000000000000000',

'00000000',

'        6 8 1 5 7 1 3 1 2 1 8 8 0 5 5   '
);

INSERT INTO identitytable (Parent_CMID,CM_FirstName,CM_LastName,CM_CompanyName,CM_Type,CM_Attributes,CM_HintField,CM_ExtHintField,CM_FirstNmPrn,CM_LastNmPrn,CM_CompanyNmPrn) VALUES (
783,
'Grerive',
'Lanrterwnralmude',
NULL,
268440329,
4,
84,
0,
NULL,
NULL,
NULL
);

INSERT INTO phone (CM_Id,CM_PhoneMatching,CM_ExtendedPhoneMatching) VALUES (
783,
5508812,
13175186
);

INSERT INTO contacts (CM_Id,CM_Type,CM_PrefTemplateRefId,CM_UIDString,CM_Last_modified,CM_ContactCreationDate,CM_Attributes,CM_ReplicationCount,CM_Header,CM_TextBlob,CM_SearchableText) VALUES (
784,
268440329,
0,
'00e0db49791fb5a6',
#07/06/2006#,
#07/06/2006#,
4,
0,
'0400000006140044000000000000000000200040002e4000102e4000101400c40000000000000000001000c0002e4000102e400010140280010000000000000000',

'00000000',

'        8 2 2 4 3 5 7 4 4 1 2 5 4 1 2   '
);

INSERT INTO identitytable (Parent_CMID,CM_FirstName,CM_LastName,CM_CompanyName,CM_Type,CM_Attributes,CM_HintField,CM_ExtHintField,CM_FirstNmPrn,CM_LastNmPrn,CM_CompanyNmPrn) VALUES (
784,
'May',
'Lalodaunerfor',
NULL,
268440329,
4,
84,
0,
NULL,
NULL,
NULL
);

INSERT INTO phone (CM_Id,CM_PhoneMatching,CM_ExtendedPhoneMatching) VALUES (
784,
2145214,
47534228
);

INSERT INTO contacts (CM_Id,CM_Type,CM_PrefTemplateRefId,CM_UIDString,CM_Last_modified,CM_ContactCreationDate,CM_Attributes,CM_ReplicationCount,CM_Header,CM_TextBlob,CM_SearchableText) VALUES (
785,
268440329,
0,
'00e0db49791fdcb6',
#07/06/2006#,
#07/06/2006#,
4,
0,
'0400000006140044000000000000000000200040002e4000102e4000101400c40000000000000000001000c0002e4000102e400010140280010000000000000000',

'00000000',

'        2 3 8 0 8 4 0 4 3 4 6 0 7 8 0   '
);

INSERT INTO identitytable (Parent_CMID,CM_FirstName,CM_LastName,CM_CompanyName,CM_Type,CM_Attributes,CM_HintField,CM_ExtHintField,CM_FirstNmPrn,CM_LastNmPrn,CM_CompanyNmPrn) VALUES (
785,
'Y',
'Wisonkend',
NULL,
268440329,
4,
84,
0,
NULL,
NULL,
NULL
);

INSERT INTO phone (CM_Id,CM_PhoneMatching,CM_ExtendedPhoneMatching) VALUES (
785,
870643,
40480832
);

INSERT INTO contacts (CM_Id,CM_Type,CM_PrefTemplateRefId,CM_UIDString,CM_Last_modified,CM_ContactCreationDate,CM_Attributes,CM_ReplicationCount,CM_Header,CM_TextBlob,CM_SearchableText) VALUES (
786,
268440329,
0,
'00e0db49792003c6',
#07/06/2006#,
#07/06/2006#,
4,
0,
'0400000006140044000000000000000000200040002e4000102e4000101400c40000000000000000001000c0002e4000102e400010140280010000000000000000',

'00000000',

'        1 6 5 8 5 4 6 0 5 3 1 5 1 0 8   '
);

INSERT INTO identitytable (Parent_CMID,CM_FirstName,CM_LastName,CM_CompanyName,CM_Type,CM_Attributes,CM_HintField,CM_ExtHintField,CM_FirstNmPrn,CM_LastNmPrn,CM_CompanyNmPrn) VALUES (
786,
'Canthen',
'Tr',
NULL,
268440329,
4,
84,
0,
NULL,
NULL,
NULL
);

INSERT INTO phone (CM_Id,CM_PhoneMatching,CM_ExtendedPhoneMatching) VALUES (
786,
8015135,
6458561
);

INSERT INTO contacts (CM_Id,CM_Type,CM_PrefTemplateRefId,CM_UIDString,CM_Last_modified,CM_ContactCreationDate,CM_Attributes,CM_ReplicationCount,CM_Header,CM_TextBlob,CM_SearchableText) VALUES (
787,
268440329,
0,
'00e0db4979202ad6',
#07/06/2006#,
#07/06/2006#,
4,
0,
'0400000006140044000000000000000000200040002e4000102e4000101400c40000000000000000001000c0002e4000102e400010140280010000000000000000',

'00000000',

'        7 2 4 8 4 0 7 7 6 6 5 1 1 6 3   '
);

INSERT INTO identitytable (Parent_CMID,CM_FirstName,CM_LastName,CM_CompanyName,CM_Type,CM_Attributes,CM_HintField,CM_ExtHintField,CM_FirstNmPrn,CM_LastNmPrn,CM_CompanyNmPrn) VALUES (
787,
'Kemoryl',
'Shusewnave',
NULL,
268440329,
4,
84,
0,
NULL,
NULL,
NULL
);

INSERT INTO phone (CM_Id,CM_PhoneMatching,CM_ExtendedPhoneMatching) VALUES (
787,
3611566,
77048427
);

INSERT INTO contacts (CM_Id,CM_Type,CM_PrefTemplateRefId,CM_UIDString,CM_Last_modified,CM_ContactCreationDate,CM_Attributes,CM_ReplicationCount,CM_Header,CM_TextBlob,CM_SearchableText) VALUES (
788,
268440329,
0,
'00e0db49792051e6',
#07/06/2006#,
#07/06/2006#,
4,
0,
'0400000006140044000000000000000000200040002e4000102e4000101400c40000000000000000001000c0002e4000102e400010140280010000000000000000',

'00000000',

'        6 4 5 2 4 6 5 3 8 8 2 8 7 8 7   '
);

INSERT INTO identitytable (Parent_CMID,CM_FirstName,CM_LastName,CM_CompanyName,CM_Type,CM_Attributes,CM_HintField,CM_ExtHintField,CM_FirstNmPrn,CM_LastNmPrn,CM_CompanyNmPrn) VALUES (
788,
'Jurth',
'Ollfs',
NULL,
268440329,
4,
84,
0,
NULL,
NULL,
NULL
);

INSERT INTO phone (CM_Id,CM_PhoneMatching,CM_ExtendedPhoneMatching) VALUES (
788,
7878288,
35642546
);

INSERT INTO contacts (CM_Id,CM_Type,CM_PrefTemplateRefId,CM_UIDString,CM_Last_modified,CM_ContactCreationDate,CM_Attributes,CM_ReplicationCount,CM_Header,CM_TextBlob,CM_SearchableText) VALUES (
789,
268440329,
0,
'00e0db497920656e',
#07/06/2006#,
#07/06/2006#,
4,
0,
'0400000006140044000000000000000000200040002e4000102e4000101400c40000000000000000001000c0002e4000102e400010140280010000000000000000',

'00000000',

'        0 6 6 7 3 7 4 1 8 4 0 4 0 2 3   '
);

INSERT INTO identitytable (Parent_CMID,CM_FirstName,CM_LastName,CM_CompanyName,CM_Type,CM_Attributes,CM_HintField,CM_ExtHintField,CM_FirstNmPrn,CM_LastNmPrn,CM_CompanyNmPrn) VALUES (
789,
'Cohasoheeyli',
'Edend',
NULL,
268440329,
4,
84,
0,
NULL,
NULL,
NULL
);

INSERT INTO phone (CM_Id,CM_PhoneMatching,CM_ExtendedPhoneMatching) VALUES (
789,
3204048,
14737660
);

INSERT INTO contacts (CM_Id,CM_Type,CM_PrefTemplateRefId,CM_UIDString,CM_Last_modified,CM_ContactCreationDate,CM_Attributes,CM_ReplicationCount,CM_Header,CM_TextBlob,CM_SearchableText) VALUES (
790,
268440329,
0,
'00e0db4979208c7e',
#07/06/2006#,
#07/06/2006#,
4,
0,
'0400000006140044000000000000000000200040002e4000102e4000101400c40000000000000000001000c0002e4000102e400010140280010000000000000000',

'00000000',

'        4 3 3 3 8 4 8 8 6 3 0 1 7 6 2   '
);

INSERT INTO identitytable (Parent_CMID,CM_FirstName,CM_LastName,CM_CompanyName,CM_Type,CM_Attributes,CM_HintField,CM_ExtHintField,CM_FirstNmPrn,CM_LastNmPrn,CM_CompanyNmPrn) VALUES (
790,
'Titax',
'Mancay',
NULL,
268440329,
4,
84,
0,
NULL,
NULL,
NULL
);

INSERT INTO phone (CM_Id,CM_PhoneMatching,CM_ExtendedPhoneMatching) VALUES (
790,
2671036,
88483334
);

INSERT INTO contacts (CM_Id,CM_Type,CM_PrefTemplateRefId,CM_UIDString,CM_Last_modified,CM_ContactCreationDate,CM_Attributes,CM_ReplicationCount,CM_Header,CM_TextBlob,CM_SearchableText) VALUES (
791,
268440329,
0,
'00e0db497920b38e',
#07/06/2006#,
#07/06/2006#,
4,
0,
'0400000006140044000000000000000000200040002e4000102e4000101400c40000000000000000001000c0002e4000102e400010140280010000000000000000',

'00000000',

'        6 3 3 5 7 1 2 3 7 7 5 1 5 7 1   '
);

INSERT INTO identitytable (Parent_CMID,CM_FirstName,CM_LastName,CM_CompanyName,CM_Type,CM_Attributes,CM_HintField,CM_ExtHintField,CM_FirstNmPrn,CM_LastNmPrn,CM_CompanyNmPrn) VALUES (
791,
'Sa',
'Robe',
NULL,
268440329,
4,
84,
0,
NULL,
NULL,
NULL
);

INSERT INTO phone (CM_Id,CM_PhoneMatching,CM_ExtendedPhoneMatching) VALUES (
791,
1751577,
32175336
);

INSERT INTO contacts (CM_Id,CM_Type,CM_PrefTemplateRefId,CM_UIDString,CM_Last_modified,CM_ContactCreationDate,CM_Attributes,CM_ReplicationCount,CM_Header,CM_TextBlob,CM_SearchableText) VALUES (
792,
268440329,
0,
'00e0db497920da9e',
#07/06/2006#,
#07/06/2006#,
4,
0,
'0400000006140044000000000000000000200040002e4000102e4000101400c40000000000000000001000c0002e4000102e400010140280010000000000000000',

'00000000',

'        7 6 7 2 1 7 7 7 0 8 0 8 3 7 8   '
);

INSERT INTO identitytable (Parent_CMID,CM_FirstName,CM_LastName,CM_CompanyName,CM_Type,CM_Attributes,CM_HintField,CM_ExtHintField,CM_FirstNmPrn,CM_LastNmPrn,CM_CompanyNmPrn) VALUES (
792,
'Lantan',
'Ronsongsopendderlolesorkonenil',
NULL,
268440329,
4,
84,
0,
NULL,
NULL,
NULL
);

INSERT INTO phone (CM_Id,CM_PhoneMatching,CM_ExtendedPhoneMatching) VALUES (
792,
8738080,
77712767
);

INSERT INTO contacts (CM_Id,CM_Type,CM_PrefTemplateRefId,CM_UIDString,CM_Last_modified,CM_ContactCreationDate,CM_Attributes,CM_ReplicationCount,CM_Header,CM_TextBlob,CM_SearchableText) VALUES (
793,
268440329,
0,
'00e0db497920ee26',
#07/06/2006#,
#07/06/2006#,
4,
0,
'0400000006140044000000000000000000200040002e4000102e4000101400c40000000000000000001000c0002e4000102e400010140280010000000000000000',

'00000000',

'        5 5 8 0 4 4 4 2 3 1 0 4 6 1 6   '
);

INSERT INTO identitytable (Parent_CMID,CM_FirstName,CM_LastName,CM_CompanyName,CM_Type,CM_Attributes,CM_HintField,CM_ExtHintField,CM_FirstNmPrn,CM_LastNmPrn,CM_CompanyNmPrn) VALUES (
793,
'Vicaror',
'Mik',
NULL,
268440329,
4,
84,
0,
NULL,
NULL,
NULL
);

INSERT INTO phone (CM_Id,CM_PhoneMatching,CM_ExtendedPhoneMatching) VALUES (
793,
6164013,
24440855
);

INSERT INTO contacts (CM_Id,CM_Type,CM_PrefTemplateRefId,CM_UIDString,CM_Last_modified,CM_ContactCreationDate,CM_Attributes,CM_ReplicationCount,CM_Header,CM_TextBlob,CM_SearchableText) VALUES (
794,
268440329,
0,
'00e0db4979211536',
#07/06/2006#,
#07/06/2006#,
4,
0,
'0400000006140044000000000000000000200040002e4000102e4000101400c40000000000000000001000c0002e4000102e400010140280010000000000000000',

'00000000',

'        1 6 4 1 7 7 0 2 6 7 5 1 5 3 6   '
);

INSERT INTO identitytable (Parent_CMID,CM_FirstName,CM_LastName,CM_CompanyName,CM_Type,CM_Attributes,CM_HintField,CM_ExtHintField,CM_FirstNmPrn,CM_LastNmPrn,CM_CompanyNmPrn) VALUES (
794,
'Miarll',
'Annadmpelinsongdyl',
NULL,
268440329,
4,
84,
0,
NULL,
NULL,
NULL
);

INSERT INTO phone (CM_Id,CM_PhoneMatching,CM_ExtendedPhoneMatching) VALUES (
794,
6351576,
20771461
);

INSERT INTO contacts (CM_Id,CM_Type,CM_PrefTemplateRefId,CM_UIDString,CM_Last_modified,CM_ContactCreationDate,CM_Attributes,CM_ReplicationCount,CM_Header,CM_TextBlob,CM_SearchableText) VALUES (
795,
268440329,
0,
'00e0db4979213c46',
#07/06/2006#,
#07/06/2006#,
4,
0,
'0400000006140044000000000000000000200040002e4000102e4000101400c40000000000000000001000c0002e4000102e400010140280010000000000000000',

'00000000',

'        1 6 7 8 5 6 3 1 6 5 1 6 0 8 8   '
);

INSERT INTO identitytable (Parent_CMID,CM_FirstName,CM_LastName,CM_CompanyName,CM_Type,CM_Attributes,CM_HintField,CM_ExtHintField,CM_FirstNmPrn,CM_LastNmPrn,CM_CompanyNmPrn) VALUES (
795,
'Maton',
'Lidrgs',
NULL,
268440329,
4,
84,
0,
NULL,
NULL,
NULL
);

INSERT INTO phone (CM_Id,CM_PhoneMatching,CM_ExtendedPhoneMatching) VALUES (
795,
8806156,
13658761
);

INSERT INTO contacts (CM_Id,CM_Type,CM_PrefTemplateRefId,CM_UIDString,CM_Last_modified,CM_ContactCreationDate,CM_Attributes,CM_ReplicationCount,CM_Header,CM_TextBlob,CM_SearchableText) VALUES (
796,
268440329,
0,
'00e0db4979216356',
#07/06/2006#,
#07/06/2006#,
4,
0,
'0400000006140044000000000000000000200040002e4000102e4000101400c40000000000000000001000c0002e4000102e400010140280010000000000000000',

'00000000',

'        8 0 4 4 5 3 2 6 1 5 0 5 5 6 1   '
);

INSERT INTO identitytable (Parent_CMID,CM_FirstName,CM_LastName,CM_CompanyName,CM_Type,CM_Attributes,CM_HintField,CM_ExtHintField,CM_FirstNmPrn,CM_LastNmPrn,CM_CompanyNmPrn) VALUES (
796,
'Abel',
'Johamp',
NULL,
268440329,
4,
84,
0,
NULL,
NULL,
NULL
);

INSERT INTO phone (CM_Id,CM_PhoneMatching,CM_ExtendedPhoneMatching) VALUES (
796,
1655051,
62354408
);

INSERT INTO contacts (CM_Id,CM_Type,CM_PrefTemplateRefId,CM_UIDString,CM_Last_modified,CM_ContactCreationDate,CM_Attributes,CM_ReplicationCount,CM_Header,CM_TextBlob,CM_SearchableText) VALUES (
797,
268440329,
0,
'00e0db497921b176',
#07/06/2006#,
#07/06/2006#,
4,
0,
'0400000006140044000000000000000000200040002e4000102e4000101400c40000000000000000001000c0002e4000102e400010140280010000000000000000',

'00000000',

'        3 4 4 0 1 5 7 5 6 6 3 2 7 3 7   '
);

INSERT INTO identitytable (Parent_CMID,CM_FirstName,CM_LastName,CM_CompanyName,CM_Type,CM_Attributes,CM_HintField,CM_ExtHintField,CM_FirstNmPrn,CM_LastNmPrn,CM_CompanyNmPrn) VALUES (
797,
'Zon',
'Bunderersobynickiergosssovengttttet',
NULL,
268440329,
4,
84,
0,
NULL,
NULL,
NULL
);

INSERT INTO phone (CM_Id,CM_PhoneMatching,CM_ExtendedPhoneMatching) VALUES (
797,
7372366,
57510443
);

INSERT INTO contacts (CM_Id,CM_Type,CM_PrefTemplateRefId,CM_UIDString,CM_Last_modified,CM_ContactCreationDate,CM_Attributes,CM_ReplicationCount,CM_Header,CM_TextBlob,CM_SearchableText) VALUES (
798,
268440329,
0,
'00e0db497921d886',
#07/06/2006#,
#07/06/2006#,
4,
0,
'0400000006140044000000000000000000200040002e4000102e4000101400c40000000000000000001000c0002e4000102e400010140280010000000000000000',

'00000000',

'        3 3 5 8 5 5 0 1 3 5 6 0 4 4 2   '
);

INSERT INTO identitytable (Parent_CMID,CM_FirstName,CM_LastName,CM_CompanyName,CM_Type,CM_Attributes,CM_HintField,CM_ExtHintField,CM_FirstNmPrn,CM_LastNmPrn,CM_CompanyNmPrn) VALUES (
798,
'Loh',
'Enelixonshailer',
NULL,
268440329,
4,
84,
0,
NULL,
NULL,
NULL
);

INSERT INTO phone (CM_Id,CM_PhoneMatching,CM_ExtendedPhoneMatching) VALUES (
798,
2440653,
10558533
);

INSERT INTO contacts (CM_Id,CM_Type,CM_PrefTemplateRefId,CM_UIDString,CM_Last_modified,CM_ContactCreationDate,CM_Attributes,CM_ReplicationCount,CM_Header,CM_TextBlob,CM_SearchableText) VALUES (
799,
268440329,
0,
'00e0db497921ff96',
#07/06/2006#,
#07/06/2006#,
4,
0,
'0400000006140044000000000000000000200040002e4000102e4000101400c40000000000000000001000c0002e4000102e400010140280010000000000000000',

'00000000',

'        6 8 7 4 8 2 5 1 8 5 4 7 7 1 0   '
);

INSERT INTO identitytable (Parent_CMID,CM_FirstName,CM_LastName,CM_CompanyName,CM_Type,CM_Attributes,CM_HintField,CM_ExtHintField,CM_FirstNmPrn,CM_LastNmPrn,CM_CompanyNmPrn) VALUES (
799,
'Al',
'Mitene',
NULL,
268440329,
4,
84,
0,
NULL,
NULL,
NULL
);

INSERT INTO phone (CM_Id,CM_PhoneMatching,CM_ExtendedPhoneMatching) VALUES (
799,
177458,
15284786
);

INSERT INTO contacts (CM_Id,CM_Type,CM_PrefTemplateRefId,CM_UIDString,CM_Last_modified,CM_ContactCreationDate,CM_Attributes,CM_ReplicationCount,CM_Header,CM_TextBlob,CM_SearchableText) VALUES (
800,
268440329,
0,
'00e0db49792226a6',
#07/06/2006#,
#07/06/2006#,
4,
0,
'0400000006140044000000000000000000200040002e4000102e4000101400c40000000000000000001000c0002e4000102e400010140280010000000000000000',

'00000000',

'        6 6 4 5 1 1 5 4 0 6 5 6 6 0 2   '
);

INSERT INTO identitytable (Parent_CMID,CM_FirstName,CM_LastName,CM_CompanyName,CM_Type,CM_Attributes,CM_HintField,CM_ExtHintField,CM_FirstNmPrn,CM_LastNmPrn,CM_CompanyNmPrn) VALUES (
800,
'Cly',
'Millkedindt',
NULL,
268440329,
4,
84,
0,
NULL,
NULL,
NULL
);

INSERT INTO phone (CM_Id,CM_PhoneMatching,CM_ExtendedPhoneMatching) VALUES (
800,
2066560,
45115466
);

INSERT INTO contacts (CM_Id,CM_Type,CM_PrefTemplateRefId,CM_UIDString,CM_Last_modified,CM_ContactCreationDate,CM_Attributes,CM_ReplicationCount,CM_Header,CM_TextBlob,CM_SearchableText) VALUES (
801,
268440329,
0,
'00e0db4979224db6',
#07/06/2006#,
#07/06/2006#,
4,
0,
'0400000010140044000000000000000000200040002e4000102e4000101400c40000000000000000001000c0002e4000102e4000101402800100000000000000001402800300000000000000001402400400000000000000001402c0040000000000000000140200050000000000000000140240050000000000000000',

'00000000',

'        2 6 8 6 4 4 4 0 8 7 3 3 8 6 3   0   q s j L m - j C ^ ] o V J p m m I A E ` c S Z N v ^ X n ] - r F   A v T U d R - K h i ^ I h P M J E ` v K h E H L c c d S k t f W   R u u x y ` 3 8 Z N _ o H ; A 0   j j ` o p T L X C R [ G _ e R b U m - P L e I L Y M V ` b G K `   '
);

INSERT INTO identitytable (Parent_CMID,CM_FirstName,CM_LastName,CM_CompanyName,CM_Type,CM_Attributes,CM_HintField,CM_ExtHintField,CM_FirstNmPrn,CM_LastNmPrn,CM_CompanyNmPrn) VALUES (
801,
'Elatandy',
'Miadhelbi',
NULL,
268440329,
4,
85,
0,
NULL,
NULL,
NULL
);

INSERT INTO emailtable (EMail_FieldID,EmailParent_CMID,EMailAddress) VALUES (
0,
801,
'Elatandy_Miadhelbi@Svalutc.co.uk'
);

INSERT INTO phone (CM_Id,CM_PhoneMatching,CM_ExtendedPhoneMatching) VALUES (
801,
3683378,
4446862
);

INSERT INTO contacts (CM_Id,CM_Type,CM_PrefTemplateRefId,CM_UIDString,CM_Last_modified,CM_ContactCreationDate,CM_Attributes,CM_ReplicationCount,CM_Header,CM_TextBlob,CM_SearchableText) VALUES (
802,
268440329,
0,
'00e0db497922c2e6',
#07/06/2006#,
#07/06/2006#,
4,
0,
'0400000010140044000000000000000000200040002e4000102e4000101400c40000000000000000001000c0002e4000102e4000101402800100000000000000001402800300000000000000001402400400000000000000001402c0040000000000000000140200050000000000000000140240050000000000000000',

'00000000',

'        8 5 0 2 4 7 6 8 3 2 7 3 3 0 2   1   c a J B e T - k I ` v L S T ` h y Q Y y J K h L h k d w s x e D   - I c [ r h n Y I ] t M ] F y Y o O X _ j i p - R i ] s R k s `   N 9 [ 3 w F 4 P f o D ^ Z _ i `   A O x s o U _ l T G i G T I _ s - F X b o V h d g u ` ^ k V E S   '
);

INSERT INTO identitytable (Parent_CMID,CM_FirstName,CM_LastName,CM_CompanyName,CM_Type,CM_Attributes,CM_HintField,CM_ExtHintField,CM_FirstNmPrn,CM_LastNmPrn,CM_CompanyNmPrn) VALUES (
802,
'Kulieri',
'Evadth',
NULL,
268440329,
4,
85,
0,
NULL,
NULL,
NULL
);

INSERT INTO emailtable (EMail_FieldID,EmailParent_CMID,EMailAddress) VALUES (
1,
802,
'Kulieri_Evadth@Mavek.co.uk'
);

INSERT INTO phone (CM_Id,CM_PhoneMatching,CM_ExtendedPhoneMatching) VALUES (
802,
2033723,
86742058
);

INSERT INTO contacts (CM_Id,CM_Type,CM_PrefTemplateRefId,CM_UIDString,CM_Last_modified,CM_ContactCreationDate,CM_Attributes,CM_ReplicationCount,CM_Header,CM_TextBlob,CM_SearchableText) VALUES (
803,
268440329,
0,
'00e0db497922e9f6',
#07/06/2006#,
#07/06/2006#,
4,
0,
'0400000010140044000000000000000000200040002e4000102e4000101400c40000000000000000001000c0002e4000102e4000101402800100000000000000001402800300000000000000001402400400000000000000001402c0040000000000000000140200050000000000000000140240050000000000000000',

'00000000',

'        8 0 5 1 4 6 6 7 5 3 0 8 2 6 7   2   X P L Z g p P N A l M Y C c v X N - T F Y n m m j ` W S f d w n   u d U S Q V V H c h F k w ] q E t b C w s K u t J ` W A a G g h   K V = y 1 9 k B i A s i T c O f   W f g H H K U I Y ] l a x e f B O u T _ I ` x R - Q B c d ^ g D   '
);

INSERT INTO identitytable (Parent_CMID,CM_FirstName,CM_LastName,CM_CompanyName,CM_Type,CM_Attributes,CM_HintField,CM_ExtHintField,CM_FirstNmPrn,CM_LastNmPrn,CM_CompanyNmPrn) VALUES (
803,
'Ann',
'Jollttongonnar',
NULL,
268440329,
4,
85,
0,
NULL,
NULL,
NULL
);

INSERT INTO emailtable (EMail_FieldID,EmailParent_CMID,EMailAddress) VALUES (
2,
803,
'Ann_Jollttongonnar@Ra.co.uk'
);

INSERT INTO phone (CM_Id,CM_PhoneMatching,CM_ExtendedPhoneMatching) VALUES (
803,
7628035,
76641508
);

INSERT INTO contacts (CM_Id,CM_Type,CM_PrefTemplateRefId,CM_UIDString,CM_Last_modified,CM_ContactCreationDate,CM_Attributes,CM_ReplicationCount,CM_Header,CM_TextBlob,CM_SearchableText) VALUES (
804,
268440329,
0,
'00e0db497923248e',
#07/06/2006#,
#07/06/2006#,
4,
0,
'0400000010140044000000000000000000200040002e4000102e4000101400c40000000000000000001000c0002e4000102e4000101402800100000000000000001402800300000000000000001402400400000000000000001402c0040000000000000000140200050000000000000000140240050000000000000000',

'00000000',

'        0 4 5 0 1 8 7 3 8 5 1 0 3 2 0   3   G n l C p w h l V G ^ b F D l J l I g W e W B j _ D U R y y g A   u Q W B q e Y G d F H [ Q B D E L f - S Q D s Q m k Q D t E U P   Z e J F f 2 Z 5 0 > ` A 1 ` 5 2   f j j [ t P i i v U U G q ] H L N l ` c e r j N X W Y i r G ^ r   '
);

INSERT INTO identitytable (Parent_CMID,CM_FirstName,CM_LastName,CM_CompanyName,CM_Type,CM_Attributes,CM_HintField,CM_ExtHintField,CM_FirstNmPrn,CM_LastNmPrn,CM_CompanyNmPrn) VALUES (
804,
'Krbellyams',
'Huss',
NULL,
268440329,
4,
85,
0,
NULL,
NULL,
NULL
);

INSERT INTO emailtable (EMail_FieldID,EmailParent_CMID,EMailAddress) VALUES (
3,
804,
'Krbellyams_Huss@Jaf.co.uk'
);

INSERT INTO phone (CM_Id,CM_PhoneMatching,CM_ExtendedPhoneMatching) VALUES (
804,
230158,
37810540
);

INSERT INTO contacts (CM_Id,CM_Type,CM_PrefTemplateRefId,CM_UIDString,CM_Last_modified,CM_ContactCreationDate,CM_Attributes,CM_ReplicationCount,CM_Header,CM_TextBlob,CM_SearchableText) VALUES (
805,
268440329,
0,
'00e0db4979234b9e',
#07/06/2006#,
#07/06/2006#,
4,
0,
'0400000010140044000000000000000000200040002e4000102e4000101400c40000000000000000001000c0002e4000102e4000101402800100000000000000001402800300000000000000001402400400000000000000001402c0040000000000000000140200050000000000000000140240050000000000000000',

'00000000',

'        0 5 2 0 3 3 4 4 2 6 8 0 7 5 8   4   N M o T X e j r r F b i r u s ^ S N g J h ^ g x l D U ] g y M e   j N T e y k x J i q u [ c W t P ^ h h y [ w W E m K O h w T G g   x s > 9 [ P g t D G F S I 7 m 6   d K n A I M f p b j d U B Y i g x Z b - M B _ Z W X e l o v i F   '
);

INSERT INTO identitytable (Parent_CMID,CM_FirstName,CM_LastName,CM_CompanyName,CM_Type,CM_Attributes,CM_HintField,CM_ExtHintField,CM_FirstNmPrn,CM_LastNmPrn,CM_CompanyNmPrn) VALUES (
805,
'Vlauretape',
'Ric',
NULL,
268440329,
4,
85,
0,
NULL,
NULL,
NULL
);

INSERT INTO emailtable (EMail_FieldID,EmailParent_CMID,EMailAddress) VALUES (
4,
805,
'Vlauretape_Ric@Jolllm.co.uk'
);

INSERT INTO phone (CM_Id,CM_PhoneMatching,CM_ExtendedPhoneMatching) VALUES (
805,
8570862,
44330250
);

INSERT INTO contacts (CM_Id,CM_Type,CM_PrefTemplateRefId,CM_UIDString,CM_Last_modified,CM_ContactCreationDate,CM_Attributes,CM_ReplicationCount,CM_Header,CM_TextBlob,CM_SearchableText) VALUES (
806,
268440329,
0,
'00e0db4979238636',
#07/06/2006#,
#07/06/2006#,
4,
0,
'0400000010140044000000000000000000200040002e4000102e4000101400c40000000000000000001000c0002e4000102e4000101402800100000000000000001402800300000000000000001402400400000000000000001402c0040000000000000000140200050000000000000000140240050000000000000000',

'00000000',

'        3 4 7 6 1 3 8 3 4 0 7 6 1 7 8   5   s p x b T g l c s s N A i F P e M D V k g s U V F U ^ L b R u y   t c j O N Y Z S P F x u b F - s N j Z t U e L x e g s Z l U b Z   a m E L 0 q 6 ^ ^ a C 3 _ G - :   u E R h U E O H n M v X P S W i a N C O w r C D Q P f r ] [ [ v   '
);

INSERT INTO identitytable (Parent_CMID,CM_FirstName,CM_LastName,CM_CompanyName,CM_Type,CM_Attributes,CM_HintField,CM_ExtHintField,CM_FirstNmPrn,CM_LastNmPrn,CM_CompanyNmPrn) VALUES (
806,
'Robes',
'Rul',
NULL,
268440329,
4,
85,
0,
NULL,
NULL,
NULL
);

INSERT INTO emailtable (EMail_FieldID,EmailParent_CMID,EMailAddress) VALUES (
5,
806,
'Robes_Rul@Alsllikie.co.uk'
);

INSERT INTO phone (CM_Id,CM_PhoneMatching,CM_ExtendedPhoneMatching) VALUES (
806,
8716704,
38316743
);

INSERT INTO contacts (CM_Id,CM_Type,CM_PrefTemplateRefId,CM_UIDString,CM_Last_modified,CM_ContactCreationDate,CM_Attributes,CM_ReplicationCount,CM_Header,CM_TextBlob,CM_SearchableText) VALUES (
807,
268440329,
0,
'00e0db497923ad46',
#07/06/2006#,
#07/06/2006#,
4,
0,
'0400000010140044000000000000000000200040002e4000102e4000101400c40000000000000000001000c0002e4000102e4000101402800100000000000000001402800300000000000000001402400400000000000000001402c0040000000000000000140200050000000000000000140240050000000000000000',

'00000000',

'        2 3 1 7 2 7 2 6 6 7 8 5 1 3 7   6   x R U ] ` T U x r D n B V u f M r v s D Y e y [ w u T K c S Q n   r l x A D M ^ h w l a - [ t T N H h x j W B a f P c Y ^ ] ` - D   9 h A ^ a m n 7 G n i L @ U k J   Q k ` d A P P k d X s d d F F f v _ U X i y _ V W d Y g r - K X   '
);

INSERT INTO identitytable (Parent_CMID,CM_FirstName,CM_LastName,CM_CompanyName,CM_Type,CM_Attributes,CM_HintField,CM_ExtHintField,CM_FirstNmPrn,CM_LastNmPrn,CM_CompanyNmPrn) VALUES (
807,
'Annan',
'Sowad',
NULL,
268440329,
4,
85,
0,
NULL,
NULL,
NULL
);

INSERT INTO emailtable (EMail_FieldID,EmailParent_CMID,EMailAddress) VALUES (
6,
807,
'Annan_Sowad@Wikensonnsttons.co.uk'
);

INSERT INTO phone (CM_Id,CM_PhoneMatching,CM_ExtendedPhoneMatching) VALUES (
807,
7315876,
62727132
);

INSERT INTO contacts (CM_Id,CM_Type,CM_PrefTemplateRefId,CM_UIDString,CM_Last_modified,CM_ContactCreationDate,CM_Attributes,CM_ReplicationCount,CM_Header,CM_TextBlob,CM_SearchableText) VALUES (
808,
268440329,
0,
'00e0db497923d456',
#07/06/2006#,
#07/06/2006#,
4,
0,
'0400000010140044000000000000000000200040002e4000102e4000101400c40000000000000000001000c0002e4000102e4000101402800100000000000000001402800300000000000000001402400400000000000000001402c0040000000000000000140200050000000000000000140240050000000000000000',

'00000000',

'        8 6 4 2 6 8 1 2 0 2 4 7 5 1 6   7   e ` d p B k m n H A P a Q - s m l B b _ ] j S w D T w y o o A W   i B ^ Z j i V M L P Z K A S W d T t U q o E A J P h J R r O K m   k - = e ] = O _ ` P n @ 4 s d S   N x J V E L ` f S q e ^ - S V h j a ] c D Z S L ^ k Z B _ ` X A   '
);

INSERT INTO identitytable (Parent_CMID,CM_FirstName,CM_LastName,CM_CompanyName,CM_Type,CM_Attributes,CM_HintField,CM_ExtHintField,CM_FirstNmPrn,CM_LastNmPrn,CM_CompanyNmPrn) VALUES (
808,
'Tictin',
'Maitcor',
NULL,
268440329,
4,
85,
0,
NULL,
NULL,
NULL
);

INSERT INTO emailtable (EMail_FieldID,EmailParent_CMID,EMailAddress) VALUES (
7,
808,
'Tictin_Maitcor@BandeltcNangalowr.co.uk'
);

INSERT INTO phone (CM_Id,CM_PhoneMatching,CM_ExtendedPhoneMatching) VALUES (
808,
6157420,
21862468
);

INSERT INTO contacts (CM_Id,CM_Type,CM_PrefTemplateRefId,CM_UIDString,CM_Last_modified,CM_ContactCreationDate,CM_Attributes,CM_ReplicationCount,CM_Header,CM_TextBlob,CM_SearchableText) VALUES (
809,
268440329,
0,
'00e0db4979240eee',
#07/06/2006#,
#07/06/2006#,
4,
0,
'0400000010140044000000000000000000200040002e4000102e4000101400c40000000000000000001000c0002e4000102e4000101402800100000000000000001402800300000000000000001402400400000000000000001402c0040000000000000000140200050000000000000000140240050000000000000000',

'00000000',

'        3 6 5 8 7 2 2 5 3 5 5 7 6 5 6   8   D l E k P H E U k C p M i c _ [ n u u d d a m - c c l N L w m j   T k W S e V d q b f C Y O l Q Y P y E e E i r a y G d F U A Q y   U v i O = Z A > I n 6 V Y m v w   R n J H q r k R C g M s Z b e e f M ^ v R X Q m K x E M N d G K   '
);

INSERT INTO identitytable (Parent_CMID,CM_FirstName,CM_LastName,CM_CompanyName,CM_Type,CM_Attributes,CM_HintField,CM_ExtHintField,CM_FirstNmPrn,CM_LastNmPrn,CM_CompanyNmPrn) VALUES (
809,
'Maph',
'Mitecaroondowan-Peverghanck',
NULL,
268440329,
4,
85,
0,
NULL,
NULL,
NULL
);

INSERT INTO emailtable (EMail_FieldID,EmailParent_CMID,EMailAddress) VALUES (
8,
809,
'Maph_Mitecaroondowan-Peverghanck@Kuie.co.uk'
);

INSERT INTO phone (CM_Id,CM_PhoneMatching,CM_ExtendedPhoneMatching) VALUES (
809,
6567553,
52278563
);

INSERT INTO contacts (CM_Id,CM_Type,CM_PrefTemplateRefId,CM_UIDString,CM_Last_modified,CM_ContactCreationDate,CM_Attributes,CM_ReplicationCount,CM_Header,CM_TextBlob,CM_SearchableText) VALUES (
810,
268440329,
0,
'00e0db49792435fe',
#07/06/2006#,
#07/06/2006#,
4,
0,
'0400000010140044000000000000000000200040002e4000102e4000101400c40000000000000000001000c0002e4000102e4000101402800100000000000000001402800300000000000000001402400400000000000000001402c0040000000000000000140200050000000000000000140240050000000000000000',

'00000000',

'        3 0 6 5 6 7 1 3 8 1 0 3 5 7 1   9   r V d b Y ^ c P X d v R s F c c L H F r P R O o a A B k b S R n   C j G n Y d - Z u s K i a c R t H l S F B o F P G f m R [ k K r   7 a v 9 ^ Z r P _ 8 k r w E e 6   a V m Q h t u l t H F O d Z l L L O S P n G g l ] y B n s O S V   '
);

INSERT INTO identitytable (Parent_CMID,CM_FirstName,CM_LastName,CM_CompanyName,CM_Type,CM_Attributes,CM_HintField,CM_ExtHintField,CM_FirstNmPrn,CM_LastNmPrn,CM_CompanyNmPrn) VALUES (
810,
'Nikoertttin',
'Kende',
NULL,
268440329,
4,
85,
0,
NULL,
NULL,
NULL
);

INSERT INTO emailtable (EMail_FieldID,EmailParent_CMID,EMailAddress) VALUES (
9,
810,
'Nikoertttin_Kende@O.co.uk'
);

INSERT INTO phone (CM_Id,CM_PhoneMatching,CM_ExtendedPhoneMatching) VALUES (
810,
1753018,
31765603
);

INSERT INTO contacts (CM_Id,CM_Type,CM_PrefTemplateRefId,CM_UIDString,CM_Last_modified,CM_ContactCreationDate,CM_Attributes,CM_ReplicationCount,CM_Header,CM_TextBlob,CM_SearchableText) VALUES (
811,
268440329,
0,
'00e0db4979245a9d',
#07/06/2006#,
#07/06/2006#,
4,
0,
'0400000010140044000000000000000000200040002e4000102e4000101400c40000000000000000001000c0002e4000102e4000101402800100000000000000001402800300000000000000001402400400000000000000001402c0040000000000000000140200050000000000000000140240050000000000000000',

'00000000',

'        0 3 4 3 3 8 4 6 3 2 5 1 3 2 0   1 0   j A V u W E K x x t ^ ` W - C t M X F k P v C G I w S Y Y _ e X   _ Y [ A g O F A ` y J Z - u i J k t [ g D B [ J g Y Z n t o B I   ] 8 x A v Q w : d H g p 4 ] 6 8   E E a d X V J v n D P - i K g G b A G H M h _ t T g j _ W n [ S   '
);

INSERT INTO identitytable (Parent_CMID,CM_FirstName,CM_LastName,CM_CompanyName,CM_Type,CM_Attributes,CM_HintField,CM_ExtHintField,CM_FirstNmPrn,CM_LastNmPrn,CM_CompanyNmPrn) VALUES (
811,
'Marde',
'Horernsongstsoumam',
NULL,
268440329,
4,
85,
0,
NULL,
NULL,
NULL
);

INSERT INTO emailtable (EMail_FieldID,EmailParent_CMID,EMailAddress) VALUES (
10,
811,
'Marde_Horernsongstsoumam@Jad.co.uk'
);

INSERT INTO phone (CM_Id,CM_PhoneMatching,CM_ExtendedPhoneMatching) VALUES (
811,
231523,
64833430
);

INSERT INTO contacts (CM_Id,CM_Type,CM_PrefTemplateRefId,CM_UIDString,CM_Last_modified,CM_ContactCreationDate,CM_Attributes,CM_ReplicationCount,CM_Header,CM_TextBlob,CM_SearchableText) VALUES (
812,
268440329,
0,
'00e0db49792481ad',
#07/06/2006#,
#07/06/2006#,
4,
0,
'0400000010140044000000000000000000200040002e4000102e4000101400c40000000000000000001000c0002e4000102e4000101402800100000000000000001402800300000000000000001402400400000000000000001402c0040000000000000000140200050000000000000000140240050000000000000000',

'00000000',

'        8 7 5 1 6 5 4 7 3 1 1 6 5 2 8   1 1   S G R A m b W j I m F K I E K Q R f u N P o j W I O l K M G p e   e O h - W - N [ e I G A s n y T E m f D m l y ^ d h m h B k L Q   5 w X o v ^ 9 < A 5 D T I T - L   ^ W K m O Z e h u S B ^ s p t [ h A H h e g V y O b n m c U b S   '
);

INSERT INTO identitytable (Parent_CMID,CM_FirstName,CM_LastName,CM_CompanyName,CM_Type,CM_Attributes,CM_HintField,CM_ExtHintField,CM_FirstNmPrn,CM_LastNmPrn,CM_CompanyNmPrn) VALUES (
812,
'Dendrin',
'Mintyffoosoynthilittar',
NULL,
268440329,
4,
85,
0,
NULL,
NULL,
NULL
);

INSERT INTO emailtable (EMail_FieldID,EmailParent_CMID,EMailAddress) VALUES (
11,
812,
'Dendrin_Mintyffoosoynthilittar@Kidessowamass.co.uk'
);

INSERT INTO phone (CM_Id,CM_PhoneMatching,CM_ExtendedPhoneMatching) VALUES (
812,
8256113,
74561578
);

INSERT INTO contacts (CM_Id,CM_Type,CM_PrefTemplateRefId,CM_UIDString,CM_Last_modified,CM_ContactCreationDate,CM_Attributes,CM_ReplicationCount,CM_Header,CM_TextBlob,CM_SearchableText) VALUES (
813,
268440329,
0,
'00e0db497924bc45',
#07/06/2006#,
#07/06/2006#,
4,
0,
'0400000010140044000000000000000000200040002e4000102e4000101400c40000000000000000001000c0002e4000102e4000101402800100000000000000001402800300000000000000001402400400000000000000001402c0040000000000000000140200050000000000000000140240050000000000000000',

'00000000',

'        3 3 7 8 0 8 2 0 7 4 4 1 8 5 7   1 2   F u C E J x ^ ] ^ K a ` v a E u J r X B c ^ e u t _ o G J I k d   X ] m V _ g s S Q X D G s Z F D U f i P b q g ] P o Y A w h a N   t j v s : h d m V H 2 v : H n <   K I S h F I K p _ N X Z Z ] N _ i ^ M a Q H R p M g c G M N B P   '
);

INSERT INTO identitytable (Parent_CMID,CM_FirstName,CM_LastName,CM_CompanyName,CM_Type,CM_Attributes,CM_HintField,CM_ExtHintField,CM_FirstNmPrn,CM_LastNmPrn,CM_CompanyNmPrn) VALUES (
813,
'Mam',
'Shrguronslarer',
NULL,
268440329,
4,
85,
0,
NULL,
NULL,
NULL
);

INSERT INTO emailtable (EMail_FieldID,EmailParent_CMID,EMailAddress) VALUES (
12,
813,
'Mam_Shrguronslarer@Folttigrsh.co.uk'
);

INSERT INTO phone (CM_Id,CM_PhoneMatching,CM_ExtendedPhoneMatching) VALUES (
813,
7581447,
2808733
);

INSERT INTO contacts (CM_Id,CM_Type,CM_PrefTemplateRefId,CM_UIDString,CM_Last_modified,CM_ContactCreationDate,CM_Attributes,CM_ReplicationCount,CM_Header,CM_TextBlob,CM_SearchableText) VALUES (
814,
268440329,
0,
'00e0db497924e355',
#07/06/2006#,
#07/06/2006#,
4,
0,
'0400000010140044000000000000000000200040002e4000102e4000101400c40000000000000000001000c0002e4000102e4000101402800100000000000000001402800300000000000000001402400400000000000000001402c0040000000000000000140200050000000000000000140240050000000000000000',

'00000000',

'        1 4 6 8 8 8 7 7 8 5 1 1 0 2 2   1 3   r u V R B r X l j I m M i O Q o r n t j g ^ p X B g t U W w x w   S n d e L g C u X ] q T V F U ` X t r U T T b Z g X Y c q w g Y   Z ^ y v e _ S 2 4 J E U 3 R K L   p o V M L r N n e l q s k j q m S O - f G r u s _ B K m M G T k   '
);

INSERT INTO identitytable (Parent_CMID,CM_FirstName,CM_LastName,CM_CompanyName,CM_Type,CM_Attributes,CM_HintField,CM_ExtHintField,CM_FirstNmPrn,CM_LastNmPrn,CM_CompanyNmPrn) VALUES (
814,
'Matt',
'De',
NULL,
268440329,
4,
85,
0,
NULL,
NULL,
NULL
);

INSERT INTO emailtable (EMail_FieldID,EmailParent_CMID,EMailAddress) VALUES (
13,
814,
'Matt_De@Kon Varvamppsthe.co.uk'
);

INSERT INTO phone (CM_Id,CM_PhoneMatching,CM_ExtendedPhoneMatching) VALUES (
814,
2201158,
77888641
);

INSERT INTO contacts (CM_Id,CM_Type,CM_PrefTemplateRefId,CM_UIDString,CM_Last_modified,CM_ContactCreationDate,CM_Attributes,CM_ReplicationCount,CM_Header,CM_TextBlob,CM_SearchableText) VALUES (
815,
268440329,
0,
'00e0db4979250a65',
#07/06/2006#,
#07/06/2006#,
4,
0,
'0400000010140044000000000000000000200040002e4000102e4000101400c40000000000000000001000c0002e4000102e4000101402800100000000000000001402800300000000000000001402400400000000000000001402c0040000000000000000140200050000000000000000140240050000000000000000',

'00000000',

'        1 1 2 1 8 6 1 0 0 5 6 0 3 8 0   1 4   M [ V U d U U O s _ l F m y N o q J y q s H I m F I i h g r F c   G [ V a o y W o s A p U p H c [ d S k R p T Z V T ` t _ v X N a   8 m 6 n ? Y : 3 M 3 V G ^ 4 6 f   Z n p Q o l v j G j l v k D w K y I i m y x o i X y W R p M L o   '
);

INSERT INTO identitytable (Parent_CMID,CM_FirstName,CM_LastName,CM_CompanyName,CM_Type,CM_Attributes,CM_HintField,CM_ExtHintField,CM_FirstNmPrn,CM_LastNmPrn,CM_CompanyNmPrn) VALUES (
815,
'An',
'Bayey',
NULL,
268440329,
4,
85,
0,
NULL,
NULL,
NULL
);

INSERT INTO emailtable (EMail_FieldID,EmailParent_CMID,EMailAddress) VALUES (
14,
815,
'An_Bayey@Us.co.uk'
);

INSERT INTO phone (CM_Id,CM_PhoneMatching,CM_ExtendedPhoneMatching) VALUES (
815,
830650,
1681211
);

INSERT INTO contacts (CM_Id,CM_Type,CM_PrefTemplateRefId,CM_UIDString,CM_Last_modified,CM_ContactCreationDate,CM_Attributes,CM_ReplicationCount,CM_Header,CM_TextBlob,CM_SearchableText) VALUES (
816,
268440329,
0,
'00e0db49792544fd',
#07/06/2006#,
#07/06/2006#,
4,
0,
'0400000010140044000000000000000000200040002e4000102e4000101400c40000000000000000001000c0002e4000102e4000101402800100000000000000001402800300000000000000001402400400000000000000001402c0040000000000000000140200050000000000000000140240050000000000000000',

'00000000',

'        2 1 2 1 4 0 3 3 3 1 4 4 0 5 2   1 5   W V Y f d m X k R ] M v P U _ J G [ q k ` f E _ b T o M G O o s   C r h F u K J I W k Y S T i B U D E V L Z y w - G [ T X Q d i Z   n t e r O C W g 7 C S a _ J ^ i   m a ^ L X H ` c C j a v y l _ v l I C M Y l P l [ R i M M D b D   '
);

INSERT INTO identitytable (Parent_CMID,CM_FirstName,CM_LastName,CM_CompanyName,CM_Type,CM_Attributes,CM_HintField,CM_ExtHintField,CM_FirstNmPrn,CM_LastNmPrn,CM_CompanyNmPrn) VALUES (
816,
'Kavathann',
'Vr',
NULL,
268440329,
4,
85,
0,
NULL,
NULL,
NULL
);

INSERT INTO emailtable (EMail_FieldID,EmailParent_CMID,EMailAddress) VALUES (
15,
816,
'Kavathann_Vr@Ja.co.uk'
);

INSERT INTO phone (CM_Id,CM_PhoneMatching,CM_ExtendedPhoneMatching) VALUES (
816,
2504413,
33041212
);

INSERT INTO contacts (CM_Id,CM_Type,CM_PrefTemplateRefId,CM_UIDString,CM_Last_modified,CM_ContactCreationDate,CM_Attributes,CM_ReplicationCount,CM_Header,CM_TextBlob,CM_SearchableText) VALUES (
817,
268440329,
0,
'00e0db497925e13d',
#07/06/2006#,
#07/06/2006#,
4,
0,
'0400000010140044000000000000000000200040002e4000102e4000101400c40000000000000000001000c0002e4000102e4000101402800100000000000000001402800300000000000000001402400400000000000000001402c0040000000000000000140200050000000000000000140240050000000000000000',

'00000000',

'        0 6 1 7 4 0 0 5 8 4 2 1 4 6 4   1 6   n E N q i Y E h i V q - Y H x O S i g K Z w R W t ] a C Y x W a   E x _ ^ N _ h _ Q g R q u q ^ V Y K X m a R l C x m I J o B [ i   t M x _ E ` = L V D t B @ Y 1 <   g b f p j g M p Z x I k D l x u R v I m T Z u S Y i C X i h - -   '
);

INSERT INTO identitytable (Parent_CMID,CM_FirstName,CM_LastName,CM_CompanyName,CM_Type,CM_Attributes,CM_HintField,CM_ExtHintField,CM_FirstNmPrn,CM_LastNmPrn,CM_CompanyNmPrn) VALUES (
817,
'Vieorietish',
'Manglopet',
NULL,
268440329,
4,
85,
0,
NULL,
NULL,
NULL
);

INSERT INTO emailtable (EMail_FieldID,EmailParent_CMID,EMailAddress) VALUES (
16,
817,
'Vieorietish_Manglopet@Baugh.co.uk'
);

INSERT INTO phone (CM_Id,CM_PhoneMatching,CM_ExtendedPhoneMatching) VALUES (
817,
4641248,
50047160
);

INSERT INTO contacts (CM_Id,CM_Type,CM_PrefTemplateRefId,CM_UIDString,CM_Last_modified,CM_ContactCreationDate,CM_Attributes,CM_ReplicationCount,CM_Header,CM_TextBlob,CM_SearchableText) VALUES (
818,
268440329,
0,
'00e0db4979261bd5',
#07/06/2006#,
#07/06/2006#,
4,
0,
'0400000010140044000000000000000000200040002e4000102e4000101400c40000000000000000001000c0002e4000102e4000101402800100000000000000001402800300000000000000001402400400000000000000001402c0040000000000000000140200050000000000000000140240050000000000000000',

'00000000',

'        1 3 6 5 6 2 2 2 0 5 4 5 8 7 5   1 7   d O F ` V H Q D f x x j u Q t I t H n X y ^ q K d J H D ` x - Q   u X C s x U g T ` a B u S b b w f S L u i n i H K ` u F l a F e   Q d N @ ] 2 @ j O T 4 Y ; U F B   K I V p [ d A Q p [ B g v C y ^ b P l U c H ` q s V q R l w i c   '
);

INSERT INTO identitytable (Parent_CMID,CM_FirstName,CM_LastName,CM_CompanyName,CM_Type,CM_Attributes,CM_HintField,CM_ExtHintField,CM_FirstNmPrn,CM_LastNmPrn,CM_CompanyNmPrn) VALUES (
818,
'Matia',
'Ansobillonssssodbetarkl',
NULL,
268440329,
4,
85,
0,
NULL,
NULL,
NULL
);

INSERT INTO emailtable (EMail_FieldID,EmailParent_CMID,EMailAddress) VALUES (
17,
818,
'Matia_Ansobillonssssodbetarkl@JalocAlus.co.uk'
);

INSERT INTO phone (CM_Id,CM_PhoneMatching,CM_ExtendedPhoneMatching) VALUES (
818,
5785450,
22265631
);

INSERT INTO contacts (CM_Id,CM_Type,CM_PrefTemplateRefId,CM_UIDString,CM_Last_modified,CM_ContactCreationDate,CM_Attributes,CM_ReplicationCount,CM_Header,CM_TextBlob,CM_SearchableText) VALUES (
819,
268440329,
0,
'00e0db497926566d',
#07/06/2006#,
#07/06/2006#,
4,
0,
'0400000010140044000000000000000000200040002e4000102e4000101400c40000000000000000001000c0002e4000102e4000101402800100000000000000001402800300000000000000001402400400000000000000001402c0040000000000000000140200050000000000000000140240050000000000000000',

'00000000',

'        2 8 5 2 8 7 6 8 3 7 8 5 5 0 6   1 8   p k m S ] e ] a K o M k r u F Y L q E ] L D ] C W J d E R I P q   U S D i g U n S O q G G o l V s S d t l P E B R M f f _ W A D t   1 U 2 y X R w U w S L h F Y @ D   q f I c M P H ` c E R Z N D k - F U B O c J r j g s b e F n [ [   '
);

INSERT INTO identitytable (Parent_CMID,CM_FirstName,CM_LastName,CM_CompanyName,CM_Type,CM_Attributes,CM_HintField,CM_ExtHintField,CM_FirstNmPrn,CM_LastNmPrn,CM_CompanyNmPrn) VALUES (
819,
'Ke',
'Wi',
NULL,
268440329,
4,
85,
0,
NULL,
NULL,
NULL
);

INSERT INTO emailtable (EMail_FieldID,EmailParent_CMID,EMailAddress) VALUES (
18,
819,
'Ke_Wi@Sonet.co.uk'
);

INSERT INTO phone (CM_Id,CM_PhoneMatching,CM_ExtendedPhoneMatching) VALUES (
819,
6055873,
86782582
);

INSERT INTO contacts (CM_Id,CM_Type,CM_PrefTemplateRefId,CM_UIDString,CM_Last_modified,CM_ContactCreationDate,CM_Attributes,CM_ReplicationCount,CM_Header,CM_TextBlob,CM_SearchableText) VALUES (
820,
268440329,
0,
'00e0db497926e196',
#07/06/2006#,
#07/06/2006#,
4,
0,
'0400000010140044000000000000000000200040002e4000102e4000101400c40000000000000000001000c0002e4000102e4000101402800100000000000000001402800300000000000000001402400400000000000000001402c0040000000000000000140200050000000000000000140240050000000000000000',

'00000000',

'        8 4 6 7 6 0 6 5 4 6 3 3 0 6 4   1 9   p l Q n h s Z ^ N Q m P P [ H ` D C B K ] ] E h h j C m l Z g _   s W Y ^ d G T b P k B Q h ` a Q D ^ M C i V u y Q V G y Z t P [   j Z ? > Z H 6 6 d O Y u P O S Z   M W [ O V D D ] Y N A a M V e A D t T g a I l o X c ^ R A ^ J h   '
);

INSERT INTO identitytable (Parent_CMID,CM_FirstName,CM_LastName,CM_CompanyName,CM_Type,CM_Attributes,CM_HintField,CM_ExtHintField,CM_FirstNmPrn,CM_LastNmPrn,CM_CompanyNmPrn) VALUES (
820,
'Sumothe',
'Tunibupmbbers-',
NULL,
268440329,
4,
85,
0,
NULL,
NULL,
NULL
);

INSERT INTO emailtable (EMail_FieldID,EmailParent_CMID,EMailAddress) VALUES (
19,
820,
'Sumothe_Tunibupmbbers-@Mampel.co.uk'
);

INSERT INTO phone (CM_Id,CM_PhoneMatching,CM_ExtendedPhoneMatching) VALUES (
820,
4603364,
56067648
);

INSERT INTO contacts (CM_Id,CM_Type,CM_PrefTemplateRefId,CM_UIDString,CM_Last_modified,CM_ContactCreationDate,CM_Attributes,CM_ReplicationCount,CM_Header,CM_TextBlob,CM_SearchableText) VALUES (
821,
268440329,
0,
'00e0db49792708a6',
#07/06/2006#,
#07/06/2006#,
4,
0,
'0400000010140044000000000000000000200040002e4000102e4000101400c40000000000000000001000c0002e4000102e4000101402800100000000000000001402800300000000000000001402400400000000000000001402c0040000000000000000140200050000000000000000140240050000000000000000',

'00000000',

'        3 5 5 3 3 0 5 0 3 0 6 7 7 6 6   2 0   P D k o C R p c i p F K N V F d - Y ` P P [ w M N g B ^ P t v k   l S E N p A c D R p K c a w E Y x k r q k W a G L _ v a F [ D J   > - < 8 ? _ 5 x 8 e _ N a r P L   C t U k K d K _ Q ` m y j F S I X S J r U ] A e W E e _ W _ a q   '
);

INSERT INTO identitytable (Parent_CMID,CM_FirstName,CM_LastName,CM_CompanyName,CM_Type,CM_Attributes,CM_HintField,CM_ExtHintField,CM_FirstNmPrn,CM_LastNmPrn,CM_CompanyNmPrn) VALUES (
821,
'Anrdon',
'Sutsewaley',
NULL,
268440329,
4,
85,
0,
NULL,
NULL,
NULL
);

INSERT INTO emailtable (EMail_FieldID,EmailParent_CMID,EMailAddress) VALUES (
20,
821,
'Anrdon_Sutsewaley@Syc.co.uk'
);

INSERT INTO phone (CM_Id,CM_PhoneMatching,CM_ExtendedPhoneMatching) VALUES (
821,
6677603,
5033553
);

INSERT INTO contacts (CM_Id,CM_Type,CM_PrefTemplateRefId,CM_UIDString,CM_Last_modified,CM_ContactCreationDate,CM_Attributes,CM_ReplicationCount,CM_Header,CM_TextBlob,CM_SearchableText) VALUES (
822,
268440329,
0,
'00e0db497927433e',
#07/06/2006#,
#07/06/2006#,
4,
0,
'0400000010140044000000000000000000200040002e4000102e4000101400c40000000000000000001000c0002e4000102e4000101402800100000000000000001402800300000000000000001402400400000000000000001402c0040000000000000000140200050000000000000000140240050000000000000000',

'00000000',

'        0 0 6 7 8 6 7 0 7 5 2 1 1 8 5   2 1   _ Z l D m V s h r o o x v ] p i e P _ o W v t n e I - m Y A X g   K b j _ i H Y w C - a l Z S s m y C V ^ j i T q x D Q o b K I g   m T G E C D h t a r a f [ l J :   A l d C C g S V h u l - w d - p Z V _ - v N s W n S P y ^ V J q   '
);

INSERT INTO identitytable (Parent_CMID,CM_FirstName,CM_LastName,CM_CompanyName,CM_Type,CM_Attributes,CM_HintField,CM_ExtHintField,CM_FirstNmPrn,CM_LastNmPrn,CM_CompanyNmPrn) VALUES (
822,
'Hasamms',
'Hudykimaine',
NULL,
268440329,
4,
85,
0,
NULL,
NULL,
NULL
);

INSERT INTO emailtable (EMail_FieldID,EmailParent_CMID,EMailAddress) VALUES (
21,
822,
'Hasamms_Hudykimaine@Gingharu.co.uk'
);

INSERT INTO phone (CM_Id,CM_PhoneMatching,CM_ExtendedPhoneMatching) VALUES (
822,
5811257,
7687600
);

INSERT INTO contacts (CM_Id,CM_Type,CM_PrefTemplateRefId,CM_UIDString,CM_Last_modified,CM_ContactCreationDate,CM_Attributes,CM_ReplicationCount,CM_Header,CM_TextBlob,CM_SearchableText) VALUES (
823,
268440329,
0,
'00e0db49792756c6',
#07/06/2006#,
#07/06/2006#,
4,
0,
'0400000010140044000000000000000000200040002e4000102e4000101400c40000000000000000001000c0002e4000102e4000101402800100000000000000001402800300000000000000001402400400000000000000001402c0040000000000000000140200050000000000000000140240050000000000000000',

'00000000',

'        7 2 7 6 0 8 6 8 3 0 5 7 2 5 4   2 2   L Q C D w ^ W I D _ w h q Z c k K O X F o r q F p W ` w N S J Z   k a H l V q c p w Y P V ` r h G i s n J ] L E M h G C C Y O t D   l k Y G d a 9 s O j o T o t o @   A W l f b U g g K a C Q _ ] l x Q M e c q s e K [ k Z s a k q k   '
);

INSERT INTO identitytable (Parent_CMID,CM_FirstName,CM_LastName,CM_CompanyName,CM_Type,CM_Attributes,CM_HintField,CM_ExtHintField,CM_FirstNmPrn,CM_LastNmPrn,CM_CompanyNmPrn) VALUES (
823,
'Dasame',
'Tuc',
NULL,
268440329,
4,
85,
0,
NULL,
NULL,
NULL
);

INSERT INTO emailtable (EMail_FieldID,EmailParent_CMID,EMailAddress) VALUES (
22,
823,
'Dasame_Tuc@Asths.co.uk'
);

INSERT INTO phone (CM_Id,CM_PhoneMatching,CM_ExtendedPhoneMatching) VALUES (
823,
4527503,
86806727
);

INSERT INTO contacts (CM_Id,CM_Type,CM_PrefTemplateRefId,CM_UIDString,CM_Last_modified,CM_ContactCreationDate,CM_Attributes,CM_ReplicationCount,CM_Header,CM_TextBlob,CM_SearchableText) VALUES (
824,
268440329,
0,
'00e0db497927915e',
#07/06/2006#,
#07/06/2006#,
4,
0,
'0400000010140044000000000000000000200040002e4000102e4000101400c40000000000000000001000c0002e4000102e4000101402800100000000000000001402800300000000000000001402400400000000000000001402c0040000000000000000140200050000000000000000140240050000000000000000',

'00000000',

'        8 3 5 6 6 7 1 5 0 0 6 1 2 3 0   2 3   y a v k V f k _ o H Q w l W q [ W T b N y A C R B _ Q J i P c j   u k b N H d f x r r C m e Y h V S s ` [ Z ^ D N e I H S R X F i   d _ T 8 i p s S H P L ` u U Z s   g X W b m m U X i t C - Q v Z Y F I g Z R j j Q L Z B r b P T H   '
);

INSERT INTO identitytable (Parent_CMID,CM_FirstName,CM_LastName,CM_CompanyName,CM_Type,CM_Attributes,CM_HintField,CM_ExtHintField,CM_FirstNmPrn,CM_LastNmPrn,CM_CompanyNmPrn) VALUES (
824,
'Vi',
'Berk',
NULL,
268440329,
4,
85,
0,
NULL,
NULL,
NULL
);

INSERT INTO emailtable (EMail_FieldID,EmailParent_CMID,EMailAddress) VALUES (
23,
824,
'Vi_Berk@O.co.uk'
);

INSERT INTO phone (CM_Id,CM_PhoneMatching,CM_ExtendedPhoneMatching) VALUES (
824,
321600,
51766538
);

INSERT INTO contacts (CM_Id,CM_Type,CM_PrefTemplateRefId,CM_UIDString,CM_Last_modified,CM_ContactCreationDate,CM_Attributes,CM_ReplicationCount,CM_Header,CM_TextBlob,CM_SearchableText) VALUES (
825,
268440329,
0,
'00e0db497927b86e',
#07/06/2006#,
#07/06/2006#,
4,
0,
'0400000010140044000000000000000000200040002e4000102e4000101400c40000000000000000001000c0002e4000102e4000101402800100000000000000001402800300000000000000001402400400000000000000001402c0040000000000000000140200050000000000000000140240050000000000000000',

'00000000',

'        6 4 7 7 7 6 6 1 7 2 5 6 4 3 5   2 4   N ] ] Q Q e - U U Y E Q y o I E Z - T N j G N P a m x H P q a i   i a S I t k i y M v d I B v ` r ] J D a Z ` U r k _ W v N H l O   Z A e = l 5 o D E T S y o b 6 J   H k w Z I k p P F k ^ o p N t o [ Y M k _ - F d E T Q T V K O i   '
);

INSERT INTO identitytable (Parent_CMID,CM_FirstName,CM_LastName,CM_CompanyName,CM_Type,CM_Attributes,CM_HintField,CM_ExtHintField,CM_FirstNmPrn,CM_LastNmPrn,CM_CompanyNmPrn) VALUES (
825,
'Ja',
'Sey',
NULL,
268440329,
4,
85,
0,
NULL,
NULL,
NULL
);

INSERT INTO emailtable (EMail_FieldID,EmailParent_CMID,EMailAddress) VALUES (
24,
825,
'Ja_Sey@Rirer.co.uk'
);

INSERT INTO phone (CM_Id,CM_PhoneMatching,CM_ExtendedPhoneMatching) VALUES (
825,
5346527,
16677746
);

INSERT INTO contacts (CM_Id,CM_Type,CM_PrefTemplateRefId,CM_UIDString,CM_Last_modified,CM_ContactCreationDate,CM_Attributes,CM_ReplicationCount,CM_Header,CM_TextBlob,CM_SearchableText) VALUES (
826,
268440329,
0,
'00e0db497927df7e',
#07/06/2006#,
#07/06/2006#,
4,
0,
'0400000010140044000000000000000000200040002e4000102e4000101400c40000000000000000001000c0002e4000102e4000101402800100000000000000001402800300000000000000001402400400000000000000001402c0040000000000000000140200050000000000000000140240050000000000000000',

'00000000',

'        3 0 0 5 3 7 1 4 8 6 8 2 8 4 4   2 5   ^ c n V r i u B a j ` ] L A Q E j e D S b v a g W a W - m A w Z   j w Z A L V ` l Q C d e P [ L w x - l v m b Y v N t W R X U Z W   i ; i d D Y = q 7 k 1 6 h F l x   - ` C d h P v P c T N Q G F b B f Y Z S E b G q _ S Z A i k J j   '
);

INSERT INTO identitytable (Parent_CMID,CM_FirstName,CM_LastName,CM_CompanyName,CM_Type,CM_Attributes,CM_HintField,CM_ExtHintField,CM_FirstNmPrn,CM_LastNmPrn,CM_CompanyNmPrn) VALUES (
826,
'Ares',
'Mowatoksocoranensk',
NULL,
268440329,
4,
85,
0,
NULL,
NULL,
NULL
);

INSERT INTO emailtable (EMail_FieldID,EmailParent_CMID,EMailAddress) VALUES (
25,
826,
'Ares_Mowatoksocoranensk@Rermellaghontzutarstarssong.co.uk'
);

INSERT INTO phone (CM_Id,CM_PhoneMatching,CM_ExtendedPhoneMatching) VALUES (
826,
4482868,
41735003
);

INSERT INTO contacts (CM_Id,CM_Type,CM_PrefTemplateRefId,CM_UIDString,CM_Last_modified,CM_ContactCreationDate,CM_Attributes,CM_ReplicationCount,CM_Header,CM_TextBlob,CM_SearchableText) VALUES (
827,
268440329,
0,
'00e0db497928068e',
#07/06/2006#,
#07/06/2006#,
4,
0,
'0400000010140044000000000000000000200040002e4000102e4000101400c40000000000000000001000c0002e4000102e4000101402800100000000000000001402800300000000000000001402400400000000000000001402c0040000000000000000140200050000000000000000140240050000000000000000',

'00000000',

'        6 3 4 1 0 0 7 5 2 8 6 4 8 5 7   2 6   V o r ^ Y L X t f q v Y _ q X v L s I T F [ X k r ^ b m Z o D v   ` a H G l C X t E f V F j u m d U O ` r h F v t s e s y d A V u   c 0 t R V C 9 2 - j x f B ? 6 Q   X w w q L D [ H W Q [ m D g B N X [ - n D i s j o h v P T F T S   '
);

INSERT INTO identitytable (Parent_CMID,CM_FirstName,CM_LastName,CM_CompanyName,CM_Type,CM_Attributes,CM_HintField,CM_ExtHintField,CM_FirstNmPrn,CM_LastNmPrn,CM_CompanyNmPrn) VALUES (
827,
'Jeen',
'Butarollasondhurf',
NULL,
268440329,
4,
85,
0,
NULL,
NULL,
NULL
);

INSERT INTO emailtable (EMail_FieldID,EmailParent_CMID,EMailAddress) VALUES (
26,
827,
'Jeen_Butarollasondhurf@Ekiviliends.co.uk'
);

INSERT INTO phone (CM_Id,CM_PhoneMatching,CM_ExtendedPhoneMatching) VALUES (
827,
7584682,
57001436
);

INSERT INTO contacts (CM_Id,CM_Type,CM_PrefTemplateRefId,CM_UIDString,CM_Last_modified,CM_ContactCreationDate,CM_Attributes,CM_ReplicationCount,CM_Header,CM_TextBlob,CM_SearchableText) VALUES (
828,
268440329,
0,
'00e0db4979282d9e',
#07/06/2006#,
#07/06/2006#,
4,
0,
'0400000010140044000000000000000000200040002e4000102e4000101400c40000000000000000001000c0002e4000102e4000101402800100000000000000001402800300000000000000001402400400000000000000001402c0040000000000000000140200050000000000000000140240050000000000000000',

'00000000',

'        8 5 8 7 2 1 1 0 3 5 8 2 3 7 3   2 7   H W O L L L G D t E V M H q j p c M M q q _ I h Y b H m a K I G   o y i w ] q ] M S G v B M m n h C I ] e e k b f L ] s Q B u X q   X M F m [ n ] ; w K R X @ Z ] J   L o b T o u p Q w o [ q j f x i w i I i A O r v S v S Y - Y - [   '
);

INSERT INTO identitytable (Parent_CMID,CM_FirstName,CM_LastName,CM_CompanyName,CM_Type,CM_Attributes,CM_HintField,CM_ExtHintField,CM_FirstNmPrn,CM_LastNmPrn,CM_CompanyNmPrn) VALUES (
828,
'Jalierma',
'Gutiderk',
NULL,
268440329,
4,
85,
0,
NULL,
NULL,
NULL
);

INSERT INTO emailtable (EMail_FieldID,EmailParent_CMID,EMailAddress) VALUES (
27,
828,
'Jalierma_Gutiderk@S.co.uk'
);

INSERT INTO phone (CM_Id,CM_PhoneMatching,CM_ExtendedPhoneMatching) VALUES (
828,
3732853,
1127858
);

INSERT INTO contacts (CM_Id,CM_Type,CM_PrefTemplateRefId,CM_UIDString,CM_Last_modified,CM_ContactCreationDate,CM_Attributes,CM_ReplicationCount,CM_Header,CM_TextBlob,CM_SearchableText) VALUES (
829,
268440329,
0,
'00e0db4979288f46',
#07/06/2006#,
#07/06/2006#,
4,
0,
'0400000010140044000000000000000000200040002e4000102e4000101400c40000000000000000001000c0002e4000102e4000101402800100000000000000001402800300000000000000001402400400000000000000001402c0040000000000000000140200050000000000000000140240050000000000000000',

'00000000',

'        1 7 6 4 2 3 7 8 7 8 0 2 2 3 0   2 8   O X _ ` _ T u m l V d N S D H O t C o j [ H b T a G u W Q l a F   K c - e a T p d X c t ^ o N E u B E u t j a S T D W K y f E m U   F S > 4 a X ; ` ` T 4 ? D K ^ b   B I [ Q Q c k R ` X Y K b D u p Y D v F v X V a C X g D p Q L q   '
);

INSERT INTO identitytable (Parent_CMID,CM_FirstName,CM_LastName,CM_CompanyName,CM_Type,CM_Attributes,CM_HintField,CM_ExtHintField,CM_FirstNmPrn,CM_LastNmPrn,CM_CompanyNmPrn) VALUES (
829,
'Ransan',
'Mourg',
NULL,
268440329,
4,
85,
0,
NULL,
NULL,
NULL
);

INSERT INTO emailtable (EMail_FieldID,EmailParent_CMID,EMailAddress) VALUES (
28,
829,
'Ransan_Mourg@Balobs.co.uk'
);

INSERT INTO phone (CM_Id,CM_PhoneMatching,CM_ExtendedPhoneMatching) VALUES (
829,
322087,
87324671
);

INSERT INTO contacts (CM_Id,CM_Type,CM_PrefTemplateRefId,CM_UIDString,CM_Last_modified,CM_ContactCreationDate,CM_Attributes,CM_ReplicationCount,CM_Header,CM_TextBlob,CM_SearchableText) VALUES (
830,
268440329,
0,
'00e0db497928b656',
#07/06/2006#,
#07/06/2006#,
4,
0,
'0400000010140044000000000000000000200040002e4000102e4000101400c40000000000000000001000c0002e4000102e4000101402800100000000000000001402800300000000000000001402400400000000000000001402c0040000000000000000140200050000000000000000140240050000000000000000',

'00000000',

'        8 0 7 8 1 6 5 7 6 5 0 2 8 5 0   2 9   V I A K Z P b l o j I T B _ h c ` A T F Y K a g C ] Q L p v L R   d g w x l q k k x a g O o Z b l l - f Z G b w r t m ^ s x h ^ v   n 8 J g 7 w F D e A : u ` S q -   I Y ^ o J r ^ I Y o _ i V W C - x w H F o x w j m Z K q V _ C e   '
);

INSERT INTO identitytable (Parent_CMID,CM_FirstName,CM_LastName,CM_CompanyName,CM_Type,CM_Attributes,CM_HintField,CM_ExtHintField,CM_FirstNmPrn,CM_LastNmPrn,CM_CompanyNmPrn) VALUES (
830,
'Philix',
'Rueyl',
NULL,
268440329,
4,
85,
0,
NULL,
NULL,
NULL
);

INSERT INTO emailtable (EMail_FieldID,EmailParent_CMID,EMailAddress) VALUES (
29,
830,
'Philix_Rueyl@Jo.co.uk'
);

INSERT INTO phone (CM_Id,CM_PhoneMatching,CM_ExtendedPhoneMatching) VALUES (
830,
582056,
75618708
);

INSERT INTO contacts (CM_Id,CM_Type,CM_PrefTemplateRefId,CM_UIDString,CM_Last_modified,CM_ContactCreationDate,CM_Attributes,CM_ReplicationCount,CM_Header,CM_TextBlob,CM_SearchableText) VALUES (
831,
268440329,
0,
'00e0db497928e248',
#07/06/2006#,
#07/06/2006#,
4,
0,
'0400000010140044000000000000000000200040002e4000102e4000101400c40000000000000000001000c0002e4000102e4000101402800100000000000000001402800300000000000000001402400400000000000000001402c0040000000000000000140200050000000000000000140240050000000000000000',

'00000000',

'        7 4 8 1 2 8 0 8 4 2 8 8 5 0 5   3 0   W l ] H y b m ^ M D M m O X Z P j i K P [ y N N k b ^ R [ ] q M   i Z i C K P [ L X m p J K G c G I l B [ Q H q Z P b g r e I J p   > r N _ v P U U 1 e - O G o u U   B x V ] l t [ F s y a y w V Z h Y D h j W L v M g R ` r v T D R   '
);

INSERT INTO identitytable (Parent_CMID,CM_FirstName,CM_LastName,CM_CompanyName,CM_Type,CM_Attributes,CM_HintField,CM_ExtHintField,CM_FirstNmPrn,CM_LastNmPrn,CM_CompanyNmPrn) VALUES (
831,
'Je',
'Dano',
NULL,
268440329,
4,
85,
0,
NULL,
NULL,
NULL
);

INSERT INTO emailtable (EMail_FieldID,EmailParent_CMID,EMailAddress) VALUES (
30,
831,
'Je_Dano@Svidaney.co.uk'
);

INSERT INTO phone (CM_Id,CM_PhoneMatching,CM_ExtendedPhoneMatching) VALUES (
831,
5058824,
80821847
);


INSERT INTO contacts (CM_Id,CM_Type,CM_PrefTemplateRefId,CM_UIDString,CM_Last_modified,CM_ContactCreationDate,CM_Attributes,CM_ReplicationCount,CM_Header,CM_TextBlob,CM_SearchableText) VALUES (
832,
268440329,
0,
'00e0db4979297e88',
#07/06/2006#,
#07/06/2006#,
4,
0,
'0400000010140044000000000000000000200040002e4000102e4000101400c40000000000000000001000c0002e4000102e4000101402800100000000000000001402800300000000000000001402400400000000000000001402c0040000000000000000140200050000000000000000140240050000000000000000',

'00000000',

'        1 6 3 0 4 4 7 4 8 3 8 3 8 2 0   3 1   O G f q S v R F O M G e P B a Z ` O E r g n v U H T C e r M c t   R r N Y T S h p w M C A R e r I ` c R s x H q S Q - ^ V E d L l   Z c o > 1 g a l R @ C - ; 8 B Y   B s n x B r Y O P l r s F p [ A I f d F ` ] L g E s o L x P u T   '
);

INSERT INTO identitytable (Parent_CMID,CM_FirstName,CM_LastName,CM_CompanyName,CM_Type,CM_Attributes,CM_HintField,CM_ExtHintField,CM_FirstNmPrn,CM_LastNmPrn,CM_CompanyNmPrn) VALUES (
832,
'Jew',
'Busty',
NULL,
268440329,
4,
85,
0,
NULL,
NULL,
NULL
);

INSERT INTO emailtable (EMail_FieldID,EmailParent_CMID,EMailAddress) VALUES (
31,
832,
'Jew_Busty@Jomilirgate.co.uk'
);

INSERT INTO phone (CM_Id,CM_PhoneMatching,CM_ExtendedPhoneMatching) VALUES (
832,
283838,
47440361
);

INSERT INTO contacts (CM_Id,CM_Type,CM_PrefTemplateRefId,CM_UIDString,CM_Last_modified,CM_ContactCreationDate,CM_Attributes,CM_ReplicationCount,CM_Header,CM_TextBlob,CM_SearchableText) VALUES (
833,
268440329,
0,
'00e0db497929a598',
#07/06/2006#,
#07/06/2006#,
4,
0,
'0400000010140044000000000000000000200040002e4000102e4000101400c40000000000000000001000c0002e4000102e4000101402800100000000000000001402800300000000000000001402400400000000000000001402c0040000000000000000140200050000000000000000140240050000000000000000',

'00000000',

'        2 0 4 8 2 1 6 7 4 7 2 0 6 8 8   3 2   s ` J q f t I W o M ] h F q ^ ] J h Z [ L i y k a ` x i g Q P `   H l a f R Z S R c x r i m x _ A c O C y r o v U i q u C W Z s i   E x 3 h 3 _ L K Z a T D Y 2 ? Q   s h c u c [ f l D w A J q Y ^ O - m y H F F R U O i H w o b Q w   '
);

INSERT INTO identitytable (Parent_CMID,CM_FirstName,CM_LastName,CM_CompanyName,CM_Type,CM_Attributes,CM_HintField,CM_ExtHintField,CM_FirstNmPrn,CM_LastNmPrn,CM_CompanyNmPrn) VALUES (
833,
'Frk',
'Jendenanstes',
NULL,
268440329,
4,
85,
0,
NULL,
NULL,
NULL
);

INSERT INTO emailtable (EMail_FieldID,EmailParent_CMID,EMailAddress) VALUES (
32,
833,
'Frk_Jendenanstes@Mch.co.uk'
);

INSERT INTO phone (CM_Id,CM_PhoneMatching,CM_ExtendedPhoneMatching) VALUES (
833,
8860274,
76128402
);

INSERT INTO contacts (CM_Id,CM_Type,CM_PrefTemplateRefId,CM_UIDString,CM_Last_modified,CM_ContactCreationDate,CM_Attributes,CM_ReplicationCount,CM_Header,CM_TextBlob,CM_SearchableText) VALUES (
834,
268440329,
0,
'00e0db497929cca8',
#07/06/2006#,
#07/06/2006#,
4,
0,
'0400000010140044000000000000000000200040002e4000102e4000101400c40000000000000000001000c0002e4000102e4000101402800100000000000000001402800300000000000000001402400400000000000000001402c0040000000000000000140200050000000000000000140240050000000000000000',

'00000000',

'        3 1 0 0 3 3 0 6 8 7 0 0 8 2 6   3 3   G s ^ E Y L D b G g c W g t K t k y x o Y e I I h A k _ c p Z b   U _ X v k ^ ] H Y ] x T j q s k Q N w h _ e ` N j A e i l W ] o   7 0 a ? ^ 8 ] Z b T C < 6 P 6 s   [ M N V V x - t w N t ^ S d s W U y y P P U J H l W N ` b H J p   '
);

INSERT INTO identitytable (Parent_CMID,CM_FirstName,CM_LastName,CM_CompanyName,CM_Type,CM_Attributes,CM_HintField,CM_ExtHintField,CM_FirstNmPrn,CM_LastNmPrn,CM_CompanyNmPrn) VALUES (
834,
'Pamie',
'Hamargarg',
NULL,
268440329,
4,
85,
0,
NULL,
NULL,
NULL
);

INSERT INTO emailtable (EMail_FieldID,EmailParent_CMID,EMailAddress) VALUES (
33,
834,
'Pamie_Hamargarg@Ekans.co.uk'
);

INSERT INTO phone (CM_Id,CM_PhoneMatching,CM_ExtendedPhoneMatching) VALUES (
834,
6280078,
60330013
);

INSERT INTO contacts (CM_Id,CM_Type,CM_PrefTemplateRefId,CM_UIDString,CM_Last_modified,CM_ContactCreationDate,CM_Attributes,CM_ReplicationCount,CM_Header,CM_TextBlob,CM_SearchableText) VALUES (
835,
268440329,
0,
'00e0db49792a0740',
#07/06/2006#,
#07/06/2006#,
4,
0,
'0400000010140044000000000000000000200040002e4000102e4000101400c40000000000000000001000c0002e4000102e4000101402800100000000000000001402800300000000000000001402400400000000000000001402c0040000000000000000140200050000000000000000140240050000000000000000',

'00000000',

'        2 5 7 1 7 2 4 1 4 6 5 4 8 4 8   3 4   U J X N K g h E a I x i G ^ f ^ i L r X m L l D n T t u ] d V k   D u N t b P j j c C b c E F x x y h s M J ^ g Z s w l X C Y A d   = ] K C e N A ` : 8 [ v I N J C   r W H b _ e P g d u w J ^ X F r f c a - ^ B P f b r N k n h u J   '
);

INSERT INTO identitytable (Parent_CMID,CM_FirstName,CM_LastName,CM_CompanyName,CM_Type,CM_Attributes,CM_HintField,CM_ExtHintField,CM_FirstNmPrn,CM_LastNmPrn,CM_CompanyNmPrn) VALUES (
835,
'Raklelo',
'Wedingam',
NULL,
268440329,
4,
85,
0,
NULL,
NULL,
NULL
);

INSERT INTO emailtable (EMail_FieldID,EmailParent_CMID,EMailAddress) VALUES (
34,
835,
'Raklelo_Wedingam@Banhneansodlfinstt.co.uk'
);

INSERT INTO phone (CM_Id,CM_PhoneMatching,CM_ExtendedPhoneMatching) VALUES (
835,
8484564,
14271752
);

INSERT INTO contacts (CM_Id,CM_Type,CM_PrefTemplateRefId,CM_UIDString,CM_Last_modified,CM_ContactCreationDate,CM_Attributes,CM_ReplicationCount,CM_Header,CM_TextBlob,CM_SearchableText) VALUES (
836,
268440329,
0,
'00e0db49792a2e50',
#07/06/2006#,
#07/06/2006#,
4,
0,
'0400000010140044000000000000000000200040002e4000102e4000101400c40000000000000000001000c0002e4000102e4000101402800100000000000000001402800300000000000000001402400400000000000000001402c0040000000000000000140200050000000000000000140240050000000000000000',

'00000000',

'        6 1 5 5 1 5 7 6 8 6 3 7 8 8 7   3 5   I S C [ M y T U E h i l U A F y m B d J l M m Q b G A w B M Q d   e ` b E G o A r m I l Z F K y n i W ] P I c x V F C k Y L A i l   8 c J < t i 9 r X I d c F W t k   _ f H b g F p t y R d L C [ _ M h S T U h ^ a L Q j A H R C [ U   '
);

INSERT INTO identitytable (Parent_CMID,CM_FirstName,CM_LastName,CM_CompanyName,CM_Type,CM_Attributes,CM_HintField,CM_ExtHintField,CM_FirstNmPrn,CM_LastNmPrn,CM_CompanyNmPrn) VALUES (
836,
'Miep',
'Osut',
NULL,
268440329,
4,
85,
0,
NULL,
NULL,
NULL
);

INSERT INTO emailtable (EMail_FieldID,EmailParent_CMID,EMailAddress) VALUES (
35,
836,
'Miep_Osut@Gat.co.uk'
);

INSERT INTO phone (CM_Id,CM_PhoneMatching,CM_ExtendedPhoneMatching) VALUES (
836,
7887368,
67515516
);

INSERT INTO contacts (CM_Id,CM_Type,CM_PrefTemplateRefId,CM_UIDString,CM_Last_modified,CM_ContactCreationDate,CM_Attributes,CM_ReplicationCount,CM_Header,CM_TextBlob,CM_SearchableText) VALUES (
837,
268440329,
0,
'00e0db49792a5560',
#07/06/2006#,
#07/06/2006#,
4,
0,
'0400000010140044000000000000000000200040002e4000102e4000101400c40000000000000000001000c0002e4000102e4000101402800100000000000000001402800300000000000000001402400400000000000000001402c0040000000000000000140200050000000000000000140240050000000000000000',

'00000000',

'        3 3 0 4 4 4 8 0 4 3 8 5 5 2 2   3 6   T f E V E X m s R x G V C o X u M C _ B ` - M m L N D X m R d f   s B K h H g x T p R b r b O T Z e I - x B T o m D p j t B u n w   F T u c Y p 3 E > U L s Y Y Z U   _ P Z S y R h K L a I ` Y e j e y q t j Y K P E s F I g o - n N   '
);

INSERT INTO identitytable (Parent_CMID,CM_FirstName,CM_LastName,CM_CompanyName,CM_Type,CM_Attributes,CM_HintField,CM_ExtHintField,CM_FirstNmPrn,CM_LastNmPrn,CM_CompanyNmPrn) VALUES (
837,
'Man',
'T',
NULL,
268440329,
4,
85,
0,
NULL,
NULL,
NULL
);

INSERT INTO emailtable (EMail_FieldID,EmailParent_CMID,EMailAddress) VALUES (
36,
837,
'Man_T@Aunwang.co.uk'
);

INSERT INTO phone (CM_Id,CM_PhoneMatching,CM_ExtendedPhoneMatching) VALUES (
837,
2255834,
8444033
);

INSERT INTO contacts (CM_Id,CM_Type,CM_PrefTemplateRefId,CM_UIDString,CM_Last_modified,CM_ContactCreationDate,CM_Attributes,CM_ReplicationCount,CM_Header,CM_TextBlob,CM_SearchableText) VALUES (
838,
268440329,
0,
'00e0db49792a7c70',
#07/06/2006#,
#07/06/2006#,
4,
0,
'0400000010140044000000000000000000200040002e4000102e4000101400c40000000000000000001000c0002e4000102e4000101402800100000000000000001402800300000000000000001402400400000000000000001402c0040000000000000000140200050000000000000000140240050000000000000000',

'00000000',

'        7 4 6 3 3 2 0 0 3 3 3 6 4 5 1   3 7   W p g x q G l N D S b X F t k F g l Z - b b q K O y t J k ` o P   a t i F Q u G n F X a k l o u K M F s R _ B u T M R G c k I w c   G G < n 3 4 j Z Y r W h = f 3 H   f t - j n y p Z i w Q v m q B w q u B v u l y e N h m F U s w x   '
);

INSERT INTO identitytable (Parent_CMID,CM_FirstName,CM_LastName,CM_CompanyName,CM_Type,CM_Attributes,CM_HintField,CM_ExtHintField,CM_FirstNmPrn,CM_LastNmPrn,CM_CompanyNmPrn) VALUES (
838,
'Neles',
'Iyandshenerbsonentte',
NULL,
268440329,
4,
85,
0,
NULL,
NULL,
NULL
);

INSERT INTO emailtable (EMail_FieldID,EmailParent_CMID,EMailAddress) VALUES (
37,
838,
'Neles_Iyandshenerbsonentte@Revil.co.uk'
);

INSERT INTO phone (CM_Id,CM_PhoneMatching,CM_ExtendedPhoneMatching) VALUES (
838,
1546333,
233647
);

INSERT INTO contacts (CM_Id,CM_Type,CM_PrefTemplateRefId,CM_UIDString,CM_Last_modified,CM_ContactCreationDate,CM_Attributes,CM_ReplicationCount,CM_Header,CM_TextBlob,CM_SearchableText) VALUES (
839,
268440329,
0,
'00e0db49792aa380',
#07/06/2006#,
#07/06/2006#,
4,
0,
'0400000010140044000000000000000000200040002e4000102e4000101400c40000000000000000001000c0002e4000102e4000101402800100000000000000001402800300000000000000001402400400000000000000001402c0040000000000000000140200050000000000000000140240050000000000000000',

'00000000',

'        5 5 2 2 6 1 4 2 8 2 8 0 3 4 2   3 8   [ h Z c x _ V C T p U F _ B W q _ K x E D ^ - A E N c Q c x ] L   H Z C P r K H G ^ k S W F k D f ^ l E G - - F l O e t e u ^ b Y   7 L ] p ? < g [ b ` s P ` r j o   j C d I ` d i j J N U h _ ` V O l Z n n L D G l g b G C i V J c   '
);

INSERT INTO identitytable (Parent_CMID,CM_FirstName,CM_LastName,CM_CompanyName,CM_Type,CM_Attributes,CM_HintField,CM_ExtHintField,CM_FirstNmPrn,CM_LastNmPrn,CM_CompanyNmPrn) VALUES (
839,
'Pew',
'Belbid',
NULL,
268440329,
4,
85,
0,
NULL,
NULL,
NULL
);

INSERT INTO emailtable (EMail_FieldID,EmailParent_CMID,EMailAddress) VALUES (
38,
839,
'Pew_Belbid@Gasttck.co.uk'
);

INSERT INTO phone (CM_Id,CM_PhoneMatching,CM_ExtendedPhoneMatching) VALUES (
839,
2430828,
24162255
);

INSERT INTO contacts (CM_Id,CM_Type,CM_PrefTemplateRefId,CM_UIDString,CM_Last_modified,CM_ContactCreationDate,CM_Attributes,CM_ReplicationCount,CM_Header,CM_TextBlob,CM_SearchableText) VALUES (
840,
268440329,
0,
'00e0db49792ade18',
#07/06/2006#,
#07/06/2006#,
4,
0,
'0400000010140044000000000000000000200040002e4000102e4000101400c40000000000000000001000c0002e4000102e4000101402800100000000000000001402800300000000000000001402400400000000000000001402c0040000000000000000140200050000000000000000140240050000000000000000',

'00000000',

'        3 5 8 1 1 7 6 0 4 8 7 3 7 2 8   3 9   P X I E n l j a n O x k B E W s s b f F D d x Y ^ w B o o - M W   n J O i s p [ j a n B P R I j x Z P i g T p D x j P b G N r v j   Z F j E j R i 0 q O m 6 u a 9 f   J e H J b G K v L g Q O R K n r T Q d l ^ L C ] V N g V d I E G   '
);

INSERT INTO identitytable (Parent_CMID,CM_FirstName,CM_LastName,CM_CompanyName,CM_Type,CM_Attributes,CM_HintField,CM_ExtHintField,CM_FirstNmPrn,CM_LastNmPrn,CM_CompanyNmPrn) VALUES (
840,
'Man',
'Evarris',
NULL,
268440329,
4,
85,
0,
NULL,
NULL,
NULL
);

INSERT INTO emailtable (EMail_FieldID,EmailParent_CMID,EMailAddress) VALUES (
39,
840,
'Man_Evarris@Dher.co.uk'
);

INSERT INTO phone (CM_Id,CM_PhoneMatching,CM_ExtendedPhoneMatching) VALUES (
840,
8273784,
6711853
);

INSERT INTO contacts (CM_Id,CM_Type,CM_PrefTemplateRefId,CM_UIDString,CM_Last_modified,CM_ContactCreationDate,CM_Attributes,CM_ReplicationCount,CM_Header,CM_TextBlob,CM_SearchableText) VALUES (
841,
268440329,
0,
'00e0db49792b0528',
#07/06/2006#,
#07/06/2006#,
4,
0,
'0400000010140044000000000000000000200040002e4000102e4000101400c40000000000000000001000c0002e4000102e4000101402800100000000000000001402800300000000000000001402400400000000000000001402c0040000000000000000140200050000000000000000140240050000000000000000',

'00000000',

'        4 2 5 7 6 4 2 0 8 2 3 7 4 1 7   4 0   h L m M Z X R c y J h A w j y p T X k c T - R A b y F U A ^ B n   r p W i a P p H w Z r _ M [ c f E U X b J I y F B j k _ T v h y   ^ - n 5 ] ^ k J y C T S ? L n ]   P o d k ` _ V B W K M T e S s ^ h G C A - G A D O n k y q ^ f ]   '
);

INSERT INTO identitytable (Parent_CMID,CM_FirstName,CM_LastName,CM_CompanyName,CM_Type,CM_Attributes,CM_HintField,CM_ExtHintField,CM_FirstNmPrn,CM_LastNmPrn,CM_CompanyNmPrn) VALUES (
841,
'Jeles',
'Tam',
NULL,
268440329,
4,
85,
0,
NULL,
NULL,
NULL
);

INSERT INTO emailtable (EMail_FieldID,EmailParent_CMID,EMailAddress) VALUES (
40,
841,
'Jeles_Tam@Scossowengiee.co.uk'
);

INSERT INTO phone (CM_Id,CM_PhoneMatching,CM_ExtendedPhoneMatching) VALUES (
841,
7147328,
2467524
);

INSERT INTO contacts (CM_Id,CM_Type,CM_PrefTemplateRefId,CM_UIDString,CM_Last_modified,CM_ContactCreationDate,CM_Attributes,CM_ReplicationCount,CM_Header,CM_TextBlob,CM_SearchableText) VALUES (
842,
268440329,
0,
'00e0db49792b2c38',
#07/06/2006#,
#07/06/2006#,
4,
0,
'0400000010140044000000000000000000200040002e4000102e4000101400c40000000000000000001000c0002e4000102e4000101402800100000000000000001402800300000000000000001402400400000000000000001402c0040000000000000000140200050000000000000000140240050000000000000000',

'00000000',

'        4 6 3 2 1 4 0 6 7 5 0 4 7 0 0   4 1   E - e A [ I I L w t P Q Q U I X S N ] f Q ^ N K C c h I O P h g   M M u c V m i X [ Q b l ] C l a v R ` r D R A ] c _ [ n l s a a   l m A S R : f > w m a d c - b Y   w O c p s [ v ` ` G V u E K F v P [ p j q ^ A V c r M g p m D q   '
);

INSERT INTO identitytable (Parent_CMID,CM_FirstName,CM_LastName,CM_CompanyName,CM_Type,CM_Attributes,CM_HintField,CM_ExtHintField,CM_FirstNmPrn,CM_LastNmPrn,CM_CompanyNmPrn) VALUES (
842,
'Ma',
'Fobis',
NULL,
268440329,
4,
85,
0,
NULL,
NULL,
NULL
);

INSERT INTO emailtable (EMail_FieldID,EmailParent_CMID,EMailAddress) VALUES (
41,
842,
'Ma_Fobis@Mcovaz.co.uk'
);

INSERT INTO phone (CM_Id,CM_PhoneMatching,CM_ExtendedPhoneMatching) VALUES (
842,
74057,
60412364
);

INSERT INTO contacts (CM_Id,CM_Type,CM_PrefTemplateRefId,CM_UIDString,CM_Last_modified,CM_ContactCreationDate,CM_Attributes,CM_ReplicationCount,CM_Header,CM_TextBlob,CM_SearchableText) VALUES (
843,
268440329,
0,
'00e0db49792b66d0',
#07/06/2006#,
#07/06/2006#,
4,
0,
'0400000010140044000000000000000000200040002e4000102e4000101400c40000000000000000001000c0002e4000102e4000101402800100000000000000001402800300000000000000001402400400000000000000001402c0040000000000000000140200050000000000000000140240050000000000000000',

'00000000',

'        8 6 5 7 4 8 0 1 3 1 3 5 3 3 8   4 2   - - k G C U i i u K o g G v A F w P s I d a e ] A W m Z _ ] [ U   R [ h C V l e a a j d X m v B _ N j K J U N R E b h i v j O P ^   > A k 7 @ b K < E p ? C Q h : v   o r T g _ b w W o d O K B - v T [ q F t w ] A F N W P ^ q u [ b   '
);

INSERT INTO identitytable (Parent_CMID,CM_FirstName,CM_LastName,CM_CompanyName,CM_Type,CM_Attributes,CM_HintField,CM_ExtHintField,CM_FirstNmPrn,CM_LastNmPrn,CM_CompanyNmPrn) VALUES (
843,
'Nirindrilo',
'Oangah',
NULL,
268440329,
4,
85,
0,
NULL,
NULL,
NULL
);

INSERT INTO emailtable (EMail_FieldID,EmailParent_CMID,EMailAddress) VALUES (
42,
843,
'Nirindrilo_Oangah@d.co.uk'
);

INSERT INTO phone (CM_Id,CM_PhoneMatching,CM_ExtendedPhoneMatching) VALUES (
843,
8335313,
10847568
);

INSERT INTO contacts (CM_Id,CM_Type,CM_PrefTemplateRefId,CM_UIDString,CM_Last_modified,CM_ContactCreationDate,CM_Attributes,CM_ReplicationCount,CM_Header,CM_TextBlob,CM_SearchableText) VALUES (
844,
268440329,
0,
'00e0db49792b8de0',
#07/06/2006#,
#07/06/2006#,
4,
0,
'0400000010140044000000000000000000200040002e4000102e4000101400c40000000000000000001000c0002e4000102e4000101402800100000000000000001402800300000000000000001402400400000000000000001402c0040000000000000000140200050000000000000000140240050000000000000000',

'00000000',

'        8 5 0 6 6 7 6 4 0 4 8 4 8 2 0   4 3   E D G K c V Z q I E B w Z C x E ] _ H L C ` h d g S r [ B N H `   J f q a m w T w G A n u L Z G y x ^ L E ^ u ] ] U p V C c E Z S   v o 0 p > F Q - e I c F U w r >   D a ` Y D P g g W F n B j o O N n [ F Q - D H f a B m G n B o E   '
);

INSERT INTO identitytable (Parent_CMID,CM_FirstName,CM_LastName,CM_CompanyName,CM_Type,CM_Attributes,CM_HintField,CM_ExtHintField,CM_FirstNmPrn,CM_LastNmPrn,CM_CompanyNmPrn) VALUES (
844,
'Marikavara',
'Wichum',
NULL,
268440329,
4,
85,
0,
NULL,
NULL,
NULL
);

INSERT INTO emailtable (EMail_FieldID,EmailParent_CMID,EMailAddress) VALUES (
43,
844,
'Marikavara_Wichum@Brrr.co.uk'
);

INSERT INTO phone (CM_Id,CM_PhoneMatching,CM_ExtendedPhoneMatching) VALUES (
844,
284840,
46766058
);

INSERT INTO contacts (CM_Id,CM_Type,CM_PrefTemplateRefId,CM_UIDString,CM_Last_modified,CM_ContactCreationDate,CM_Attributes,CM_ReplicationCount,CM_Header,CM_TextBlob,CM_SearchableText) VALUES (
845,
268440329,
0,
'00e0db49792bb4f0',
#07/06/2006#,
#07/06/2006#,
4,
0,
'0400000010140044000000000000000000200040002e4000102e4000101400c40000000000000000001000c0002e4000102e4000101402800100000000000000001402800300000000000000001402400400000000000000001402c0040000000000000000140200050000000000000000140240050000000000000000',

'00000000',

'        8 0 8 2 2 3 3 6 3 0 5 8 6 0 4   4 4   H I L n q V p j U v j m R j v C l y V V N B b M R d p x g D D D   p _ _ Y K B ] E v q R O C n d i p i [ i u A A E O ^ j W i J D k   x < : y v C K r t I 4 q - G C T   C G g c n O E o k T e _ O x [ Y H j x k J B V Q g A B _ P ^ S G   '
);

INSERT INTO identitytable (Parent_CMID,CM_FirstName,CM_LastName,CM_CompanyName,CM_Type,CM_Attributes,CM_HintField,CM_ExtHintField,CM_FirstNmPrn,CM_LastNmPrn,CM_CompanyNmPrn) VALUES (
845,
'Saretis',
'Lecky',
NULL,
268440329,
4,
85,
0,
NULL,
NULL,
NULL
);

INSERT INTO emailtable (EMail_FieldID,EmailParent_CMID,EMailAddress) VALUES (
44,
845,
'Saretis_Lecky@Maty.co.uk'
);

INSERT INTO phone (CM_Id,CM_PhoneMatching,CM_ExtendedPhoneMatching) VALUES (
845,
4068503,
63322808
);

INSERT INTO contacts (CM_Id,CM_Type,CM_PrefTemplateRefId,CM_UIDString,CM_Last_modified,CM_ContactCreationDate,CM_Attributes,CM_ReplicationCount,CM_Header,CM_TextBlob,CM_SearchableText) VALUES (
846,
268440329,
0,
'00e0db49792bdc00',
#07/06/2006#,
#07/06/2006#,
4,
0,
'0400000010140044000000000000000000200040002e4000102e4000101400c40000000000000000001000c0002e4000102e4000101402800100000000000000001402800300000000000000001402400400000000000000001402c0040000000000000000140200050000000000000000140240050000000000000000',

'00000000',

'        1 1 5 3 8 7 3 8 2 3 5 3 2 6 4   4 5   H h Y T x S u S l b K f G G - G ] E m V d U N j c u v v F A B I   H F s D k ] o T ] ] Q m n p ` W c C a y q - J M r f R D f T X s   4 u < ] [ L s c Y 0 2 : b S y q   f ^ o J ^ L b ^ f V b d f E ] V P q Z q m U X i f r B t a ] o p   '
);

INSERT INTO identitytable (Parent_CMID,CM_FirstName,CM_LastName,CM_CompanyName,CM_Type,CM_Attributes,CM_HintField,CM_ExtHintField,CM_FirstNmPrn,CM_LastNmPrn,CM_CompanyNmPrn) VALUES (
846,
'Sullerlillivicyarrk',
'Laf',
NULL,
268440329,
4,
85,
0,
NULL,
NULL,
NULL
);

INSERT INTO emailtable (EMail_FieldID,EmailParent_CMID,EMailAddress) VALUES (
45,
846,
'Sullerlillivicyarrk_Laf@Marshay.co.uk'
);

INSERT INTO phone (CM_Id,CM_PhoneMatching,CM_ExtendedPhoneMatching) VALUES (
846,
4623532,
83783511
);

INSERT INTO contacts (CM_Id,CM_Type,CM_PrefTemplateRefId,CM_UIDString,CM_Last_modified,CM_ContactCreationDate,CM_Attributes,CM_ReplicationCount,CM_Header,CM_TextBlob,CM_SearchableText) VALUES (
847,
268440329,
0,
'00e0db49792c7840',
#07/06/2006#,
#07/06/2006#,
4,
0,
'0400000010140044000000000000000000200040002e4000102e4000101400c40000000000000000001000c0002e4000102e4000101402800100000000000000001402800300000000000000001402400400000000000000001402c0040000000000000000140200050000000000000000140240050000000000000000',

'00000000',

'        8 7 3 3 2 5 4 2 6 3 5 3 6 8 7   4 6   - Y i E l _ ] b - q p l A E k U Q T c C t u p g G P Z v l q A k   D [ c I N j _ Q o w S e v e q A W _ W ` w p m j I K q m g A b c   a a = W T ; > b 7 1 N S k R P j   C ^ [ h p M ` C C I S i N R g l G O n - G a J w B j s y Z e a V   '
);

INSERT INTO identitytable (Parent_CMID,CM_FirstName,CM_LastName,CM_CompanyName,CM_Type,CM_Attributes,CM_HintField,CM_ExtHintField,CM_FirstNmPrn,CM_LastNmPrn,CM_CompanyNmPrn) VALUES (
847,
'Ninaellimin',
'Saditox',
NULL,
268440329,
4,
85,
0,
NULL,
NULL,
NULL
);

INSERT INTO emailtable (EMail_FieldID,EmailParent_CMID,EMailAddress) VALUES (
46,
847,
'Ninaellimin_Saditox@Lana.co.uk'
);

INSERT INTO phone (CM_Id,CM_PhoneMatching,CM_ExtendedPhoneMatching) VALUES (
847,
7863536,
24523378
);

INSERT INTO contacts (CM_Id,CM_Type,CM_PrefTemplateRefId,CM_UIDString,CM_Last_modified,CM_ContactCreationDate,CM_Attributes,CM_ReplicationCount,CM_Header,CM_TextBlob,CM_SearchableText) VALUES (
848,
268440329,
0,
'00e0db49792cb2d8',
#07/06/2006#,
#07/06/2006#,
4,
0,
'040000000e1400c40000000000000000001000c0002e4000102e4000101402800100000000000000001402800300000000000000001402400400000000000000001402c0040000000000000000140200050000000000000000140240050000000000000000',

'00000000',

'    6 3 2 1 3 2 4 1 6 5 5 4 1 0 4   4 7   s ` O ` m Y I V T - P ] U S ^ g s N A e w o V e e g ] u S c W y   O j J l v q w Y r G ` B c W y r D U G K Z p W f S g j x d c h f   @ 0 i L < ] F < 1 k F ^ 2 t O Z   J R J s r J ^ R m n J u L w J d P _ P H J ^ d f n ^ j j o T Q v   '
);

INSERT INTO identitytable (Parent_CMID,CM_FirstName,CM_LastName,CM_CompanyName,CM_Type,CM_Attributes,CM_HintField,CM_ExtHintField,CM_FirstNmPrn,CM_LastNmPrn,CM_CompanyNmPrn) VALUES (
848,
NULL,
'Sanw',
NULL,
268440329,
4,
85,
0,
NULL,
NULL,
NULL
);

INSERT INTO emailtable (EMail_FieldID,EmailParent_CMID,EMailAddress) VALUES (
47,
848,
'_Sanw@Ewstty.co.uk'
);

INSERT INTO phone (CM_Id,CM_PhoneMatching,CM_ExtendedPhoneMatching) VALUES (
848,
4014556,
14231236
);

INSERT INTO contacts (CM_Id,CM_Type,CM_PrefTemplateRefId,CM_UIDString,CM_Last_modified,CM_ContactCreationDate,CM_Attributes,CM_ReplicationCount,CM_Header,CM_TextBlob,CM_SearchableText) VALUES (
849,
268440329,
0,
'00e0db49792cd9e8',
#07/06/2006#,
#07/06/2006#,
4,
0,
'0400000010140044000000000000000000200040002e4000102e4000101400c40000000000000000001000c0002e4000102e4000101402800100000000000000001402800300000000000000001402400400000000000000001402c0040000000000000000140200050000000000000000140240050000000000000000',

'00000000',

'        2 4 5 3 1 0 6 5 5 6 5 2 1 2 0   4 8   u W d b [ N w y H n ^ u a A Z d f X q t K v O a p B j - T r S M   o V P r m ` j E P K y - ` d q F t G ] K A B L h G v X g - F ^ y   < v p d < A A Q > H m O w q s v   C D k a D H S o u g X A [ C r P x O I I C A d D e [ e d w T C Y   '
);

INSERT INTO identitytable (Parent_CMID,CM_FirstName,CM_LastName,CM_CompanyName,CM_Type,CM_Attributes,CM_HintField,CM_ExtHintField,CM_FirstNmPrn,CM_LastNmPrn,CM_CompanyNmPrn) VALUES (
849,
'Moy',
'Marg',
NULL,
268440329,
4,
85,
0,
NULL,
NULL,
NULL
);

INSERT INTO emailtable (EMail_FieldID,EmailParent_CMID,EMailAddress) VALUES (
48,
849,
'Moy_Marg@Int.co.uk'
);

INSERT INTO phone (CM_Id,CM_PhoneMatching,CM_ExtendedPhoneMatching) VALUES (
849,
212565,
56013542
);

INSERT INTO contacts (CM_Id,CM_Type,CM_PrefTemplateRefId,CM_UIDString,CM_Last_modified,CM_ContactCreationDate,CM_Attributes,CM_ReplicationCount,CM_Header,CM_TextBlob,CM_SearchableText) VALUES (
850,
268440329,
0,
'00e0db49792d00f8',
#07/06/2006#,
#07/06/2006#,
4,
0,
'0400000010140044000000000000000000200040002e4000102e4000101400c40000000000000000001000c0002e4000102e4000101402800100000000000000001402800300000000000000001402400400000000000000001402c0040000000000000000140200050000000000000000140240050000000000000000',

'00000000',

'        4 2 8 7 7 3 4 2 5 1 3 5 3 4 1   4 9   F j q D s q G f b W ^ n j o N V m V m - T c k J H x N [ - g p `   x v O H ` ` ` n - J _ ] T M u j h h L - i k r b d x c T V V i o   E ` V 1 M S q 9 t u q 1 7 : h L   u j ^ n ] k O K h L k y Y g Y t d f I V q T t u ` F h R m P L p   '
);

INSERT INTO identitytable (Parent_CMID,CM_FirstName,CM_LastName,CM_CompanyName,CM_Type,CM_Attributes,CM_HintField,CM_ExtHintField,CM_FirstNmPrn,CM_LastNmPrn,CM_CompanyNmPrn) VALUES (
850,
'Dretta',
'Honudeldeyler',
NULL,
268440329,
4,
85,
0,
NULL,
NULL,
NULL
);

INSERT INTO emailtable (EMail_FieldID,EmailParent_CMID,EMailAddress) VALUES (
49,
850,
'Dretta_Honudeldeyler@Lionsonanea.co.uk'
);

INSERT INTO phone (CM_Id,CM_PhoneMatching,CM_ExtendedPhoneMatching) VALUES (
850,
1435315,
24377824
);

INSERT INTO contacts (CM_Id,CM_Type,CM_PrefTemplateRefId,CM_UIDString,CM_Last_modified,CM_ContactCreationDate,CM_Attributes,CM_ReplicationCount,CM_Header,CM_TextBlob,CM_SearchableText) VALUES (
851,
268440329,
0,
'00e0db49792d2808',
#07/06/2006#,
#07/06/2006#,
4,
0,
'0400000010140044000000000000000000200040002e4000102e4000101400c40000000000000000001000c0002e4000102e4000101402800100000000000000001402800300000000000000001402400400000000000000001402c0040000000000000000140200050000000000000000140240050000000000000000',

'00000000',

'        0 8 0 0 8 3 5 4 6 8 1 0 1 2 7   5 0   G N B E l o i ] X Q b m [ K e g V N _ k F C _ I s m a O t m ^ N   C K x d t ] x i Q n g k J Z v E k W b y s n g K r U n _ x k I -   o O J T ] S l n M J J 6 r a ^ R   R C g k K E C D a y C N - b J E x J C U W b h r - B t q G y q [   '
);

INSERT INTO identitytable (Parent_CMID,CM_FirstName,CM_LastName,CM_CompanyName,CM_Type,CM_Attributes,CM_HintField,CM_ExtHintField,CM_FirstNmPrn,CM_LastNmPrn,CM_CompanyNmPrn) VALUES (
851,
'Guin',
'Mchindd',
NULL,
268440329,
4,
85,
0,
NULL,
NULL,
NULL
);

INSERT INTO emailtable (EMail_FieldID,EmailParent_CMID,EMailAddress) VALUES (
50,
851,
'Guin_Mchindd@Rams.co.uk'
);

INSERT INTO phone (CM_Id,CM_PhoneMatching,CM_ExtendedPhoneMatching) VALUES (
851,
7210186,
45380080
);

INSERT INTO contacts (CM_Id,CM_Type,CM_PrefTemplateRefId,CM_UIDString,CM_Last_modified,CM_ContactCreationDate,CM_Attributes,CM_ReplicationCount,CM_Header,CM_TextBlob,CM_SearchableText) VALUES (
852,
268440329,
0,
'00e0db49792d62a0',
#07/06/2006#,
#07/06/2006#,
4,
0,
'0400000010140044000000000000000000200040002e4000102e4000101400c40000000000000000001000c0002e4000102e4000101402800100000000000000001402800300000000000000001402400400000000000000001402c0040000000000000000140200050000000000000000140240050000000000000000',

'00000000',

'        4 5 4 4 6 2 8 5 2 7 7 8 5 1 2   5 1   S V N k i k O x t q F W g ] V B m x X X [ t n - U U g p e O l g   M Q k A r - _ f N o h k s I s N x m Q u L - G k l s D ^ p T C `   1 ; N c h o y 4 4 e q o K 7 v ]   [ P X P R I u - W N b h J a k Q q A H S [ y g e h f d P H W T k   '
);

INSERT INTO identitytable (Parent_CMID,CM_FirstName,CM_LastName,CM_CompanyName,CM_Type,CM_Attributes,CM_HintField,CM_ExtHintField,CM_FirstNmPrn,CM_LastNmPrn,CM_CompanyNmPrn) VALUES (
852,
'Garsto',
'Meikans',
NULL,
268440329,
4,
85,
0,
NULL,
NULL,
NULL
);

INSERT INTO emailtable (EMail_FieldID,EmailParent_CMID,EMailAddress) VALUES (
51,
852,
'Garsto_Meikans@Dony.co.uk'
);

INSERT INTO phone (CM_Id,CM_PhoneMatching,CM_ExtendedPhoneMatching) VALUES (
852,
2158772,
58264454
);

INSERT INTO contacts (CM_Id,CM_Type,CM_PrefTemplateRefId,CM_UIDString,CM_Last_modified,CM_ContactCreationDate,CM_Attributes,CM_ReplicationCount,CM_Header,CM_TextBlob,CM_SearchableText) VALUES (
853,
268440329,
0,
'00e0db49792d89b0',
#07/06/2006#,
#07/06/2006#,
4,
0,
'0400000010140044000000000000000000200040002e4000102e4000101400c40000000000000000001000c0002e4000102e4000101402800100000000000000001402800300000000000000001402400400000000000000001402c0040000000000000000140200050000000000000000140240050000000000000000',

'00000000',

'        7 1 8 2 0 0 6 2 5 6 8 8 0 7 5   5 2   o W O Z i K W [ S Y l f T C S V U D ] c H n S M s ^ v _ x ] k f   X n e E r T f - s H G T A B o C V h o p X s f H A Y I u ` d T O   u ` p s ] L A 0 Y E R B _ P t 8   H F e I q [ H T X r y r V n e g M n K - d _ R P H p G g Y ^ G _   '
);

INSERT INTO identitytable (Parent_CMID,CM_FirstName,CM_LastName,CM_CompanyName,CM_Type,CM_Attributes,CM_HintField,CM_ExtHintField,CM_FirstNmPrn,CM_LastNmPrn,CM_CompanyNmPrn) VALUES (
853,
'Amatond',
'Hisarky',
NULL,
268440329,
4,
85,
0,
NULL,
NULL,
NULL
);

INSERT INTO emailtable (EMail_FieldID,EmailParent_CMID,EMailAddress) VALUES (
52,
853,
'Amatond_Hisarky@Ol.co.uk'
);

INSERT INTO phone (CM_Id,CM_PhoneMatching,CM_ExtendedPhoneMatching) VALUES (
853,
5708865,
26002817
);

INSERT INTO contacts (CM_Id,CM_Type,CM_PrefTemplateRefId,CM_UIDString,CM_Last_modified,CM_ContactCreationDate,CM_Attributes,CM_ReplicationCount,CM_Header,CM_TextBlob,CM_SearchableText) VALUES (
854,
268440329,
0,
'00e0db49792db0c0',
#07/06/2006#,
#07/06/2006#,
4,
0,
'0400000010140044000000000000000000200040002e4000102e4000101400c40000000000000000001000c0002e4000102e4000101402800100000000000000001402800300000000000000001402400400000000000000001402c0040000000000000000140200050000000000000000140240050000000000000000',

'00000000',

'        4 4 0 2 0 8 8 5 2 0 4 7 7 8 7   5 3   Z b c D V - M Z k a r y p H G [ [ u ` K q ^ K _ D H P t A A J Y   E G I C Z - ] R I U t y X l j s e b _ C r q U y b n B E g b [ L   x E M t i v R U d Q - N m Y f 7   _ J K N b u Y f l U n D D M U M S c A t n A j w j ] Y a t y k I   '
);

INSERT INTO identitytable (Parent_CMID,CM_FirstName,CM_LastName,CM_CompanyName,CM_Type,CM_Attributes,CM_HintField,CM_ExtHintField,CM_FirstNmPrn,CM_LastNmPrn,CM_CompanyNmPrn) VALUES (
854,
'Elevineryohrkori',
'Whones',
NULL,
268440329,
4,
85,
0,
NULL,
NULL,
NULL
);

INSERT INTO emailtable (EMail_FieldID,EmailParent_CMID,EMailAddress) VALUES (
53,
854,
'Elevineryohrkori_Whones@Tr.co.uk'
);

INSERT INTO phone (CM_Id,CM_PhoneMatching,CM_ExtendedPhoneMatching) VALUES (
854,
7877402,
58802044
);

INSERT INTO contacts (CM_Id,CM_Type,CM_PrefTemplateRefId,CM_UIDString,CM_Last_modified,CM_ContactCreationDate,CM_Attributes,CM_ReplicationCount,CM_Header,CM_TextBlob,CM_SearchableText) VALUES (
855,
268440329,
0,
'00e0db49792deb58',
#07/06/2006#,
#07/06/2006#,
4,
0,
'0400000010140044000000000000000000200040002e4000102e4000101400c40000000000000000001000c0002e4000102e4000101402800100000000000000001402800300000000000000001402400400000000000000001402c0040000000000000000140200050000000000000000140240050000000000000000',

'00000000',

'        4 5 0 5 7 1 5 2 5 1 7 1 8 8 0   5 4   K ] F R i f K e ] N i ^ x m I q ] U i R j - K [ Q v s s Y L K M   [ k N ` G k k f N H q ^ E e ` T U e W I ^ I O S s h S C L D o a   F ` N l c M y 3 l P x g a q K U   w B Z a T ` i ` t t k h n e e A V P Q H E j S Y X C h y R S d j   '
);

INSERT INTO identitytable (Parent_CMID,CM_FirstName,CM_LastName,CM_CompanyName,CM_Type,CM_Attributes,CM_HintField,CM_ExtHintField,CM_FirstNmPrn,CM_LastNmPrn,CM_CompanyNmPrn) VALUES (
855,
'Namarier',
'Se',
NULL,
268440329,
4,
85,
0,
NULL,
NULL,
NULL
);

INSERT INTO emailtable (EMail_FieldID,EmailParent_CMID,EMailAddress) VALUES (
54,
855,
'Namarier_Se@Stthair.co.uk'
);

INSERT INTO phone (CM_Id,CM_PhoneMatching,CM_ExtendedPhoneMatching) VALUES (
855,
881715,
25175054
);

INSERT INTO contacts (CM_Id,CM_Type,CM_PrefTemplateRefId,CM_UIDString,CM_Last_modified,CM_ContactCreationDate,CM_Attributes,CM_ReplicationCount,CM_Header,CM_TextBlob,CM_SearchableText) VALUES (
856,
268440329,
0,
'00e0db49792e1268',
#07/06/2006#,
#07/06/2006#,
4,
0,
'0400000010140044000000000000000000200040002e4000102e4000101400c40000000000000000001000c0002e4000102e4000101402800100000000000000001402800300000000000000001402400400000000000000001402c0040000000000000000140200050000000000000000140240050000000000000000',

'00000000',

'        6 5 7 1 8 6 0 1 4 0 5 0 6 7 7   5 5   L F ^ u Z h X V h j - i g U L - N p B ` y w a i O n p W u [ D R   k S w I ] Y H P F P - W i b D p I f d - y o k ` P Y ^ A j U x K   7 - N 7 5 7 _ O Q C B E ] 1 m N   q g A J c J C I c W P r G ] k S f I K U N b X L ^ I H s N h A y   '
);

INSERT INTO identitytable (Parent_CMID,CM_FirstName,CM_LastName,CM_CompanyName,CM_Type,CM_Attributes,CM_HintField,CM_ExtHintField,CM_FirstNmPrn,CM_LastNmPrn,CM_CompanyNmPrn) VALUES (
856,
'Rimen',
'Sodakelilike',
NULL,
268440329,
4,
85,
0,
NULL,
NULL,
NULL
);

INSERT INTO emailtable (EMail_FieldID,EmailParent_CMID,EMailAddress) VALUES (
55,
856,
'Rimen_Sodakelilike@Danghrdurkye.co.uk'
);

INSERT INTO phone (CM_Id,CM_PhoneMatching,CM_ExtendedPhoneMatching) VALUES (
856,
7760504,
10681756
);

INSERT INTO contacts (CM_Id,CM_Type,CM_PrefTemplateRefId,CM_UIDString,CM_Last_modified,CM_ContactCreationDate,CM_Attributes,CM_ReplicationCount,CM_Header,CM_TextBlob,CM_SearchableText) VALUES (
857,
268440329,
0,
'00e0db49792e3978',
#07/06/2006#,
#07/06/2006#,
4,
0,
'0400000010140044000000000000000000200040002e4000102e4000101400c40000000000000000001000c0002e4000102e4000101402800100000000000000001402800300000000000000001402400400000000000000001402c0040000000000000000140200050000000000000000140240050000000000000000',

'00000000',

'        8 7 6 7 0 1 5 6 1 4 5 1 4 3 6   5 6   K D h I n q ^ s w b l U j W m G p c D I _ l w L K H H A M W S p   F E t s H k e - c w l m k O X G B E Y S d - v a O e Y l W _ o E   v e i G Z D W 0 R R 3 e d 9 w Y   o d T ] ^ X C ^ c J T ` J H D i ` d x J Z _ w O N j Q R t N r u   '
);

INSERT INTO identitytable (Parent_CMID,CM_FirstName,CM_LastName,CM_CompanyName,CM_Type,CM_Attributes,CM_HintField,CM_ExtHintField,CM_FirstNmPrn,CM_LastNmPrn,CM_CompanyNmPrn) VALUES (
857,
'Tohn',
'Huseke',
NULL,
268440329,
4,
85,
0,
NULL,
NULL,
NULL
);

INSERT INTO emailtable (EMail_FieldID,EmailParent_CMID,EMailAddress) VALUES (
56,
857,
'Tohn_Huseke@Gongs.co.uk'
);

INSERT INTO phone (CM_Id,CM_PhoneMatching,CM_ExtendedPhoneMatching) VALUES (
857,
6341541,
65107678
);

INSERT INTO contacts (CM_Id,CM_Type,CM_PrefTemplateRefId,CM_UIDString,CM_Last_modified,CM_ContactCreationDate,CM_Attributes,CM_ReplicationCount,CM_Header,CM_TextBlob,CM_SearchableText) VALUES (
858,
268440329,
0,
'00e0db49792e7410',
#07/06/2006#,
#07/06/2006#,
4,
0,
'0400000010140044000000000000000000200040002e4000102e4000101400c40000000000000000001000c0002e4000102e4000101402800100000000000000001402800300000000000000001402400400000000000000001402c0040000000000000000140200050000000000000000140240050000000000000000',

'00000000',

'        6 3 5 5 7 8 8 3 0 0 3 6 8 7 0   5 7   i o J D Q q k ] W U t M s r o ^ y Y h V S O v a y A G x u x u l   x ^ w U q ] B q K q q d Z H S C g V K Z u K f A m U [ j p o U s   C < i a U K l U b 5 B g 3 ; 1 <   d L Q k k V O U W f H G D M y f I M G ` B - ] t q G E W v ^ ` A   '
);

INSERT INTO identitytable (Parent_CMID,CM_FirstName,CM_LastName,CM_CompanyName,CM_Type,CM_Attributes,CM_HintField,CM_ExtHintField,CM_FirstNmPrn,CM_LastNmPrn,CM_CompanyNmPrn) VALUES (
858,
'Vichi',
'Anggonareyerav',
NULL,
268440329,
4,
85,
0,
NULL,
NULL,
NULL
);

INSERT INTO emailtable (EMail_FieldID,EmailParent_CMID,EMailAddress) VALUES (
57,
858,
'Vichi_Anggonareyerav@Guns.co.uk'
);

INSERT INTO phone (CM_Id,CM_PhoneMatching,CM_ExtendedPhoneMatching) VALUES (
858,
786300,
38875536
);

INSERT INTO contacts (CM_Id,CM_Type,CM_PrefTemplateRefId,CM_UIDString,CM_Last_modified,CM_ContactCreationDate,CM_Attributes,CM_ReplicationCount,CM_Header,CM_TextBlob,CM_SearchableText) VALUES (
859,
268440329,
0,
'00e0db49792e9b20',
#07/06/2006#,
#07/06/2006#,
4,
0,
'0400000010140044000000000000000000200040002e4000102e4000101400c40000000000000000001000c0002e4000102e4000101402800100000000000000001402800300000000000000001402400400000000000000001402c0040000000000000000140200050000000000000000140240050000000000000000',

'00000000',

'        7 6 7 2 2 8 4 7 4 1 5 7 2 3 6   5 8   Q J J T q i x ` Q P Z S k K b a t i Y Z m K C j ] A x S H g k o   C R - R o _ R M d a G J j t k j f Z H o y [ j y c O X g q J x -   Z 3 ^ i u I y B 9 h e a N G K W   E V d L U i O G r O c q w y l v G p E ] B q _ H x ` l W a b f o   '
);

INSERT INTO identitytable (Parent_CMID,CM_FirstName,CM_LastName,CM_CompanyName,CM_Type,CM_Attributes,CM_HintField,CM_ExtHintField,CM_FirstNmPrn,CM_LastNmPrn,CM_CompanyNmPrn) VALUES (
859,
'Jondrard',
'Seraross',
NULL,
268440329,
4,
85,
0,
NULL,
NULL,
NULL
);

INSERT INTO emailtable (EMail_FieldID,EmailParent_CMID,EMailAddress) VALUES (
58,
859,
'Jondrard_Seraross@Broverggeletorej.co.uk'
);

INSERT INTO phone (CM_Id,CM_PhoneMatching,CM_ExtendedPhoneMatching) VALUES (
859,
6327514,
74822767
);

INSERT INTO contacts (CM_Id,CM_Type,CM_PrefTemplateRefId,CM_UIDString,CM_Last_modified,CM_ContactCreationDate,CM_Attributes,CM_ReplicationCount,CM_Header,CM_TextBlob,CM_SearchableText) VALUES (
860,
268440329,
0,
'00e0db49792ec230',
#07/06/2006#,
#07/06/2006#,
4,
0,
'0400000010140044000000000000000000200040002e4000102e4000101400c40000000000000000001000c0002e4000102e4000101402800100000000000000001402800300000000000000001402400400000000000000001402c0040000000000000000140200050000000000000000140240050000000000000000',

'00000000',

'        6 2 8 4 3 0 8 6 5 3 4 4 4 8 5   5 9   D f _ O O J L c e Z Q x H l ] c ^ C _ U F x l X g a p A _ q m G   S m ] ^ w - h J e _ Q L i e I k w H e x U Y A k U W ] g F k I E   ` T o M m w r - 4 j F 6 U 5 D I   h t Q ` L M t W - b m D d h m h s V i s J ^ X y I O N x m ^ M y   '
);

INSERT INTO identitytable (Parent_CMID,CM_FirstName,CM_LastName,CM_CompanyName,CM_Type,CM_Attributes,CM_HintField,CM_ExtHintField,CM_FirstNmPrn,CM_LastNmPrn,CM_CompanyNmPrn) VALUES (
860,
'Dare',
'Was',
NULL,
268440329,
4,
85,
0,
NULL,
NULL,
NULL
);

INSERT INTO emailtable (EMail_FieldID,EmailParent_CMID,EMailAddress) VALUES (
59,
860,
'Dare_Was@Hikeronons.co.uk'
);

INSERT INTO phone (CM_Id,CM_PhoneMatching,CM_ExtendedPhoneMatching) VALUES (
860,
5844435,
68034826
);

INSERT INTO contacts (CM_Id,CM_Type,CM_PrefTemplateRefId,CM_UIDString,CM_Last_modified,CM_ContactCreationDate,CM_Attributes,CM_ReplicationCount,CM_Header,CM_TextBlob,CM_SearchableText) VALUES (
861,
268440329,
0,
'00e0db49792ee940',
#07/06/2006#,
#07/06/2006#,
4,
0,
'0400000010140044000000000000000000200040002e4000102e4000101400c40000000000000000001000c0002e4000102e4000101402800100000000000000001402800300000000000000001402400400000000000000001402c0040000000000000000140200050000000000000000140240050000000000000000',

'00000000',

'        0 5 0 3 1 6 7 7 6 7 7 4 7 7 7   6 0   d p E d t Q v p T v Q j V s X n v w e m s x n Z A H I c x t V R   a j R G U D y u ^ m r Z ^ f T A Y [ C Q j F j M l V f W H R M C   k [ B w y X e y ^ G d U a ^ S X   k E u Z x t f v P C i g q A ] - a a G u s q Q A _ E n C K K h n   '
);

INSERT INTO identitytable (Parent_CMID,CM_FirstName,CM_LastName,CM_CompanyName,CM_Type,CM_Attributes,CM_HintField,CM_ExtHintField,CM_FirstNmPrn,CM_LastNmPrn,CM_CompanyNmPrn) VALUES (
861,
'Sun',
'Veng',
NULL,
268440329,
4,
85,
0,
NULL,
NULL,
NULL
);

INSERT INTO emailtable (EMail_FieldID,EmailParent_CMID,EMailAddress) VALUES (
60,
861,
'Sun_Veng@Follluskmambeackhi.co.uk'
);

INSERT INTO phone (CM_Id,CM_PhoneMatching,CM_ExtendedPhoneMatching) VALUES (
861,
7774776,
77613050
);

INSERT INTO contacts (CM_Id,CM_Type,CM_PrefTemplateRefId,CM_UIDString,CM_Last_modified,CM_ContactCreationDate,CM_Attributes,CM_ReplicationCount,CM_Header,CM_TextBlob,CM_SearchableText) VALUES (
862,
268440329,
0,
'00e0db49792f8580',
#07/06/2006#,
#07/06/2006#,
4,
0,
'0400000010140044000000000000000000200040002e4000102e4000101400c40000000000000000001000c0002e4000102e4000101402800100000000000000001402800300000000000000001402400400000000000000001402c0040000000000000000140200050000000000000000140240050000000000000000',

'00000000',

'        0 8 0 5 4 8 3 4 1 4 2 8 2 6 4   6 1   J q - T _ p Y H E L ^ n p q ] _ k D h E F F n A s n ` h m n ` Q   q u k a q r g v f D j j H K U q f ` t R ^ _ c c A o N Q s b p l   U s ; ? T R x 9 W E A ^ 6 _ e 3   l R _ ] y u u ^ L ` l ] P i j o _ Q c Y i S [ e Q t n i P j R W   '
);

INSERT INTO identitytable (Parent_CMID,CM_FirstName,CM_LastName,CM_CompanyName,CM_Type,CM_Attributes,CM_HintField,CM_ExtHintField,CM_FirstNmPrn,CM_LastNmPrn,CM_CompanyNmPrn) VALUES (
862,
'Gulys',
'Stinsss',
NULL,
268440329,
4,
85,
0,
NULL,
NULL,
NULL
);

INSERT INTO emailtable (EMail_FieldID,EmailParent_CMID,EMailAddress) VALUES (
61,
862,
'Gulys_Stinsss@Gram.co.uk'
);

INSERT INTO phone (CM_Id,CM_PhoneMatching,CM_ExtendedPhoneMatching) VALUES (
862,
4628241,
43845080
);

INSERT INTO contacts (CM_Id,CM_Type,CM_PrefTemplateRefId,CM_UIDString,CM_Last_modified,CM_ContactCreationDate,CM_Attributes,CM_ReplicationCount,CM_Header,CM_TextBlob,CM_SearchableText) VALUES (
863,
268440329,
0,
'00e0db49792fac90',
#07/06/2006#,
#07/06/2006#,
4,
0,
'0400000010140044000000000000000000200040002e4000102e4000101400c40000000000000000001000c0002e4000102e4000101402800100000000000000001402800300000000000000001402400400000000000000001402c0040000000000000000140200050000000000000000140240050000000000000000',

'00000000',

'        0 0 1 5 4 2 4 5 2 0 2 3 6 3 8   6 2   G r G m j H U H r b S J I n V r p i Z a E [ w K o X n U O U a p   T o ] e u x ^ d K v n P s t L h e L j w Y q S W l j a X ] k t [   A @ ] V w L K ` j i 8 l C = 2 H   O K t K w g D R s E P ` s ^ Q [ L S D q l N ] y t ` F U H m v ^   '
);

INSERT INTO identitytable (Parent_CMID,CM_FirstName,CM_LastName,CM_CompanyName,CM_Type,CM_Attributes,CM_HintField,CM_ExtHintField,CM_FirstNmPrn,CM_LastNmPrn,CM_CompanyNmPrn) VALUES (
863,
'Andoterdre',
'Laghaverlskerent',
NULL,
268440329,
4,
85,
0,
NULL,
NULL,
NULL
);

INSERT INTO emailtable (EMail_FieldID,EmailParent_CMID,EMailAddress) VALUES (
62,
863,
'Andoterdre_Laghaverlskerent@Honsonchiatteyondickesoray.co.uk'
);

INSERT INTO phone (CM_Id,CM_PhoneMatching,CM_ExtendedPhoneMatching) VALUES (
863,
8363202,
54245100
);

INSERT INTO contacts (CM_Id,CM_Type,CM_PrefTemplateRefId,CM_UIDString,CM_Last_modified,CM_ContactCreationDate,CM_Attributes,CM_ReplicationCount,CM_Header,CM_TextBlob,CM_SearchableText) VALUES (
864,
268440329,
0,
'00e0db49792fe728',
#07/06/2006#,
#07/06/2006#,
4,
0,
'0400000010140044000000000000000000200040002e4000102e4000101400c40000000000000000001000c0002e4000102e4000101402800100000000000000001402800300000000000000001402400400000000000000001402c0040000000000000000140200050000000000000000140240050000000000000000',

'00000000',

'        1 0 4 3 0 5 7 1 4 2 2 5 3 4 8   6 3   - g e D X y f H m k G j V ` C b q [ d L A Q t U c A q o k W C O   S m Z s b ^ h e C y ^ ` d K i e A w e ` ] O l h e w F M n C [ V   K N Q A p d v U U S T f n - I :   ^ e J T b V V G U T p Y _ e q - B Q Y s e K c [ N F E a Z x w D   '
);

INSERT INTO identitytable (Parent_CMID,CM_FirstName,CM_LastName,CM_CompanyName,CM_Type,CM_Attributes,CM_HintField,CM_ExtHintField,CM_FirstNmPrn,CM_LastNmPrn,CM_CompanyNmPrn) VALUES (
864,
'Nars',
'Milicoh',
NULL,
268440329,
4,
85,
0,
NULL,
NULL,
NULL
);

INSERT INTO emailtable (EMail_FieldID,EmailParent_CMID,EMailAddress) VALUES (
63,
864,
'Nars_Milicoh@Honsongundf.co.uk'
);

INSERT INTO phone (CM_Id,CM_PhoneMatching,CM_ExtendedPhoneMatching) VALUES (
864,
8435224,
17503401
);

INSERT INTO contacts (CM_Id,CM_Type,CM_PrefTemplateRefId,CM_UIDString,CM_Last_modified,CM_ContactCreationDate,CM_Attributes,CM_ReplicationCount,CM_Header,CM_TextBlob,CM_SearchableText) VALUES (
865,
268440329,
0,
'00e0db4979300e38',
#07/06/2006#,
#07/06/2006#,
4,
0,
'0400000010140044000000000000000000200040002e4000102e4000101400c40000000000000000001000c0002e4000102e4000101402800100000000000000001402800300000000000000001402400400000000000000001402c0040000000000000000140200050000000000000000140240050000000000000000',

'00000000',

'        5 0 3 4 7 7 5 0 1 0 3 2 4 3 6   6 4   q ` G N k m O _ B o R k [ R B D o f h T j a - n s P O e A L F x   E s k p g ^ T b Z N G Y d ` m V L g U l W o Q a b C e T _ Q j g   y F g o R I 4 L < w : T Y ? K h   q r Q S H l I o k Y c K Q _ o H i R m B ] ] f A J i g R ] y H W   '
);

INSERT INTO identitytable (Parent_CMID,CM_FirstName,CM_LastName,CM_CompanyName,CM_Type,CM_Attributes,CM_HintField,CM_ExtHintField,CM_FirstNmPrn,CM_LastNmPrn,CM_CompanyNmPrn) VALUES (
865,
'Aa',
'Sas',
NULL,
268440329,
4,
85,
0,
NULL,
NULL,
NULL
);

INSERT INTO emailtable (EMail_FieldID,EmailParent_CMID,EMailAddress) VALUES (
64,
865,
'Aa_Sas@Wha.co.uk'
);

INSERT INTO phone (CM_Id,CM_PhoneMatching,CM_ExtendedPhoneMatching) VALUES (
865,
6342301,
5774305
);

INSERT INTO contacts (CM_Id,CM_Type,CM_PrefTemplateRefId,CM_UIDString,CM_Last_modified,CM_ContactCreationDate,CM_Attributes,CM_ReplicationCount,CM_Header,CM_TextBlob,CM_SearchableText) VALUES (
866,
268440329,
0,
'00e0db4979303548',
#07/06/2006#,
#07/06/2006#,
4,
0,
'0400000010140044000000000000000000200040002e4000102e4000101400c40000000000000000001000c0002e4000102e4000101402800100000000000000001402800300000000000000001402400400000000000000001402c0040000000000000000140200050000000000000000140240050000000000000000',

'00000000',

'        0 5 8 8 7 1 2 0 7 4 8 5 2 4 5   6 5   D c J o E v B s ^ r q ` O U P E a b p G r y w g t G w Z I e ` B   j E v - X Z h r r Z Q q ^ X X N K q j X Z e m P T r a B c F ] j   E f j 2 n - U v 7 9 b 1 h E B 4   p F ^ R d Y X Z m U Y s L ` Z e M Z W a t S K s O S Y K n r U a   '
);

INSERT INTO identitytable (Parent_CMID,CM_FirstName,CM_LastName,CM_CompanyName,CM_Type,CM_Attributes,CM_HintField,CM_ExtHintField,CM_FirstNmPrn,CM_LastNmPrn,CM_CompanyNmPrn) VALUES (
866,
'Ca',
'Ole',
NULL,
268440329,
4,
85,
0,
NULL,
NULL,
NULL
);

INSERT INTO emailtable (EMail_FieldID,EmailParent_CMID,EMailAddress) VALUES (
65,
866,
'Ca_Ole@Jofstte.co.uk'
);

INSERT INTO phone (CM_Id,CM_PhoneMatching,CM_ExtendedPhoneMatching) VALUES (
866,
5425847,
2178850
);

INSERT INTO contacts (CM_Id,CM_Type,CM_PrefTemplateRefId,CM_UIDString,CM_Last_modified,CM_ContactCreationDate,CM_Attributes,CM_ReplicationCount,CM_Header,CM_TextBlob,CM_SearchableText) VALUES (
867,
268440329,
0,
'00e0db4979306fe0',
#07/06/2006#,
#07/06/2006#,
4,
0,
'0400000010140044000000000000000000200040002e4000102e4000101400c40000000000000000001000c0002e4000102e4000101402800100000000000000001402800300000000000000001402400400000000000000001402c0040000000000000000140200050000000000000000140240050000000000000000',

'00000000',

'        4 5 5 5 5 6 6 8 5 8 8 1 7 4 3   6 6   e r j S M ` i T f m x X - p I X ^ ` S H u e u V d ^ B s l Z B T   T F l W - j P E r D W t - o k l U R Z w u N E E B R n w S O I j   p s 8 u 6 e B V S X i V c M p k   P b Q Y m A X v V o E o f C l v W q O c u h n p U Y M _ - e r X   '
);

INSERT INTO identitytable (Parent_CMID,CM_FirstName,CM_LastName,CM_CompanyName,CM_Type,CM_Attributes,CM_HintField,CM_ExtHintField,CM_FirstNmPrn,CM_LastNmPrn,CM_CompanyNmPrn) VALUES (
867,
'Vi',
'Hache',
NULL,
268440329,
4,
85,
0,
NULL,
NULL,
NULL
);

INSERT INTO emailtable (EMail_FieldID,EmailParent_CMID,EMailAddress) VALUES (
66,
867,
'Vi_Hache@Bepl.co.uk'
);

INSERT INTO phone (CM_Id,CM_PhoneMatching,CM_ExtendedPhoneMatching) VALUES (
867,
3471885,
86655554
);

INSERT INTO contacts (CM_Id,CM_Type,CM_PrefTemplateRefId,CM_UIDString,CM_Last_modified,CM_ContactCreationDate,CM_Attributes,CM_ReplicationCount,CM_Header,CM_TextBlob,CM_SearchableText) VALUES (
868,
268440329,
0,
'00e0db49793096f0',
#07/06/2006#,
#07/06/2006#,
4,
0,
'0400000010140044000000000000000000200040002e4000102e4000101400c40000000000000000001000c0002e4000102e4000101402800100000000000000001402800300000000000000001402400400000000000000001402c0040000000000000000140200050000000000000000140240050000000000000000',

'00000000',

'        2 7 2 4 8 7 2 4 2 2 4 5 7 3 3   6 7   w k B K H d T a - c S G p ] ] e N u n d h p t u Y - E c L L H R   m [ n s i I w p C [ E C e Y Y P h Q i E u K u f Y B q X P Q S a   = w b 5 J = t A 6 O c F w P @ A   a H l i s a O Y Z ` m n p k Y d - W I o d S E v m c P u N P G D   '
);

INSERT INTO identitytable (Parent_CMID,CM_FirstName,CM_LastName,CM_CompanyName,CM_Type,CM_Attributes,CM_HintField,CM_ExtHintField,CM_FirstNmPrn,CM_LastNmPrn,CM_CompanyNmPrn) VALUES (
868,
'Cariamaney',
'SoppanetUsstearl',
NULL,
268440329,
4,
85,
0,
NULL,
NULL,
NULL
);

INSERT INTO emailtable (EMail_FieldID,EmailParent_CMID,EMailAddress) VALUES (
67,
868,
'Cariamaney_SoppanetUsstearl@WinencAlingunt.co.uk'
);

INSERT INTO phone (CM_Id,CM_PhoneMatching,CM_ExtendedPhoneMatching) VALUES (
868,
3375422,
42784272
);

INSERT INTO contacts (CM_Id,CM_Type,CM_PrefTemplateRefId,CM_UIDString,CM_Last_modified,CM_ContactCreationDate,CM_Attributes,CM_ReplicationCount,CM_Header,CM_TextBlob,CM_SearchableText) VALUES (
869,
268440329,
0,
'00e0db497930d188',
#07/06/2006#,
#07/06/2006#,
4,
0,
'0400000010140044000000000000000000200040002e4000102e4000101400c40000000000000000001000c0002e4000102e4000101402800100000000000000001402800300000000000000001402400400000000000000001402c0040000000000000000140200050000000000000000140240050000000000000000',

'00000000',

'        0 0 6 5 4 2 2 2 3 2 3 1 6 0 6   6 8   w f j B - b m c f X M ` Y x i m _ U H e I J W j P u S L c k t N   M G q Y E J g t Q m [ p k f x l s u R D e G Y E g s ] T q E o v   E l E = x ` k I K _ t W q @ v p   _ g M U T S w p P l d I B U h s o L u R x ] g N G n o - [ f e j   '
);

INSERT INTO identitytable (Parent_CMID,CM_FirstName,CM_LastName,CM_CompanyName,CM_Type,CM_Attributes,CM_HintField,CM_ExtHintField,CM_FirstNmPrn,CM_LastNmPrn,CM_CompanyNmPrn) VALUES (
869,
'Jaulelin',
'Machabitlitzungerrkikaliallengemar',
NULL,
268440329,
4,
85,
0,
NULL,
NULL,
NULL
);

INSERT INTO emailtable (EMail_FieldID,EmailParent_CMID,EMailAddress) VALUES (
68,
869,
'Jaulelin_Machabitlitzungerrkikaliallengemar@Rareveowerrlonnter.co.uk'
);

INSERT INTO phone (CM_Id,CM_PhoneMatching,CM_ExtendedPhoneMatching) VALUES (
869,
6061323,
22245600
);

INSERT INTO contacts (CM_Id,CM_Type,CM_PrefTemplateRefId,CM_UIDString,CM_Last_modified,CM_ContactCreationDate,CM_Attributes,CM_ReplicationCount,CM_Header,CM_TextBlob,CM_SearchableText) VALUES (
870,
268440329,
0,
'00e0db497930f898',
#07/06/2006#,
#07/06/2006#,
4,
0,
'0400000010140044000000000000000000200040002e4000102e4000101400c40000000000000000001000c0002e4000102e4000101402800100000000000000001402800300000000000000001402400400000000000000001402c0040000000000000000140200050000000000000000140240050000000000000000',

'00000000',

'        4 0 5 8 4 6 2 2 6 6 1 4 5 4 0   6 9   n F ^ y v s i M n T K j o n t U X _ W o Q W r ` B U [ M C M M Z   l Z f x J x Z j f ` A ` s w X g M N f n X V B J _ U P f Q e H x   y - 3 @ k R G Q 1 K I ^ V W ? `   c f - Q S d s Q O G k g g b H a Y Z M _ - - [ p - ^ B ^ C Y p a   '
);

INSERT INTO identitytable (Parent_CMID,CM_FirstName,CM_LastName,CM_CompanyName,CM_Type,CM_Attributes,CM_HintField,CM_ExtHintField,CM_FirstNmPrn,CM_LastNmPrn,CM_CompanyNmPrn) VALUES (
870,
'Va',
'Tukeraz',
NULL,
268440329,
4,
85,
0,
NULL,
NULL,
NULL
);

INSERT INTO emailtable (EMail_FieldID,EmailParent_CMID,EMailAddress) VALUES (
69,
870,
'Va_Tukeraz@Lerat.co.uk'
);

INSERT INTO phone (CM_Id,CM_PhoneMatching,CM_ExtendedPhoneMatching) VALUES (
870,
454166,
22648504
);

INSERT INTO contacts (CM_Id,CM_Type,CM_PrefTemplateRefId,CM_UIDString,CM_Last_modified,CM_ContactCreationDate,CM_Attributes,CM_ReplicationCount,CM_Header,CM_TextBlob,CM_SearchableText) VALUES (
871,
268440329,
0,
'00e0db4979311fa8',
#07/06/2006#,
#07/06/2006#,
4,
0,
'0400000010140044000000000000000000200040002e4000102e4000101400c40000000000000000001000c0002e4000102e4000101402800100000000000000001402800300000000000000001402400400000000000000001402c0040000000000000000140200050000000000000000140240050000000000000000',

'00000000',

'        0 8 0 0 4 8 6 2 3 4 5 3 2 4 7   7 0   R H T Y r V q e Z e T b p j I G g Z F X s Y u O C L R N Q ` m E   u j V [ f o H b ] ] A l ^ E w F I Z J x s V O B y [ l Z k J ^ g   : L V L Y A E l 6 7 5 I D E V N   X R a R i l i ] l o R V O T Y Q U S v ^ T r P K u s m Y K J s L   '
);

INSERT INTO identitytable (Parent_CMID,CM_FirstName,CM_LastName,CM_CompanyName,CM_Type,CM_Attributes,CM_HintField,CM_ExtHintField,CM_FirstNmPrn,CM_LastNmPrn,CM_CompanyNmPrn) VALUES (
871,
'Benid',
'Brrlauinare',
NULL,
268440329,
4,
85,
0,
NULL,
NULL,
NULL
);

INSERT INTO emailtable (EMail_FieldID,EmailParent_CMID,EMailAddress) VALUES (
70,
871,
'Benid_Brrlauinare@Meezuradg.co.uk'
);

INSERT INTO phone (CM_Id,CM_PhoneMatching,CM_ExtendedPhoneMatching) VALUES (
871,
7423543,
26840080
);

INSERT INTO contacts (CM_Id,CM_Type,CM_PrefTemplateRefId,CM_UIDString,CM_Last_modified,CM_ContactCreationDate,CM_Attributes,CM_ReplicationCount,CM_Header,CM_TextBlob,CM_SearchableText) VALUES (
872,
268440329,
0,
'00e0db49793146b8',
#07/06/2006#,
#07/06/2006#,
4,
0,
'0400000010140044000000000000000000200040002e4000102e4000101400c40000000000000000001000c0002e4000102e4000101402800100000000000000001402800300000000000000001402400400000000000000001402c0040000000000000000140200050000000000000000140240050000000000000000',

'00000000',

'        2 4 6 3 4 7 8 2 0 0 4 4 0 4 4   7 1   G p E Q W w p I l e i T U k e b q q M I _ d k m ^ B W I o o S B   Q r O i v i a L F Q L E J n g L B j R e O - m o B g O H y v ` L   ; 4 o l _ N ^ e U ^ Q t g b h @   A y v S W R ^ M I f v G o f l J X j t ` U v O _ O t e e [ - j s   '
);

INSERT INTO identitytable (Parent_CMID,CM_FirstName,CM_LastName,CM_CompanyName,CM_Type,CM_Attributes,CM_HintField,CM_ExtHintField,CM_FirstNmPrn,CM_LastNmPrn,CM_CompanyNmPrn) VALUES (
872,
'Brtiattthalich',
'Sjonampppuguratt',
NULL,
268440329,
4,
85,
0,
NULL,
NULL,
NULL
);

INSERT INTO emailtable (EMail_FieldID,EmailParent_CMID,EMailAddress) VALUES (
71,
872,
'Brtiattthalich_Sjonampppuguratt@Jong.co.uk'
);

INSERT INTO phone (CM_Id,CM_PhoneMatching,CM_ExtendedPhoneMatching) VALUES (
872,
4404400,
28743642
);

INSERT INTO contacts (CM_Id,CM_Type,CM_PrefTemplateRefId,CM_UIDString,CM_Last_modified,CM_ContactCreationDate,CM_Attributes,CM_ReplicationCount,CM_Header,CM_TextBlob,CM_SearchableText) VALUES (
873,
268440329,
0,
'00e0db4979316dc8',
#07/06/2006#,
#07/06/2006#,
4,
0,
'0400000010140044000000000000000000200040002e4000102e4000101400c40000000000000000001000c0002e4000102e4000101402800100000000000000001402800300000000000000001402400400000000000000001402c0040000000000000000140200050000000000000000140240050000000000000000',

'00000000',

'        2 0 2 1 2 8 4 0 4 2 0 7 8 4 2   7 2   P X O y C m o U d Z I R R X D S ^ M ` k ^ P k - e V F D L d N v   f e ^ f N c T [ W a a O d Y D ^ M j K X Z L J o D I v k n Z v l   P S u N p Y k G U ^ k Q 3 1 N `   [ F i x w W n w O K H p O a F F e c i l B g G w v m _ s [ ] r u   '
);

INSERT INTO identitytable (Parent_CMID,CM_FirstName,CM_LastName,CM_CompanyName,CM_Type,CM_Attributes,CM_HintField,CM_ExtHintField,CM_FirstNmPrn,CM_LastNmPrn,CM_CompanyNmPrn) VALUES (
873,
'Sthindyoren',
'Annory',
NULL,
268440329,
4,
85,
0,
NULL,
NULL,
NULL
);

INSERT INTO emailtable (EMail_FieldID,EmailParent_CMID,EMailAddress) VALUES (
72,
873,
'Sthindyoren_Annory@Haperildoneiphunis.co.uk'
);

INSERT INTO phone (CM_Id,CM_PhoneMatching,CM_ExtendedPhoneMatching) VALUES (
873,
2487024,
4821202
);

INSERT INTO contacts (CM_Id,CM_Type,CM_PrefTemplateRefId,CM_UIDString,CM_Last_modified,CM_ContactCreationDate,CM_Attributes,CM_ReplicationCount,CM_Header,CM_TextBlob,CM_SearchableText) VALUES (
874,
268440329,
0,
'00e0db49793194d8',
#07/06/2006#,
#07/06/2006#,
4,
0,
'0400000010140044000000000000000000200040002e4000102e4000101400c40000000000000000001000c0002e4000102e4000101402800100000000000000001402800300000000000000001402400400000000000000001402c0040000000000000000140200050000000000000000140240050000000000000000',

'00000000',

'        8 1 4 2 8 2 2 5 1 0 8 2 0 7 2   7 3   u S K [ - v V T d X b b V _ k [ k M j s e T a D v _ j J T q _ Y   ` E Y S O _ M e C M F h X D n d q A B x u ` ` k l v m F r Y q u   5 8 s c v ? v W a B a ^ 8 N A I   i L V F O _ o U g D ` n I [ a V j G b E b E e y Q [ E u i t c H   '
);

INSERT INTO identitytable (Parent_CMID,CM_FirstName,CM_LastName,CM_CompanyName,CM_Type,CM_Attributes,CM_HintField,CM_ExtHintField,CM_FirstNmPrn,CM_LastNmPrn,CM_CompanyNmPrn) VALUES (
874,
'Visashrdrasstt',
'Shausoy',
NULL,
268440329,
4,
85,
0,
NULL,
NULL,
NULL
);

INSERT INTO emailtable (EMail_FieldID,EmailParent_CMID,EMailAddress) VALUES (
73,
874,
'Visashrdrasstt_Shausoy@B.co.uk'
);

INSERT INTO phone (CM_Id,CM_PhoneMatching,CM_ExtendedPhoneMatching) VALUES (
874,
2702801,
52282418
);

INSERT INTO contacts (CM_Id,CM_Type,CM_PrefTemplateRefId,CM_UIDString,CM_Last_modified,CM_ContactCreationDate,CM_Attributes,CM_ReplicationCount,CM_Header,CM_TextBlob,CM_SearchableText) VALUES (
875,
268440329,
0,
'00e0db497931c81d',
#07/06/2006#,
#07/06/2006#,
4,
0,
'0400000010140044000000000000000000200040002e4000102e4000101400c40000000000000000001000c0002e4000102e4000101402800100000000000000001402800300000000000000001402400400000000000000001402c0040000000000000000140200050000000000000000140240050000000000000000',

'00000000',

'        2 0 4 2 5 0 1 7 0 7 2 2 4 6 7   7 4   B D d c F g g Z p x Z A ` B j I f Y k ^ o h g e v M A J d p r S   q l s u N b w c k x H B ^ J - T h a k B i [ - [ J y H E L h ` h   f ] w h r 5 3 - 0 o Q e _ B 8 _   q G Z T D c b C J ^ x e M w u R O G Z g d G b H j Z o A L L F [   '
);

INSERT INTO identitytable (Parent_CMID,CM_FirstName,CM_LastName,CM_CompanyName,CM_Type,CM_Attributes,CM_HintField,CM_ExtHintField,CM_FirstNmPrn,CM_LastNmPrn,CM_CompanyNmPrn) VALUES (
875,
'And',
'Alawonghens',
NULL,
268440329,
4,
85,
0,
NULL,
NULL,
NULL
);

INSERT INTO emailtable (EMail_FieldID,EmailParent_CMID,EMailAddress) VALUES (
74,
875,
'And_Alawonghens@Rum.co.uk'
);

INSERT INTO phone (CM_Id,CM_PhoneMatching,CM_ExtendedPhoneMatching) VALUES (
875,
7642270,
71052402
);

INSERT INTO contacts (CM_Id,CM_Type,CM_PrefTemplateRefId,CM_UIDString,CM_Last_modified,CM_ContactCreationDate,CM_Attributes,CM_ReplicationCount,CM_Header,CM_TextBlob,CM_SearchableText) VALUES (
876,
268440329,
0,
'00e0db497931f19e',
#07/06/2006#,
#07/06/2006#,
4,
0,
'0400000010140044000000000000000000200040002e4000102e4000101400c40000000000000000001000c0002e4000102e4000101402800100000000000000001402800300000000000000001402400400000000000000001402c0040000000000000000140200050000000000000000140240050000000000000000',

'00000000',

'        5 7 8 2 4 1 2 8 6 2 4 7 3 2 3   7 5   b n M n o k s ` l g H N h j [ f S X X [ L X - X I j r F x N i x   L l V M u v R F C n Y T X l N g I O l J _ g s [ ` u X K D P l g   L 3 w i h ? D 3 W 9 i F F @ p F   D T A s W l [ a N - ] x X g i l ^ O s ] P g H G ` b X ] L Z O C   '
);

INSERT INTO identitytable (Parent_CMID,CM_FirstName,CM_LastName,CM_CompanyName,CM_Type,CM_Attributes,CM_HintField,CM_ExtHintField,CM_FirstNmPrn,CM_LastNmPrn,CM_CompanyNmPrn) VALUES (
876,
'Jey',
'Roranndg',
NULL,
268440329,
4,
85,
0,
NULL,
NULL,
NULL
);

INSERT INTO emailtable (EMail_FieldID,EmailParent_CMID,EMailAddress) VALUES (
75,
876,
'Jey_Roranndg@Goverkemit.co.uk'
);

INSERT INTO phone (CM_Id,CM_PhoneMatching,CM_ExtendedPhoneMatching) VALUES (
876,
3237426,
82142875
);

INSERT INTO contacts (CM_Id,CM_Type,CM_PrefTemplateRefId,CM_UIDString,CM_Last_modified,CM_ContactCreationDate,CM_Attributes,CM_ReplicationCount,CM_Header,CM_TextBlob,CM_SearchableText) VALUES (
877,
268440329,
0,
'00e0db4979328dde',
#07/06/2006#,
#07/06/2006#,
4,
0,
'0400000010140044000000000000000000200040002e4000102e4000101400c40000000000000000001000c0002e4000102e4000101402800100000000000000001402800300000000000000001402400400000000000000001402c0040000000000000000140200050000000000000000140240050000000000000000',

'00000000',

'        0 1 8 1 7 8 6 4 0 7 1 1 5 1 4   7 6   x b w X q b W V b A ^ ^ g v a b s E y g o A L L t p T H h t I m   ` f y - K x ^ T l ` y d ] v m E q W A Q P b R r v - d B m R ^ W   R V W P ` H t o J u R @ p c O e   - w n ] n D [ e i W X y Y A C x U l ] o ^ I P I t S A ` T V U b   '
);

INSERT INTO identitytable (Parent_CMID,CM_FirstName,CM_LastName,CM_CompanyName,CM_Type,CM_Attributes,CM_HintField,CM_ExtHintField,CM_FirstNmPrn,CM_LastNmPrn,CM_CompanyNmPrn) VALUES (
877,
'Lay',
'Tokini',
NULL,
268440329,
4,
85,
0,
NULL,
NULL,
NULL
);

INSERT INTO emailtable (EMail_FieldID,EmailParent_CMID,EMailAddress) VALUES (
76,
877,
'Lay_Tokini@Usowess.co.uk'
);

INSERT INTO phone (CM_Id,CM_PhoneMatching,CM_ExtendedPhoneMatching) VALUES (
877,
4151170,
46871810
);

INSERT INTO contacts (CM_Id,CM_Type,CM_PrefTemplateRefId,CM_UIDString,CM_Last_modified,CM_ContactCreationDate,CM_Attributes,CM_ReplicationCount,CM_Header,CM_TextBlob,CM_SearchableText) VALUES (
878,
268440329,
0,
'00e0db497932c876',
#07/06/2006#,
#07/06/2006#,
4,
0,
'0400000010140044000000000000000000200040002e4000102e4000101400c40000000000000000001000c0002e4000102e4000101402800100000000000000001402800300000000000000001402400400000000000000001402c0040000000000000000140200050000000000000000140240050000000000000000',

'00000000',

'        1 1 4 6 1 3 6 5 3 2 2 2 3 0 6   7 7   H P M - H u ] H k U S C D Y D r T Y f r N f g l m b L a Z F l r   a k F P b P ^ Z V T M J Z j j S J K i F b d w b q w R F X _ G t   r v > 8 i 5 X _ < 8 P 3 u 4 G e   v d L A p y h - C E g p d Z Q F n ` B O L R C A d o J n S e g K   '
);

INSERT INTO identitytable (Parent_CMID,CM_FirstName,CM_LastName,CM_CompanyName,CM_Type,CM_Attributes,CM_HintField,CM_ExtHintField,CM_FirstNmPrn,CM_LastNmPrn,CM_CompanyNmPrn) VALUES (
878,
'Phorb',
'HongsoupacNisssonsk',
NULL,
268440329,
4,
85,
0,
NULL,
NULL,
NULL
);

INSERT INTO emailtable (EMail_FieldID,EmailParent_CMID,EMailAddress) VALUES (
77,
878,
'Phorb_HongsoupacNisssonsk@So.co.uk'
);

INSERT INTO phone (CM_Id,CM_PhoneMatching,CM_ExtendedPhoneMatching) VALUES (
878,
6032223,
56316411
);

INSERT INTO contacts (CM_Id,CM_Type,CM_PrefTemplateRefId,CM_UIDString,CM_Last_modified,CM_ContactCreationDate,CM_Attributes,CM_ReplicationCount,CM_Header,CM_TextBlob,CM_SearchableText) VALUES (
879,
268440329,
0,
'00e0db497933030e',
#07/06/2006#,
#07/06/2006#,
4,
0,
'0400000010140044000000000000000000200040002e4000102e4000101400c40000000000000000001000c0002e4000102e4000101402800100000000000000001402800300000000000000001402400400000000000000001402c0040000000000000000140200050000000000000000140240050000000000000000',

'00000000',

'        8 4 5 4 6 8 2 0 8 0 0 5 8 5 0   7 8   h s m Z T [ [ d E l m Z W Y - g U Q U g x Q N H W o b a A ] M w   n b g J L R T A h n m ] [ i v R O b k o W k V o O p G e J [ X Y   t 0 R w j i p x 7 0 H r = ] R :   q e K t B A S A J k A r n s - W T - l D K S w M H h p m P F v l   '
);

INSERT INTO identitytable (Parent_CMID,CM_FirstName,CM_LastName,CM_CompanyName,CM_Type,CM_Attributes,CM_HintField,CM_ExtHintField,CM_FirstNmPrn,CM_LastNmPrn,CM_CompanyNmPrn) VALUES (
879,
'Ja',
'Sedoxontert',
NULL,
268440329,
4,
85,
0,
NULL,
NULL,
NULL
);

INSERT INTO emailtable (EMail_FieldID,EmailParent_CMID,EMailAddress) VALUES (
78,
879,
'Ja_Sedoxontert@Hugayonndackpald.co.uk'
);

INSERT INTO phone (CM_Id,CM_PhoneMatching,CM_ExtendedPhoneMatching) VALUES (
879,
585008,
2864548
);

INSERT INTO contacts (CM_Id,CM_Type,CM_PrefTemplateRefId,CM_UIDString,CM_Last_modified,CM_ContactCreationDate,CM_Attributes,CM_ReplicationCount,CM_Header,CM_TextBlob,CM_SearchableText) VALUES (
880,
268440329,
0,
'00e0db4979333da6',
#07/06/2006#,
#07/06/2006#,
4,
0,
'0400000010140044000000000000000000200040002e4000102e4000101400c40000000000000000001000c0002e4000102e4000101402800100000000000000001402800300000000000000001402400400000000000000001402c0040000000000000000140200050000000000000000140240050000000000000000',

'00000000',

'        1 0 5 1 2 3 0 0 4 0 1 6 4 3 5   7 9   L c R Q x u r N g j T K Z D m i u F U x M T g i L ` n k w D L u   S h d X p q q o C X ` R x K O T - a c A Q [ j u h N r L U J Q R   f l c : Y 4 X _ B F J U E N M c   S s u W T ^ m A q J _ K P Y d d t q i E K E W f N _ h W w D ` J   '
);

INSERT INTO identitytable (Parent_CMID,CM_FirstName,CM_LastName,CM_CompanyName,CM_Type,CM_Attributes,CM_HintField,CM_ExtHintField,CM_FirstNmPrn,CM_LastNmPrn,CM_CompanyNmPrn) VALUES (
880,
'Stign',
'Re',
NULL,
268440329,
4,
85,
0,
NULL,
NULL,
NULL
);

INSERT INTO emailtable (EMail_FieldID,EmailParent_CMID,EMailAddress) VALUES (
79,
880,
'Stign_Re@Ronons.co.uk'
);

INSERT INTO phone (CM_Id,CM_PhoneMatching,CM_ExtendedPhoneMatching) VALUES (
880,
5346104,
321501
);

INSERT INTO contacts (CM_Id,CM_Type,CM_PrefTemplateRefId,CM_UIDString,CM_Last_modified,CM_ContactCreationDate,CM_Attributes,CM_ReplicationCount,CM_Header,CM_TextBlob,CM_SearchableText) VALUES (
881,
268440329,
0,
'00e0db49793364b6',
#07/06/2006#,
#07/06/2006#,
4,
0,
'0400000010140044000000000000000000200040002e4000102e4000101400c40000000000000000001000c0002e4000102e4000101402800100000000000000001402800300000000000000001402400400000000000000001402c0040000000000000000140200050000000000000000140240050000000000000000',

'00000000',

'        7 1 3 6 7 8 1 7 4 7 8 3 8 8 4   8 0   n i q r r R m o P v K E E h m i V V ^ m w [ w J L i t F j x N a   e r ` X c U O X m T G u M f n v y p - b a f P l I w h W w ] s H   x G k p J P g b l 4 h R C M x P   u R A N g O r H q N l Y P G H D d d d t T Y k f L a - I j N J r   '
);

INSERT INTO identitytable (Parent_CMID,CM_FirstName,CM_LastName,CM_CompanyName,CM_Type,CM_Attributes,CM_HintField,CM_ExtHintField,CM_FirstNmPrn,CM_LastNmPrn,CM_CompanyNmPrn) VALUES (
881,
'Kerd',
'Wasom',
NULL,
268440329,
4,
85,
0,
NULL,
NULL,
NULL
);

INSERT INTO emailtable (EMail_FieldID,EmailParent_CMID,EMailAddress) VALUES (
80,
881,
'Kerd_Wasom@Sondy.co.uk'
);

INSERT INTO phone (CM_Id,CM_PhoneMatching,CM_ExtendedPhoneMatching) VALUES (
881,
4883874,
71876317
);

INSERT INTO contacts (CM_Id,CM_Type,CM_PrefTemplateRefId,CM_UIDString,CM_Last_modified,CM_ContactCreationDate,CM_Attributes,CM_ReplicationCount,CM_Header,CM_TextBlob,CM_SearchableText) VALUES (
882,
268440329,
0,
'00e0db4979339cdd',
#07/06/2006#,
#07/06/2006#,
4,
0,
'0400000010140044000000000000000000200040002e4000102e4000101400c40000000000000000001000c0002e4000102e4000101402800100000000000000001402800300000000000000001402400400000000000000001402c0040000000000000000140200050000000000000000140240050000000000000000',

'00000000',

'        5 5 1 1 7 0 8 4 8 3 3 4 1 3 6   8 1   I D G M M f e E x I B M A ^ _ c Q k s e E r f u m V e y ^ R N W   Y p S j m A d E f r Q Z d t R v y C x A _ A f u h W T j P n ] j   i m V ` h S L p S J t f 2 j M l   Q A Z R V Z y N R j p w d [ t a f h ] w ` I M - c q ^ l Y L d J   '
);

INSERT INTO identitytable (Parent_CMID,CM_FirstName,CM_LastName,CM_CompanyName,CM_Type,CM_Attributes,CM_HintField,CM_ExtHintField,CM_FirstNmPrn,CM_LastNmPrn,CM_CompanyNmPrn) VALUES (
882,
'Shegeiew',
'Ass',
NULL,
268440329,
4,
85,
0,
NULL,
NULL,
NULL
);

INSERT INTO emailtable (EMail_FieldID,EmailParent_CMID,EMailAddress) VALUES (
81,
882,
'Shegeiew_Ass@Bums.co.uk'
);

INSERT INTO phone (CM_Id,CM_PhoneMatching,CM_ExtendedPhoneMatching) VALUES (
882,
6314338,
48071155
);

INSERT INTO contacts (CM_Id,CM_Type,CM_PrefTemplateRefId,CM_UIDString,CM_Last_modified,CM_ContactCreationDate,CM_Attributes,CM_ReplicationCount,CM_Header,CM_TextBlob,CM_SearchableText) VALUES (
883,
268440329,
0,
'00e0db497933d775',
#07/06/2006#,
#07/06/2006#,
4,
0,
'0400000010140044000000000000000000200040002e4000102e4000101400c40000000000000000001000c0002e4000102e4000101402800100000000000000001402800300000000000000001402400400000000000000001402c0040000000000000000140200050000000000000000140240050000000000000000',

'00000000',

'        0 8 7 6 2 4 4 5 8 0 5 6 0 8 0   8 2   T P o h x t c C P D s T h N C v T g V B E ` t ` O n _ q H P s l   Q W M ^ x M ` [ A a Y q T j C y K I v R f o W H c M n B _ H h O   m h E S - o > H l V E K 8 5 h c   v v t v n q N P L v b G v Q o j ` E e X [ j _ O k P K i X A t a   '
);

INSERT INTO identitytable (Parent_CMID,CM_FirstName,CM_LastName,CM_CompanyName,CM_Type,CM_Attributes,CM_HintField,CM_ExtHintField,CM_FirstNmPrn,CM_LastNmPrn,CM_CompanyNmPrn) VALUES (
883,
'Anajicik',
'Ferilars',
NULL,
268440329,
4,
85,
0,
NULL,
NULL,
NULL
);

INSERT INTO emailtable (EMail_FieldID,EmailParent_CMID,EMailAddress) VALUES (
82,
883,
'Anajicik_Ferilars@Joons.co.uk'
);

INSERT INTO phone (CM_Id,CM_PhoneMatching,CM_ExtendedPhoneMatching) VALUES (
883,
806508,
54426780
);

INSERT INTO contacts (CM_Id,CM_Type,CM_PrefTemplateRefId,CM_UIDString,CM_Last_modified,CM_ContactCreationDate,CM_Attributes,CM_ReplicationCount,CM_Header,CM_TextBlob,CM_SearchableText) VALUES (
884,
268440329,
0,
'00e0db497933fe85',
#07/06/2006#,
#07/06/2006#,
4,
0,
'0400000010140044000000000000000000200040002e4000102e4000101400c40000000000000000001000c0002e4000102e4000101402800100000000000000001402800300000000000000001402400400000000000000001402c0040000000000000000140200050000000000000000140240050000000000000000',

'00000000',

'        8 1 5 7 6 7 5 1 8 5 7 0 2 4 2   8 3   [ n P A p O I v v k D O f p T k Y p v A S A ^ i A Q Q l T G d t   n s L A t J S f F y r K F r [ R y I r Z ^ L e S X c d A m d u v   ^ _ E A k G ^ v : X 4 J k h A y   ] w T t r F s n f y b O H ] ^ y B K C M Q y X q [ U x M L m Q t   '
);

INSERT INTO identitytable (Parent_CMID,CM_FirstName,CM_LastName,CM_CompanyName,CM_Type,CM_Attributes,CM_HintField,CM_ExtHintField,CM_FirstNmPrn,CM_LastNmPrn,CM_CompanyNmPrn) VALUES (
884,
'Tij',
'Ham',
NULL,
268440329,
4,
85,
0,
NULL,
NULL,
NULL
);

INSERT INTO emailtable (EMail_FieldID,EmailParent_CMID,EMailAddress) VALUES (
83,
884,
'Tij_Ham@Antreconensos.co.uk'
);

INSERT INTO phone (CM_Id,CM_PhoneMatching,CM_ExtendedPhoneMatching) VALUES (
884,
2420758,
15767518
);

INSERT INTO contacts (CM_Id,CM_Type,CM_PrefTemplateRefId,CM_UIDString,CM_Last_modified,CM_ContactCreationDate,CM_Attributes,CM_ReplicationCount,CM_Header,CM_TextBlob,CM_SearchableText) VALUES (
885,
268440329,
0,
'00e0db4979342595',
#07/06/2006#,
#07/06/2006#,
4,
0,
'0400000010140044000000000000000000200040002e4000102e4000101400c40000000000000000001000c0002e4000102e4000101402800100000000000000001402800300000000000000001402400400000000000000001402c0040000000000000000140200050000000000000000140240050000000000000000',

'00000000',

'        6 2 7 6 8 7 3 4 0 5 1 1 7 1 6   8 4   i r R i X k [ q M ] I _ b _ Z l D N e W - N n _ F c a n v o a i   X x D J T s f b ` Z a t H C V n j a c [ [ A V ` m i A G R ^ y S   v q > d f ^ q s k C K H f m 3 i   W N d I p i J O x t p _ T K V ] k d _ Q W f U f f I E B f h G V   '
);

INSERT INTO identitytable (Parent_CMID,CM_FirstName,CM_LastName,CM_CompanyName,CM_Type,CM_Attributes,CM_HintField,CM_ExtHintField,CM_FirstNmPrn,CM_LastNmPrn,CM_CompanyNmPrn) VALUES (
885,
'Mick',
'Matatticlidyma',
NULL,
268440329,
4,
85,
0,
NULL,
NULL,
NULL
);

INSERT INTO emailtable (EMail_FieldID,EmailParent_CMID,EMailAddress) VALUES (
84,
885,
'Mick_Matatticlidyma@Jou.co.uk'
);

INSERT INTO phone (CM_Id,CM_PhoneMatching,CM_ExtendedPhoneMatching) VALUES (
885,
6171150,
43786726
);

INSERT INTO contacts (CM_Id,CM_Type,CM_PrefTemplateRefId,CM_UIDString,CM_Last_modified,CM_ContactCreationDate,CM_Attributes,CM_ReplicationCount,CM_Header,CM_TextBlob,CM_SearchableText) VALUES (
886,
268440329,
0,
'00e0db4979344ca5',
#07/06/2006#,
#07/06/2006#,
4,
0,
'0400000010140044000000000000000000200040002e4000102e4000101400c40000000000000000001000c0002e4000102e4000101402800100000000000000001402800300000000000000001402400400000000000000001402c0040000000000000000140200050000000000000000140240050000000000000000',

'00000000',

'        1 6 1 2 8 8 2 4 4 8 6 5 2 8 1   8 5   i G G C c L P X _ d ] E F n s f V x d p H J d v B l U E U T B ]   n W b w R k y Q l x T b O Z c N A V P C G C k v X X D S J R [ I   W ^ M I V @ 7 I X g h 8 w G V <   q V y j N y l i U V [ a F k u h g r - Z c c X f A v ` V U o n i   '
);

INSERT INTO identitytable (Parent_CMID,CM_FirstName,CM_LastName,CM_CompanyName,CM_Type,CM_Attributes,CM_HintField,CM_ExtHintField,CM_FirstNmPrn,CM_LastNmPrn,CM_CompanyNmPrn) VALUES (
886,
'Drrenn',
'Jal',
NULL,
268440329,
4,
85,
0,
NULL,
NULL,
NULL
);

INSERT INTO emailtable (EMail_FieldID,EmailParent_CMID,EMailAddress) VALUES (
85,
886,
'Drrenn_Jal@Sowlilahm.co.uk'
);

INSERT INTO phone (CM_Id,CM_PhoneMatching,CM_ExtendedPhoneMatching) VALUES (
886,
1825684,
42882161
);

INSERT INTO contacts (CM_Id,CM_Type,CM_PrefTemplateRefId,CM_UIDString,CM_Last_modified,CM_ContactCreationDate,CM_Attributes,CM_ReplicationCount,CM_Header,CM_TextBlob,CM_SearchableText) VALUES (
887,
268440329,
0,
'00e0db497934873d',
#07/06/2006#,
#07/06/2006#,
4,
0,
'0400000010140044000000000000000000200040002e4000102e4000101400c40000000000000000001000c0002e4000102e4000101402800100000000000000001402800300000000000000001402400400000000000000001402c0040000000000000000140200050000000000000000140240050000000000000000',

'00000000',

'        7 4 7 2 4 0 5 4 8 2 3 6 1 2 7   8 6   v E P F C j h f b v y L N f M q G [ e X j f k j r _ e B U n t r   U n G ^ S G Z D U x e x t d S C Q e a j L m a j D g - E T l c c   < L Y 3 Z u j = _ d l E t m f R   O y w - O C o P j a k K T Z Q v t x m x - P l W U V I x U E G Z   '
);

INSERT INTO identitytable (Parent_CMID,CM_FirstName,CM_LastName,CM_CompanyName,CM_Type,CM_Attributes,CM_HintField,CM_ExtHintField,CM_FirstNmPrn,CM_LastNmPrn,CM_CompanyNmPrn) VALUES (
887,
'Eizicay',
'Gunbss',
NULL,
268440329,
4,
85,
0,
NULL,
NULL,
NULL
);

INSERT INTO emailtable (EMail_FieldID,EmailParent_CMID,EMailAddress) VALUES (
86,
887,
'Eizicay_Gunbss@Johasthayelu.co.uk'
);

INSERT INTO phone (CM_Id,CM_PhoneMatching,CM_ExtendedPhoneMatching) VALUES (
887,
7216328,
45042747
);

INSERT INTO contacts (CM_Id,CM_Type,CM_PrefTemplateRefId,CM_UIDString,CM_Last_modified,CM_ContactCreationDate,CM_Attributes,CM_ReplicationCount,CM_Header,CM_TextBlob,CM_SearchableText) VALUES (
888,
268440329,
0,
'00e0db497934ae4d',
#07/06/2006#,
#07/06/2006#,
4,
0,
'0400000010140044000000000000000000200040002e4000102e4000101400c40000000000000000001000c0002e4000102e4000101402800100000000000000001402800300000000000000001402400400000000000000001402c0040000000000000000140200050000000000000000140240050000000000000000',

'00000000',

'        0 0 4 6 8 5 1 5 2 6 3 8 0 3 3   8 7   l i - k o O x d R r H Y D m S ` i e U K P I S o v q K y r O Y x   b A [ _ C v ] D y o E - J x H j F C Y G h I F [ v h i h a q Q X   _ U 7 - 7 Y f U W e h ` y s h n   G x Y D I L N d D y ] T C ` p k V ^ s [ o U J K r U [ B [ m e v   '
);

INSERT INTO identitytable (Parent_CMID,CM_FirstName,CM_LastName,CM_CompanyName,CM_Type,CM_Attributes,CM_HintField,CM_ExtHintField,CM_FirstNmPrn,CM_LastNmPrn,CM_CompanyNmPrn) VALUES (
888,
'Ha',
'M',
NULL,
268440329,
4,
85,
0,
NULL,
NULL,
NULL
);

INSERT INTO emailtable (EMail_FieldID,EmailParent_CMID,EMailAddress) VALUES (
87,
888,
'Ha_M@Dr.co.uk'
);

INSERT INTO phone (CM_Id,CM_PhoneMatching,CM_ExtendedPhoneMatching) VALUES (
888,
3308362,
51586400
);

INSERT INTO contacts (CM_Id,CM_Type,CM_PrefTemplateRefId,CM_UIDString,CM_Last_modified,CM_ContactCreationDate,CM_Attributes,CM_ReplicationCount,CM_Header,CM_TextBlob,CM_SearchableText) VALUES (
889,
268440329,
0,
'00e0db497934d55d',
#07/06/2006#,
#07/06/2006#,
4,
0,
'0400000010140044000000000000000000200040002e4000102e4000101400c40000000000000000001000c0002e4000102e4000101402800100000000000000001402800300000000000000001402400400000000000000001402c0040000000000000000140200050000000000000000140240050000000000000000',

'00000000',

'        0 7 8 1 0 4 3 3 6 8 0 6 2 1 1   8 8   h i o I Y j W s r Y t i q R I _ E V s t ] D Q B r N s I t h a M   I Q v r [ t N R x c U f G m G b - x u y - S c y [ A c ` O b o d   2 H 2 G E 8 7 y = > L 7 m e c Y   v o M I R F j K E T T P e Y R W D - P V u G L w S ^ n i r p V I   '
);

INSERT INTO identitytable (Parent_CMID,CM_FirstName,CM_LastName,CM_CompanyName,CM_Type,CM_Attributes,CM_HintField,CM_ExtHintField,CM_FirstNmPrn,CM_LastNmPrn,CM_CompanyNmPrn) VALUES (
889,
'Belickas',
'Re',
NULL,
268440329,
4,
85,
0,
NULL,
NULL,
NULL
);

INSERT INTO emailtable (EMail_FieldID,EmailParent_CMID,EMailAddress) VALUES (
88,
889,
'Belickas_Re@Thardh.co.uk'
);

INSERT INTO phone (CM_Id,CM_PhoneMatching,CM_ExtendedPhoneMatching) VALUES (
889,
1126086,
33401870
);

INSERT INTO contacts (CM_Id,CM_Type,CM_PrefTemplateRefId,CM_UIDString,CM_Last_modified,CM_ContactCreationDate,CM_Attributes,CM_ReplicationCount,CM_Header,CM_TextBlob,CM_SearchableText) VALUES (
890,
268440329,
0,
'00e0db4979350ff5',
#07/06/2006#,
#07/06/2006#,
4,
0,
'0400000010140044000000000000000000200040002e4000102e4000101400c40000000000000000001000c0002e4000102e4000101402800100000000000000001402800300000000000000001402400400000000000000001402c0040000000000000000140200050000000000000000140240050000000000000000',

'00000000',

'        7 7 3 6 2 1 2 5 4 5 2 8 5 8 0   8 9   ` s t u C L O a w L M a [ c _ n A T x a L K S ] ^ p ` Z D G J u   j g F d A e G x N - O h [ M x ] B w S ^ A q L e j X g E ^ i h X   j V g h Y W j 2 U g b t @ 7 6 R   X X m V T f B M x J a x p U o K t b D ^ V N J N R O E Y I Q V N   '
);

INSERT INTO identitytable (Parent_CMID,CM_FirstName,CM_LastName,CM_CompanyName,CM_Type,CM_Attributes,CM_HintField,CM_ExtHintField,CM_FirstNmPrn,CM_LastNmPrn,CM_CompanyNmPrn) VALUES (
890,
'Pas',
'Sidginugh',
NULL,
268440329,
4,
85,
0,
NULL,
NULL,
NULL
);

INSERT INTO emailtable (EMail_FieldID,EmailParent_CMID,EMailAddress) VALUES (
89,
890,
'Pas_Sidginugh@Wil.co.uk'
);

INSERT INTO phone (CM_Id,CM_PhoneMatching,CM_ExtendedPhoneMatching) VALUES (
890,
858254,
52126377
);

INSERT INTO contacts (CM_Id,CM_Type,CM_PrefTemplateRefId,CM_UIDString,CM_Last_modified,CM_ContactCreationDate,CM_Attributes,CM_ReplicationCount,CM_Header,CM_TextBlob,CM_SearchableText) VALUES (
891,
268440329,
0,
'00e0db4979353705',
#07/06/2006#,
#07/06/2006#,
4,
0,
'0400000010140044000000000000000000200040002e4000102e4000101400c40000000000000000001000c0002e4000102e4000101402800100000000000000001402800300000000000000001402400400000000000000001402c0040000000000000000140200050000000000000000140240050000000000000000',

'00000000',

'        2 2 0 3 5 7 1 1 5 8 5 7 6 3 2   9 0   U I g y Q s X W K ] s W T T q L w O R Z Q D Y O E ` V O H p P S   c B a P D i I e t E c i [ U o _ x N Y R l B h Y t b A e s - a W   Y n < > 9 F : O c 5 R < w 3 p 5   x t M _ D Q v J U w C U T T W W t U y X N g Y H O G y O [ g m D   '
);

INSERT INTO identitytable (Parent_CMID,CM_FirstName,CM_LastName,CM_CompanyName,CM_Type,CM_Attributes,CM_HintField,CM_ExtHintField,CM_FirstNmPrn,CM_LastNmPrn,CM_CompanyNmPrn) VALUES (
891,
'Joh',
'Olema',
NULL,
268440329,
4,
85,
0,
NULL,
NULL,
NULL
);

INSERT INTO emailtable (EMail_FieldID,EmailParent_CMID,EMailAddress) VALUES (
90,
891,
'Joh_Olema@Hea.co.uk'
);

INSERT INTO phone (CM_Id,CM_PhoneMatching,CM_ExtendedPhoneMatching) VALUES (
891,
2367585,
11753022
);

INSERT INTO contacts (CM_Id,CM_Type,CM_PrefTemplateRefId,CM_UIDString,CM_Last_modified,CM_ContactCreationDate,CM_Attributes,CM_ReplicationCount,CM_Header,CM_TextBlob,CM_SearchableText) VALUES (
892,
268440329,
0,
'00e0db497935d345',
#07/06/2006#,
#07/06/2006#,
4,
0,
'0400000010140044000000000000000000200040002e4000102e4000101400c40000000000000000001000c0002e4000102e4000101402800100000000000000001402800300000000000000001402400400000000000000001402c0040000000000000000140200050000000000000000140240050000000000000000',

'00000000',

'        3 3 3 6 5 5 4 1 1 3 5 8 5 3 0   9 1   r R r x G f p G r Y R p D n G f f P N S p g s V ] t N N V y G y   V C B r l - L Z Z P b C Z ] L b p D c p L y H I X Z m g M N f o   r h d D N W g W I A 7 Z E L - x   b d - c e X i W o Z E g l ^ A G u u B - K Z p n V p ] S m W _ t   '
);

INSERT INTO identitytable (Parent_CMID,CM_FirstName,CM_LastName,CM_CompanyName,CM_Type,CM_Attributes,CM_HintField,CM_ExtHintField,CM_FirstNmPrn,CM_LastNmPrn,CM_CompanyNmPrn) VALUES (
892,
'Stetinge',
'Ek',
NULL,
268440329,
4,
85,
0,
NULL,
NULL,
NULL
);

INSERT INTO emailtable (EMail_FieldID,EmailParent_CMID,EMailAddress) VALUES (
91,
892,
'Stetinge_Ek@Valllannancenns.co.uk'
);

INSERT INTO phone (CM_Id,CM_PhoneMatching,CM_ExtendedPhoneMatching) VALUES (
892,
358531,
14556333
);

INSERT INTO contacts (CM_Id,CM_Type,CM_PrefTemplateRefId,CM_UIDString,CM_Last_modified,CM_ContactCreationDate,CM_Attributes,CM_ReplicationCount,CM_Header,CM_TextBlob,CM_SearchableText) VALUES (
893,
268440329,
0,
'00e0db497935fa55',
#07/06/2006#,
#07/06/2006#,
4,
0,
'0400000010140044000000000000000000200040002e4000102e4000101400c40000000000000000001000c0002e4000102e4000101402800100000000000000001402800300000000000000001402400400000000000000001402c0040000000000000000140200050000000000000000140240050000000000000000',

'00000000',

'        1 2 2 5 1 8 6 5 6 7 6 6 8 2 6   9 2   h D U L y I q W W k v b Y T I ] Z ^ u F T n L F j n Y d b Y x R   S R k w C a N ` Z ^ D D D W K r B ^ U s y F D O J h - Q o t x L   K C F u U e ] y w t w l ; q M p   u p e k g a I O L M W b p ` P ^ ^ ] j S J S M F P ` e ^ m V j a   '
);

INSERT INTO identitytable (Parent_CMID,CM_FirstName,CM_LastName,CM_CompanyName,CM_Type,CM_Attributes,CM_HintField,CM_ExtHintField,CM_FirstNmPrn,CM_LastNmPrn,CM_CompanyNmPrn) VALUES (
893,
'Darl',
'Haginijelso',
NULL,
268440329,
4,
85,
0,
NULL,
NULL,
NULL
);

INSERT INTO emailtable (EMail_FieldID,EmailParent_CMID,EMailAddress) VALUES (
92,
893,
'Darl_Haginijelso@Sungh.co.uk'
);

INSERT INTO phone (CM_Id,CM_PhoneMatching,CM_ExtendedPhoneMatching) VALUES (
893,
6286676,
56815221
);

INSERT INTO contacts (CM_Id,CM_Type,CM_PrefTemplateRefId,CM_UIDString,CM_Last_modified,CM_ContactCreationDate,CM_Attributes,CM_ReplicationCount,CM_Header,CM_TextBlob,CM_SearchableText) VALUES (
894,
268440329,
0,
'00e0db49793634ed',
#07/06/2006#,
#07/06/2006#,
4,
0,
'0400000010140044000000000000000000200040002e4000102e4000101400c40000000000000000001000c0002e4000102e4000101402800100000000000000001402800300000000000000001402400400000000000000001402c0040000000000000000140200050000000000000000140240050000000000000000',

'00000000',

'        0 6 8 4 4 3 4 1 1 3 7 1 1 6 0   9 3   X f w K ` i W x l o ] n n ^ I O l S C y f P - e S N ] Z _ q M j   A ^ A A t t X h b G J S _ c P p E e p e F h j b y w E q h O Z S   G ] A F @ ] ; 9 R L f ? - 6 M Y   ` - G a e Y f [ C i H - G d X ` i N N B U _ I Y X R - Z D ^ Y N   '
);

INSERT INTO identitytable (Parent_CMID,CM_FirstName,CM_LastName,CM_CompanyName,CM_Type,CM_Attributes,CM_HintField,CM_ExtHintField,CM_FirstNmPrn,CM_LastNmPrn,CM_CompanyNmPrn) VALUES (
894,
'Sttech',
'Bod',
NULL,
268440329,
4,
85,
0,
NULL,
NULL,
NULL
);

INSERT INTO emailtable (EMail_FieldID,EmailParent_CMID,EMailAddress) VALUES (
93,
894,
'Sttech_Bod@Bavas.co.uk'
);

INSERT INTO phone (CM_Id,CM_PhoneMatching,CM_ExtendedPhoneMatching) VALUES (
894,
611731,
14344860
);

INSERT INTO contacts (CM_Id,CM_Type,CM_PrefTemplateRefId,CM_UIDString,CM_Last_modified,CM_ContactCreationDate,CM_Attributes,CM_ReplicationCount,CM_Header,CM_TextBlob,CM_SearchableText) VALUES (
895,
268440329,
0,
'00e0db4979365bfd',
#07/06/2006#,
#07/06/2006#,
4,
0,
'0400000010140044000000000000000000200040002e4000102e4000101400c40000000000000000001000c0002e4000102e4000101402800100000000000000001402800300000000000000001402400400000000000000001402c0040000000000000000140200050000000000000000140240050000000000000000',

'00000000',

'        0 1 4 0 2 7 1 0 7 3 1 4 6 8 2   9 4   s D K s t o C b S P j j E K l J R T w ^ A w S K P f b K J i h f   t t C T ^ _ v C _ o I H G R Y Y Q a b c [ a b Z j C k r [ w f e   y > U X ` < S 6 e E U K o h T _   t Y E A m n v W ] W K a y - ` O y G V ^ U ] t P d u H ` k w u h   '
);

INSERT INTO identitytable (Parent_CMID,CM_FirstName,CM_LastName,CM_CompanyName,CM_Type,CM_Attributes,CM_HintField,CM_ExtHintField,CM_FirstNmPrn,CM_LastNmPrn,CM_CompanyNmPrn) VALUES (
895,
'Mas',
'Bennd',
NULL,
268440329,
4,
85,
0,
NULL,
NULL,
NULL
);

INSERT INTO emailtable (EMail_FieldID,EmailParent_CMID,EMailAddress) VALUES (
94,
895,
'Mas_Bennd@Bargillail.co.uk'
);

INSERT INTO phone (CM_Id,CM_PhoneMatching,CM_ExtendedPhoneMatching) VALUES (
895,
2864137,
1720410
);


INSERT INTO contacts (CM_Id,CM_Type,CM_PrefTemplateRefId,CM_UIDString,CM_Last_modified,CM_ContactCreationDate,CM_Attributes,CM_ReplicationCount,CM_Header,CM_TextBlob,CM_SearchableText) VALUES (
896,
268440329,
0,
'00e0db4979369695',
#07/06/2006#,
#07/06/2006#,
4,
0,
'0400000010140044000000000000000000200040002e4000102e4000101400c40000000000000000001000c0002e4000102e4000101402800100000000000000001402800300000000000000001402400400000000000000001402c0040000000000000000140200050000000000000000140240050000000000000000',

'00000000',

'        7 6 8 3 7 4 7 2 6 2 5 8 1 7 4   9 5   i v l q ^ K x m l y G l W A L a J k V K ` b ^ J a S X B d c D T   V X A - s a J N h - k ^ [ H l Z I P L m [ p v Z Y E B C U H g k   d k @ Y H b X V < ; 1 J D K R p   Y n ` _ a h U l g m o Q X U ^ x F k P U w J s i s ^ x F f Q S G   '
);

INSERT INTO identitytable (Parent_CMID,CM_FirstName,CM_LastName,CM_CompanyName,CM_Type,CM_Attributes,CM_HintField,CM_ExtHintField,CM_FirstNmPrn,CM_LastNmPrn,CM_CompanyNmPrn) VALUES (
896,
'Ry',
'Fr',
NULL,
268440329,
4,
85,
0,
NULL,
NULL,
NULL
);

INSERT INTO emailtable (EMail_FieldID,EmailParent_CMID,EMailAddress) VALUES (
95,
896,
'Ry_Fr@Malpees.co.uk'
);

INSERT INTO phone (CM_Id,CM_PhoneMatching,CM_ExtendedPhoneMatching) VALUES (
896,
4718526,
27473867
);

INSERT INTO contacts (CM_Id,CM_Type,CM_PrefTemplateRefId,CM_UIDString,CM_Last_modified,CM_ContactCreationDate,CM_Attributes,CM_ReplicationCount,CM_Header,CM_TextBlob,CM_SearchableText) VALUES (
897,
268440329,
0,
'00e0db497936bda5',
#07/06/2006#,
#07/06/2006#,
4,
0,
'0400000010140044000000000000000000200040002e4000102e4000101400c40000000000000000001000c0002e4000102e4000101402800100000000000000001402800300000000000000001402400400000000000000001402c0040000000000000000140200050000000000000000140240050000000000000000',

'00000000',

'        0 6 8 4 8 7 8 6 1 3 7 0 0 8 1   9 6   y G E b D y r L j o R F e k j C C I p T - P x D P t O ^ ] A r l   T o K J f P i [ ^ i T o ^ _ M h y g R V p R [ R L [ T u h b S G   : H B c a [ a = : f : K L m ] Y   t I m G - k u Z ] [ S I O G D y d e X ^ l L y h M ` s U _ u R ^   '
);

INSERT INTO identitytable (Parent_CMID,CM_FirstName,CM_LastName,CM_CompanyName,CM_Type,CM_Attributes,CM_HintField,CM_ExtHintField,CM_FirstNmPrn,CM_LastNmPrn,CM_CompanyNmPrn) VALUES (
897,
'Mand',
'Apthisttouloug',
NULL,
268440329,
4,
85,
0,
NULL,
NULL,
NULL
);

INSERT INTO emailtable (EMail_FieldID,EmailParent_CMID,EMailAddress) VALUES (
96,
897,
'Mand_Apthisttouloug@Shell.co.uk'
);

INSERT INTO phone (CM_Id,CM_PhoneMatching,CM_ExtendedPhoneMatching) VALUES (
897,
1800731,
68784860
);

INSERT INTO contacts (CM_Id,CM_Type,CM_PrefTemplateRefId,CM_UIDString,CM_Last_modified,CM_ContactCreationDate,CM_Attributes,CM_ReplicationCount,CM_Header,CM_TextBlob,CM_SearchableText) VALUES (
898,
268440329,
0,
'00e0db497936e4b5',
#07/06/2006#,
#07/06/2006#,
4,
0,
'0400000010140044000000000000000000200040002e4000102e4000101400c40000000000000000001000c0002e4000102e4000101402800100000000000000001402800300000000000000001402400400000000000000001402c0040000000000000000140200050000000000000000140240050000000000000000',

'00000000',

'        2 1 4 3 5 6 6 2 0 2 8 7 8 8 4   9 7   - ] e Z ` e b M ^ Q S U s L M Y S q X p A J S v u Z b R n y x _   r u r c ` L o s y e M Z u J j h y W b w L e F _ C e f j ` G h O   l [ r Q l t - W T g 3 c l 6 ; C   i ] ` V h U ] c - J ` g d ] e h X J G J h [ M u Q X U b W X d u   '
);

INSERT INTO identitytable (Parent_CMID,CM_FirstName,CM_LastName,CM_CompanyName,CM_Type,CM_Attributes,CM_HintField,CM_ExtHintField,CM_FirstNmPrn,CM_LastNmPrn,CM_CompanyNmPrn) VALUES (
898,
'Tru',
'Blsenddwisel',
NULL,
268440329,
4,
85,
0,
NULL,
NULL,
NULL
);

INSERT INTO emailtable (EMail_FieldID,EmailParent_CMID,EMailAddress) VALUES (
97,
898,
'Tru_Blsenddwisel@Sundsi.co.uk'
);

INSERT INTO phone (CM_Id,CM_PhoneMatching,CM_ExtendedPhoneMatching) VALUES (
898,
4887820,
26653412
);

INSERT INTO contacts (CM_Id,CM_Type,CM_PrefTemplateRefId,CM_UIDString,CM_Last_modified,CM_ContactCreationDate,CM_Attributes,CM_ReplicationCount,CM_Header,CM_TextBlob,CM_SearchableText) VALUES (
899,
268440329,
0,
'00e0db4979370bc5',
#07/06/2006#,
#07/06/2006#,
4,
0,
'040000000e1400c40000000000000000001000c0002e4000102e4000101402800100000000000000001402800300000000000000001402400400000000000000001402c0040000000000000000140200050000000000000000140240050000000000000000',

'00000000',

'    5 3 1 8 5 3 5 6 8 5 8 3 7 5 0   9 8   X H u T C V e ` U t x u L k i m s ^ o x _ c a B ` N G Z p H g a   k G s j A ] C e t W l q f ^ G E P - B D w d L Z a Z I q V T M q   - = L @ 4 V 3 7 2 9 v c f o D 5   u G - ] h A V g C L y e y q C j ^ a K s S m ^ a m ] _ V C n ^ y   '
);

INSERT INTO identitytable (Parent_CMID,CM_FirstName,CM_LastName,CM_CompanyName,CM_Type,CM_Attributes,CM_HintField,CM_ExtHintField,CM_FirstNmPrn,CM_LastNmPrn,CM_CompanyNmPrn) VALUES (
899,
NULL,
'Shtzu',
NULL,
268440329,
4,
85,
0,
NULL,
NULL,
NULL
);

INSERT INTO emailtable (EMail_FieldID,EmailParent_CMID,EMailAddress) VALUES (
98,
899,
'_Shtzu@Jord.co.uk'
);

INSERT INTO phone (CM_Id,CM_PhoneMatching,CM_ExtendedPhoneMatching) VALUES (
899,
573858,
65358135
);

INSERT INTO contacts (CM_Id,CM_Type,CM_PrefTemplateRefId,CM_UIDString,CM_Last_modified,CM_ContactCreationDate,CM_Attributes,CM_ReplicationCount,CM_Header,CM_TextBlob,CM_SearchableText) VALUES (
900,
268440329,
0,
'00e0db49793732d5',
#07/06/2006#,
#07/06/2006#,
4,
0,
'0400000010140044000000000000000000200040002e4000102e4000101400c40000000000000000001000c0002e4000102e4000101402800100000000000000001402800300000000000000001402400400000000000000001402c0040000000000000000140200050000000000000000140240050000000000000000',

'00000000',

'        2 1 6 0 1 7 5 6 7 2 0 8 2 5 6   9 9   C W L J V k s T h S a y N C H - A b o O s U o m r l u A x - x U   E u a f ] x s q w O Q O J U h [ a g j o r h C ] Y q p ] k j E l   C S n f r V v ` = _ I W M M _ Q   J s [ i i p K n I V B - P n X U ` Z W f d F q Q H R V X F M ` Q   '
);

INSERT INTO identitytable (Parent_CMID,CM_FirstName,CM_LastName,CM_CompanyName,CM_Type,CM_Attributes,CM_HintField,CM_ExtHintField,CM_FirstNmPrn,CM_LastNmPrn,CM_CompanyNmPrn) VALUES (
900,
'Frks',
'Rel',
NULL,
268440329,
4,
85,
0,
NULL,
NULL,
NULL
);

INSERT INTO emailtable (EMail_FieldID,EmailParent_CMID,EMailAddress) VALUES (
99,
900,
'Frks_Rel@Dewongssses.co.uk'
);

INSERT INTO phone (CM_Id,CM_PhoneMatching,CM_ExtendedPhoneMatching) VALUES (
900,
6528027,
65710612
);

INSERT INTO contacts (CM_Id,CM_Type,CM_PrefTemplateRefId,CM_UIDString,CM_Last_modified,CM_ContactCreationDate,CM_Attributes,CM_ReplicationCount,CM_Header,CM_TextBlob,CM_SearchableText) VALUES (
901,
268440329,
0,
'00e0db4979376d6d',
#07/06/2006#,
#07/06/2006#,
4,
0,
'0400000010140044000000000000000000200040002e4000102e4000101400c40000000000000000001000c0002e4000102e4000101402800100000000000000001402800300000000000000001402400400000000000000001402c0040000000000000000140200050000000000000000140240050000000000000000',

'00000000',

'        6 0 5 0 8 1 5 4 2 4 2 8 1 7 4   1 0 0   C I V v T b W S v a ] o W v O w H ] L - l q B Z J p [ D p f E `   T Q q U w b B N U u e P D d Q G I Q U X S w L J J j A m ^ D - B   a ^ @ p R R W [ V m Q O 0 E R p   k q ` e F e X ] v [ p x P o A p R F f a R d E ^ O Q L l U X X I   '
);

INSERT INTO identitytable (Parent_CMID,CM_FirstName,CM_LastName,CM_CompanyName,CM_Type,CM_Attributes,CM_HintField,CM_ExtHintField,CM_FirstNmPrn,CM_LastNmPrn,CM_CompanyNmPrn) VALUES (
901,
'Gli',
'Whisonaromirdtmonotorerts',
NULL,
268440329,
4,
85,
0,
NULL,
NULL,
NULL
);

INSERT INTO emailtable (EMail_FieldID,EmailParent_CMID,EMailAddress) VALUES (
100,
901,
'Gli_Whisonaromirdtmonotorerts@Diessor.co.uk'
);

INSERT INTO phone (CM_Id,CM_PhoneMatching,CM_ExtendedPhoneMatching) VALUES (
901,
4718242,
45180506
);

INSERT INTO contacts (CM_Id,CM_Type,CM_PrefTemplateRefId,CM_UIDString,CM_Last_modified,CM_ContactCreationDate,CM_Attributes,CM_ReplicationCount,CM_Header,CM_TextBlob,CM_SearchableText) VALUES (
902,
268440329,
0,
'00e0db497937947d',
#07/06/2006#,
#07/06/2006#,
4,
0,
'0400000010140044000000000000000000200040002e4000102e4000101400c40000000000000000001000c0002e4000102e4000101402800100000000000000001402800300000000000000001402400400000000000000001402c0040000000000000000140200050000000000000000140240050000000000000000',

'00000000',

'        7 5 7 1 3 2 4 7 7 1 6 8 4 3 6   1 0 1   m Q F E I I C i X - F v F h a I d v J n u v H V w i H u [ J v x   a b l K M ` Y E k M S D l l F q - v N e X k O D E c e U R Y K C   1 F O P r Y @ 5 U > a j 2 i Q X   K k V S D c S U q B g w i S _ k c a U o I W u _ [ C V H M I A R   '
);

INSERT INTO identitytable (Parent_CMID,CM_FirstName,CM_LastName,CM_CompanyName,CM_Type,CM_Attributes,CM_HintField,CM_ExtHintField,CM_FirstNmPrn,CM_LastNmPrn,CM_CompanyNmPrn) VALUES (
902,
'Lereke',
'Jat',
NULL,
268440329,
4,
85,
0,
NULL,
NULL,
NULL
);

INSERT INTO emailtable (EMail_FieldID,EmailParent_CMID,EMailAddress) VALUES (
101,
902,
'Lereke_Jat@Blorll.co.uk'
);

INSERT INTO phone (CM_Id,CM_PhoneMatching,CM_ExtendedPhoneMatching) VALUES (
902,
6348617,
74231757
);

INSERT INTO contacts (CM_Id,CM_Type,CM_PrefTemplateRefId,CM_UIDString,CM_Last_modified,CM_ContactCreationDate,CM_Attributes,CM_ReplicationCount,CM_Header,CM_TextBlob,CM_SearchableText) VALUES (
903,
268440329,
0,
'00e0db497937bb8d',
#07/06/2006#,
#07/06/2006#,
4,
0,
'0400000010140044000000000000000000200040002e4000102e4000101400c40000000000000000001000c0002e4000102e4000101402800100000000000000001402800300000000000000001402400400000000000000001402c0040000000000000000140200050000000000000000140240050000000000000000',

'00000000',

'        0 3 4 5 6 7 2 6 1 7 1 8 3 3 6   1 0 2   L C K b f U A Y B [ M V F u I N G e T l I b t y ] w E c D d Q K   ` P N k T P n C X X l Q s n n c [ ] [ t V F e H D j O Q h m D O   y < H K ? r 9 l G _ P Q : m = e   H B - p Z Q R H Y O - T g K o m r [ H E m g j b m W u U e N w w   '
);

INSERT INTO identitytable (Parent_CMID,CM_FirstName,CM_LastName,CM_CompanyName,CM_Type,CM_Attributes,CM_HintField,CM_ExtHintField,CM_FirstNmPrn,CM_LastNmPrn,CM_CompanyNmPrn) VALUES (
903,
'Samerin',
'Alig',
NULL,
268440329,
4,
85,
0,
NULL,
NULL,
NULL
);

INSERT INTO emailtable (EMail_FieldID,EmailParent_CMID,EMailAddress) VALUES (
102,
903,
'Samerin_Alig@Hoprr.co.uk'
);

INSERT INTO phone (CM_Id,CM_PhoneMatching,CM_ExtendedPhoneMatching) VALUES (
903,
6338171,
62765430
);

INSERT INTO contacts (CM_Id,CM_Type,CM_PrefTemplateRefId,CM_UIDString,CM_Last_modified,CM_ContactCreationDate,CM_Attributes,CM_ReplicationCount,CM_Header,CM_TextBlob,CM_SearchableText) VALUES (
904,
268440329,
0,
'00e0db497937e29d',
#07/06/2006#,
#07/06/2006#,
4,
0,
'0400000010140044000000000000000000200040002e4000102e4000101400c40000000000000000001000c0002e4000102e4000101402800100000000000000001402800300000000000000001402400400000000000000001402c0040000000000000000140200050000000000000000140240050000000000000000',

'00000000',

'        1 0 5 7 3 5 6 3 1 4 7 1 6 3 1   1 0 3   W M I G G m O D K q Q U P x f u g B k U ] Z H Q ^ S K a r ` x A   M j q P x ] t Z W O v X X H c A P K Y b P F g a u w x W P d P P   l W V u T S 9 > L W l S ? = Q G   C k A Z k ` Q a ^ ] d D k Z h I u N ^ A F ^ Y L r O U K W x h R   '
);

INSERT INTO identitytable (Parent_CMID,CM_FirstName,CM_LastName,CM_CompanyName,CM_Type,CM_Attributes,CM_HintField,CM_ExtHintField,CM_FirstNmPrn,CM_LastNmPrn,CM_CompanyNmPrn) VALUES (
904,
'Tordd',
'Momoberarrg',
NULL,
268440329,
4,
85,
0,
NULL,
NULL,
NULL
);

INSERT INTO emailtable (EMail_FieldID,EmailParent_CMID,EMailAddress) VALUES (
103,
904,
'Tordd_Momoberarrg@Lum.co.uk'
);

INSERT INTO phone (CM_Id,CM_PhoneMatching,CM_ExtendedPhoneMatching) VALUES (
904,
1361741,
36537501
);

INSERT INTO contacts (CM_Id,CM_Type,CM_PrefTemplateRefId,CM_UIDString,CM_Last_modified,CM_ContactCreationDate,CM_Attributes,CM_ReplicationCount,CM_Header,CM_TextBlob,CM_SearchableText) VALUES (
905,
268440329,
0,
'00e0db4979382488',
#07/06/2006#,
#07/06/2006#,
4,
0,
'0400000010140044000000000000000000200040002e4000102e4000101400c40000000000000000001000c0002e4000102e4000101402800100000000000000001402800300000000000000001402400400000000000000001402c0040000000000000000140200050000000000000000140240050000000000000000',

'00000000',

'        0 0 0 8 0 0 1 5 0 8 5 7 2 1 6   1 0 4   ] i i Y [ P c ` n q V t H s ` I F l q [ j j Z x K h ` V D ^ ` Y   v c W d g R v w J ] C d h U n _ p [ - U P F G E i A h h x B n f   6 L C ^ h r T ] Y v y e p q C O   u O t B t b p C r [ M P g D K A J h K O P C c T f p s x ^ [ b E   '
);

INSERT INTO identitytable (Parent_CMID,CM_FirstName,CM_LastName,CM_CompanyName,CM_Type,CM_Attributes,CM_HintField,CM_ExtHintField,CM_FirstNmPrn,CM_LastNmPrn,CM_CompanyNmPrn) VALUES (
905,
'Cre',
'UsocKi',
NULL,
268440329,
4,
85,
0,
NULL,
NULL,
NULL
);

INSERT INTO emailtable (EMail_FieldID,EmailParent_CMID,EMailAddress) VALUES (
104,
905,
'Cre_UsocKi@Sh.co.uk'
);

INSERT INTO phone (CM_Id,CM_PhoneMatching,CM_ExtendedPhoneMatching) VALUES (
905,
6127580,
51008000
);

INSERT INTO contacts (CM_Id,CM_Type,CM_PrefTemplateRefId,CM_UIDString,CM_Last_modified,CM_ContactCreationDate,CM_Attributes,CM_ReplicationCount,CM_Header,CM_TextBlob,CM_SearchableText) VALUES (
906,
268440329,
0,
'00e0db4979384b98',
#07/06/2006#,
#07/06/2006#,
4,
0,
'0400000010140044000000000000000000200040002e4000102e4000101400c40000000000000000001000c0002e4000102e4000101402800100000000000000001402800300000000000000001402400400000000000000001402c0040000000000000000140200050000000000000000140240050000000000000000',

'00000000',

'        2 1 3 4 4 7 3 8 4 7 5 1 5 1 8   1 0 5   ^ b y W y a I - s q D o ] w m q u C e Z C x x o i I Z ` B i U e   U C M ` S L Z C I [ P k ` n y h a X A D c y j - S q B m S h ] n   O g U Q Y R 7 ; h M F _ P C P w   c K e T - I k - S e U l d a V s F D g J u B ] M P O C T P X M D   '
);

INSERT INTO identitytable (Parent_CMID,CM_FirstName,CM_LastName,CM_CompanyName,CM_Type,CM_Attributes,CM_HintField,CM_ExtHintField,CM_FirstNmPrn,CM_LastNmPrn,CM_CompanyNmPrn) VALUES (
906,
'Sil',
'Hulllk',
NULL,
268440329,
4,
85,
0,
NULL,
NULL,
NULL
);

INSERT INTO emailtable (EMail_FieldID,EmailParent_CMID,EMailAddress) VALUES (
105,
906,
'Sil_Hulllk@Bame.co.uk'
);

INSERT INTO phone (CM_Id,CM_PhoneMatching,CM_ExtendedPhoneMatching) VALUES (
906,
8151574,
83744312
);

INSERT INTO contacts (CM_Id,CM_Type,CM_PrefTemplateRefId,CM_UIDString,CM_Last_modified,CM_ContactCreationDate,CM_Attributes,CM_ReplicationCount,CM_Header,CM_TextBlob,CM_SearchableText) VALUES (
907,
268440329,
0,
'00e0db497938e7d8',
#07/06/2006#,
#07/06/2006#,
4,
0,
'0400000010140044000000000000000000200040002e4000102e4000101400c40000000000000000001000c0002e4000102e4000101402800100000000000000001402800300000000000000001402400400000000000000001402c0040000000000000000140200050000000000000000140240050000000000000000',

'00000000',

'        0 8 5 4 8 8 1 2 1 4 8 8 5 4 2   1 0 6   ` v m ` o k h M K [ V d n q D ] f ` h Y Z Q X S j g u T V [ B B   p x H e G F R L ] S H V H e R G _ U h o n s J A L ^ i x q l F P   m @ w J w @ s ] : [ h ? - a a C   b t Q m s q u D I H a K M V M I Z h N t _ S w f o p ^ B s G M V   '
);

INSERT INTO identitytable (Parent_CMID,CM_FirstName,CM_LastName,CM_CompanyName,CM_Type,CM_Attributes,CM_HintField,CM_ExtHintField,CM_FirstNmPrn,CM_LastNmPrn,CM_CompanyNmPrn) VALUES (
907,
'Sim',
'Tuynersonng',
NULL,
268440329,
4,
85,
0,
NULL,
NULL,
NULL
);

INSERT INTO emailtable (EMail_FieldID,EmailParent_CMID,EMailAddress) VALUES (
106,
907,
'Sim_Tuynersonng@Juc.co.uk'
);

INSERT INTO phone (CM_Id,CM_PhoneMatching,CM_ExtendedPhoneMatching) VALUES (
907,
2458841,
21884580
);

INSERT INTO contacts (CM_Id,CM_Type,CM_PrefTemplateRefId,CM_UIDString,CM_Last_modified,CM_ContactCreationDate,CM_Attributes,CM_ReplicationCount,CM_Header,CM_TextBlob,CM_SearchableText) VALUES (
908,
268440329,
0,
'00e0db4979390ee8',
#07/06/2006#,
#07/06/2006#,
4,
0,
'0400000010140044000000000000000000200040002e4000102e4000101400c40000000000000000001000c0002e4000102e4000101402800100000000000000001402800300000000000000001402400400000000000000001402c0040000000000000000140200050000000000000000140240050000000000000000',

'00000000',

'        1 8 8 6 0 3 3 5 2 7 7 1 2 4 5   1 0 7   n _ e E K u U U T A - l m O f V M s p [ Y U t ^ E c h p U [ T e   _ f n - q p P ] H X w e f x a [ q o S r P X i a E _ j J E P f H   A b L 8 m R F @ R k U a o ; F C   a g k J n _ g y m D X e y M x - p v I b N K [ t P E v r D R H J   '
);

INSERT INTO identitytable (Parent_CMID,CM_FirstName,CM_LastName,CM_CompanyName,CM_Type,CM_Attributes,CM_HintField,CM_ExtHintField,CM_FirstNmPrn,CM_LastNmPrn,CM_CompanyNmPrn) VALUES (
908,
'Man',
'Rollvice',
NULL,
268440329,
4,
85,
0,
NULL,
NULL,
NULL
);

INSERT INTO emailtable (EMail_FieldID,EmailParent_CMID,EMailAddress) VALUES (
107,
908,
'Man_Rollvice@Be.co.uk'
);

INSERT INTO phone (CM_Id,CM_PhoneMatching,CM_ExtendedPhoneMatching) VALUES (
908,
5421772,
53306881
);

INSERT INTO contacts (CM_Id,CM_Type,CM_PrefTemplateRefId,CM_UIDString,CM_Last_modified,CM_ContactCreationDate,CM_Attributes,CM_ReplicationCount,CM_Header,CM_TextBlob,CM_SearchableText) VALUES (
909,
268440329,
0,
'00e0db49793935f8',
#07/06/2006#,
#07/06/2006#,
4,
0,
'0400000010140044000000000000000000200040002e4000102e4000101400c40000000000000000001000c0002e4000102e4000101402800100000000000000001402800300000000000000001402400400000000000000001402c0040000000000000000140200050000000000000000140240050000000000000000',

'00000000',

'        8 0 1 3 1 0 6 6 7 4 6 0 3 7 4   1 0 8   q F r H N _ ] l R Y m Q ^ M v n _ S ] O L ^ Z N B U ^ I y F G r   Q ] G S v Y K X k w h ] M u Y r A s ` A H H e [ e F - w w P H W   Q d g H T d T @ O Z ] K e > B e   t g b F v D _ p ` u o Z t U Y ` - ] p b o B N X t I l K g o d j   '
);

INSERT INTO identitytable (Parent_CMID,CM_FirstName,CM_LastName,CM_CompanyName,CM_Type,CM_Attributes,CM_HintField,CM_ExtHintField,CM_FirstNmPrn,CM_LastNmPrn,CM_CompanyNmPrn) VALUES (
909,
'Da',
'Worf',
NULL,
268440329,
4,
85,
0,
NULL,
NULL,
NULL
);

INSERT INTO emailtable (EMail_FieldID,EmailParent_CMID,EMailAddress) VALUES (
108,
909,
'Da_Worf@Gasoudiu.co.uk'
);

INSERT INTO phone (CM_Id,CM_PhoneMatching,CM_ExtendedPhoneMatching) VALUES (
909,
4730647,
66013108
);

INSERT INTO contacts (CM_Id,CM_Type,CM_PrefTemplateRefId,CM_UIDString,CM_Last_modified,CM_ContactCreationDate,CM_Attributes,CM_ReplicationCount,CM_Header,CM_TextBlob,CM_SearchableText) VALUES (
910,
268440329,
0,
'00e0db4979397090',
#07/06/2006#,
#07/06/2006#,
4,
0,
'0400000010140044000000000000000000200040002e4000102e4000101400c40000000000000000001000c0002e4000102e4000101402800100000000000000001402800300000000000000001402400400000000000000001402c0040000000000000000140200050000000000000000140240050000000000000000',

'00000000',

'        8 0 2 4 1 3 0 0 5 0 7 7 3 8 7   1 0 9   r j r [ a A A J U [ s o U S L U p h k Q q [ m k l J [ A t i v y   V ` [ o _ N n a S v _ F C C g w A x Q x W Q Q J M C ] x U b v _   7 1 4 v Z Z = K ? 9 K 1 ^ D ^ S   u ^ I c d W q X P S O t q ^ t l _ g M u p L a H c I - d e h L m   '
);

INSERT INTO identitytable (Parent_CMID,CM_FirstName,CM_LastName,CM_CompanyName,CM_Type,CM_Attributes,CM_HintField,CM_ExtHintField,CM_FirstNmPrn,CM_LastNmPrn,CM_CompanyNmPrn) VALUES (
910,
'An',
'Magill',
NULL,
268440329,
4,
85,
0,
NULL,
NULL,
NULL
);

INSERT INTO emailtable (EMail_FieldID,EmailParent_CMID,EMailAddress) VALUES (
109,
910,
'An_Magill@Giceta.co.uk'
);

INSERT INTO phone (CM_Id,CM_PhoneMatching,CM_ExtendedPhoneMatching) VALUES (
910,
7837705,
314208
);

INSERT INTO contacts (CM_Id,CM_Type,CM_PrefTemplateRefId,CM_UIDString,CM_Last_modified,CM_ContactCreationDate,CM_Attributes,CM_ReplicationCount,CM_Header,CM_TextBlob,CM_SearchableText) VALUES (
911,
268440329,
0,
'00e0db49793997a0',
#07/06/2006#,
#07/06/2006#,
4,
0,
'0400000010140044000000000000000000200040002e4000102e4000101400c40000000000000000001000c0002e4000102e4000101402800100000000000000001402800300000000000000001402400400000000000000001402c0040000000000000000140200050000000000000000140240050000000000000000',

'00000000',

'        8 2 1 8 4 5 8 4 7 1 3 3 2 0 1   1 1 0   K c ] G m - T L V - f F U l g s C d U F t B D F e L k N B w e x   u c t U a j Z B g ` s b A h C N b P r x M T b I e S p ` r v - j   D Z G s E y O l l r q j [ V I 5   h ] w U J X ` I s m A r d g t g p f d Y u D I w L ` x h R n v X   '
);

INSERT INTO identitytable (Parent_CMID,CM_FirstName,CM_LastName,CM_CompanyName,CM_Type,CM_Attributes,CM_HintField,CM_ExtHintField,CM_FirstNmPrn,CM_LastNmPrn,CM_CompanyNmPrn) VALUES (
911,
'Evepel',
'Almu',
NULL,
268440329,
4,
85,
0,
NULL,
NULL,
NULL
);

INSERT INTO emailtable (EMail_FieldID,EmailParent_CMID,EMailAddress) VALUES (
110,
911,
'Evepel_Almu@Hantoustattouc.co.uk'
);

INSERT INTO phone (CM_Id,CM_PhoneMatching,CM_ExtendedPhoneMatching) VALUES (
911,
1023317,
48548128
);

INSERT INTO contacts (CM_Id,CM_Type,CM_PrefTemplateRefId,CM_UIDString,CM_Last_modified,CM_ContactCreationDate,CM_Attributes,CM_ReplicationCount,CM_Header,CM_TextBlob,CM_SearchableText) VALUES (
912,
268440329,
0,
'00e0db497939beb0',
#07/06/2006#,
#07/06/2006#,
4,
0,
'0400000010140044000000000000000000200040002e4000102e4000101400c40000000000000000001000c0002e4000102e4000101402800100000000000000001402800300000000000000001402400400000000000000001402c0040000000000000000140200050000000000000000140240050000000000000000',

'00000000',

'        5 1 2 3 3 4 4 4 0 0 4 8 0 4 3   1 1 1   Z b S U b - O G k s x M c - G d t l - f R ^ Y k D A V n I i g x   I H M j ^ t Q F _ k g c ] Q N N U y h m q W l c M Q P m m R d W   R f t k g W @ F J 5 @ V 1 e W =   E k o ^ Y B A M T m - F H L t j r t i H v v t t e Y D R E Q e i   '
);

INSERT INTO identitytable (Parent_CMID,CM_FirstName,CM_LastName,CM_CompanyName,CM_Type,CM_Attributes,CM_HintField,CM_ExtHintField,CM_FirstNmPrn,CM_LastNmPrn,CM_CompanyNmPrn) VALUES (
912,
'Pe',
'Krtaivelo',
NULL,
268440329,
4,
85,
0,
NULL,
NULL,
NULL
);

INSERT INTO emailtable (EMail_FieldID,EmailParent_CMID,EMailAddress) VALUES (
111,
912,
'Pe_Krtaivelo@JankmiluzumamatUsotzgler.co.uk'
);

INSERT INTO phone (CM_Id,CM_PhoneMatching,CM_ExtendedPhoneMatching) VALUES (
912,
3408400,
44433215
);

INSERT INTO contacts (CM_Id,CM_Type,CM_PrefTemplateRefId,CM_UIDString,CM_Last_modified,CM_ContactCreationDate,CM_Attributes,CM_ReplicationCount,CM_Header,CM_TextBlob,CM_SearchableText) VALUES (
913,
268440329,
0,
'00e0db497939f948',
#07/06/2006#,
#07/06/2006#,
4,
0,
'0400000010140044000000000000000000200040002e4000102e4000101400c40000000000000000001000c0002e4000102e4000101402800100000000000000001402800300000000000000001402400400000000000000001402c0040000000000000000140200050000000000000000140240050000000000000000',

'00000000',

'        3 3 6 7 1 0 0 3 6 3 3 8 4 2 4   1 1 2   j i b O _ Q H t H R l o I j I T P P h E i E M p k k D G _ Z G k   E o F x I B T W A l Q f Z C Q l n U U o w o R C r j M F N d I V   ] T 5 0 ; k S 6 7 c e o 4 p p r   H M ` i c _ b h Z B l e M e N b T X P a y F a ] J [ D p B - G _   '
);

INSERT INTO identitytable (Parent_CMID,CM_FirstName,CM_LastName,CM_CompanyName,CM_Type,CM_Attributes,CM_HintField,CM_ExtHintField,CM_FirstNmPrn,CM_LastNmPrn,CM_CompanyNmPrn) VALUES (
913,
'Rohohil',
'Torgsopl',
NULL,
268440329,
4,
85,
0,
NULL,
NULL,
NULL
);

INSERT INTO emailtable (EMail_FieldID,EmailParent_CMID,EMailAddress) VALUES (
112,
913,
'Rohohil_Torgsopl@Honalinely.co.uk'
);

INSERT INTO phone (CM_Id,CM_PhoneMatching,CM_ExtendedPhoneMatching) VALUES (
913,
4248336,
30017633
);

INSERT INTO contacts (CM_Id,CM_Type,CM_PrefTemplateRefId,CM_UIDString,CM_Last_modified,CM_ContactCreationDate,CM_Attributes,CM_ReplicationCount,CM_Header,CM_TextBlob,CM_SearchableText) VALUES (
914,
268440329,
0,
'00e0db49793a2058',
#07/06/2006#,
#07/06/2006#,
4,
0,
'0400000010140044000000000000000000200040002e4000102e4000101400c40000000000000000001000c0002e4000102e4000101402800100000000000000001402800300000000000000001402400400000000000000001402c0040000000000000000140200050000000000000000140240050000000000000000',

'00000000',

'        3 3 0 6 2 8 6 8 6 5 8 3 0 0 2   1 1 3   K Q L i L b v y J c n J O G E w d q s - k y S b F N N p C F G i   R R Z K L R f a N l w w _ _ X S g [ o n v t T Q L v l R R N r a   e [ S U b R g E 8 h ^ N 0 s S j   D K X d - j f S e B Z r E c M Q s A m [ b D E o B B y i m M L -   '
);

INSERT INTO identitytable (Parent_CMID,CM_FirstName,CM_LastName,CM_CompanyName,CM_Type,CM_Attributes,CM_HintField,CM_ExtHintField,CM_FirstNmPrn,CM_LastNmPrn,CM_CompanyNmPrn) VALUES (
914,
'Pard',
'Sertchled',
NULL,
268440329,
4,
85,
0,
NULL,
NULL,
NULL
);

INSERT INTO emailtable (EMail_FieldID,EmailParent_CMID,EMailAddress) VALUES (
113,
914,
'Pard_Sertchled@O.co.uk'
);

INSERT INTO phone (CM_Id,CM_PhoneMatching,CM_ExtendedPhoneMatching) VALUES (
914,
2003856,
86826033
);

INSERT INTO contacts (CM_Id,CM_Type,CM_PrefTemplateRefId,CM_UIDString,CM_Last_modified,CM_ContactCreationDate,CM_Attributes,CM_ReplicationCount,CM_Header,CM_TextBlob,CM_SearchableText) VALUES (
915,
268440329,
0,
'00e0db49793a5af0',
#07/06/2006#,
#07/06/2006#,
4,
0,
'0400000010140044000000000000000000200040002e4000102e4000101400c40000000000000000001000c0002e4000102e4000101402800100000000000000001402800300000000000000001402400400000000000000001402c0040000000000000000140200050000000000000000140240050000000000000000',

'00000000',

'        4 1 1 7 1 8 2 4 8 5 6 6 1 3 8   1 1 4   D y V m Q H h L q s U u G q k C j B E r P K B G j T q G [ N ^ `   Y C A T [ ] t g o t P v K _ i u t k Z H L r F S e h j m Z Y X h   S 4 V 7 t T y r q ; s F B X S p   h u p I W F - H s V r U M V w - _ - J M w i y O - A k B ^ A F q   '
);

INSERT INTO identitytable (Parent_CMID,CM_FirstName,CM_LastName,CM_CompanyName,CM_Type,CM_Attributes,CM_HintField,CM_ExtHintField,CM_FirstNmPrn,CM_LastNmPrn,CM_CompanyNmPrn) VALUES (
915,
'Friallaric',
'Frr',
NULL,
268440329,
4,
85,
0,
NULL,
NULL,
NULL
);

INSERT INTO emailtable (EMail_FieldID,EmailParent_CMID,EMailAddress) VALUES (
114,
915,
'Friallaric_Frr@Alad.co.uk'
);

INSERT INTO phone (CM_Id,CM_PhoneMatching,CM_ExtendedPhoneMatching) VALUES (
915,
8316658,
42817114
);

INSERT INTO contacts (CM_Id,CM_Type,CM_PrefTemplateRefId,CM_UIDString,CM_Last_modified,CM_ContactCreationDate,CM_Attributes,CM_ReplicationCount,CM_Header,CM_TextBlob,CM_SearchableText) VALUES (
916,
268440329,
0,
'00e0db49793a8200',
#07/06/2006#,
#07/06/2006#,
4,
0,
'0400000010140044000000000000000000200040002e4000102e4000101400c40000000000000000001000c0002e4000102e4000101402800100000000000000001402800300000000000000001402400400000000000000001402c0040000000000000000140200050000000000000000140240050000000000000000',

'00000000',

'        7 7 6 2 7 6 5 2 5 5 3 3 4 8 1   1 1 5   x q E B Q S m k Z x W g i w l G o q ^ n v d F K N D t Z X h G b   G X ` v B j j a i o a y w k O y g ^ ` W I O ^ m q g X C N g ^ E   o Y b K R o K P a i t @ e L - :   K l O x h U J y W y r o L w i l d W s l k _ I G ` L w M x x N d   '
);

INSERT INTO identitytable (Parent_CMID,CM_FirstName,CM_LastName,CM_CompanyName,CM_Type,CM_Attributes,CM_HintField,CM_ExtHintField,CM_FirstNmPrn,CM_LastNmPrn,CM_CompanyNmPrn) VALUES (
916,
'Br',
'Usouroneis',
NULL,
268440329,
4,
85,
0,
NULL,
NULL,
NULL
);

INSERT INTO emailtable (EMail_FieldID,EmailParent_CMID,EMailAddress) VALUES (
115,
916,
'Br_Usouroneis@Jarnanrasoneeses.co.uk'
);

INSERT INTO phone (CM_Id,CM_PhoneMatching,CM_ExtendedPhoneMatching) VALUES (
916,
1843355,
25672677
);

INSERT INTO contacts (CM_Id,CM_Type,CM_PrefTemplateRefId,CM_UIDString,CM_Last_modified,CM_ContactCreationDate,CM_Attributes,CM_ReplicationCount,CM_Header,CM_TextBlob,CM_SearchableText) VALUES (
917,
268440329,
0,
'00e0db49793aa910',
#07/06/2006#,
#07/06/2006#,
4,
0,
'0400000010140044000000000000000000200040002e4000102e4000101400c40000000000000000001000c0002e4000102e4000101402800100000000000000001402800300000000000000001402400400000000000000001402c0040000000000000000140200050000000000000000140240050000000000000000',

'00000000',

'        6 2 4 8 3 0 3 4 7 0 8 2 2 6 0   1 1 6   F o ` Q _ a D f v ] m f f I p f A d A x h n k Z b E P [ g [ u d   F S m F T o [ c J m ^ v p D O j ] l R H O p u F c t G I u s R n   h V a B Q : I n 0 j 1 P U k 8 ]   u j Z O R W W A n ` K C j F f t s I K c d k _ f _ I ` h f l b N   '
);

INSERT INTO identitytable (Parent_CMID,CM_FirstName,CM_LastName,CM_CompanyName,CM_Type,CM_Attributes,CM_HintField,CM_ExtHintField,CM_FirstNmPrn,CM_LastNmPrn,CM_CompanyNmPrn) VALUES (
917,
'Thuhimongopheninthan',
'Jotenggulerorga',
NULL,
268440329,
4,
85,
0,
NULL,
NULL,
NULL
);

INSERT INTO emailtable (EMail_FieldID,EmailParent_CMID,EMailAddress) VALUES (
116,
917,
'Thuhimongopheninthan_Jotenggulerorga@Re.co.uk'
);

INSERT INTO phone (CM_Id,CM_PhoneMatching,CM_ExtendedPhoneMatching) VALUES (
917,
622807,
43038426
);

INSERT INTO contacts (CM_Id,CM_Type,CM_PrefTemplateRefId,CM_UIDString,CM_Last_modified,CM_ContactCreationDate,CM_Attributes,CM_ReplicationCount,CM_Header,CM_TextBlob,CM_SearchableText) VALUES (
918,
268440329,
0,
'00e0db49793ad020',
#07/06/2006#,
#07/06/2006#,
4,
0,
'0400000010140044000000000000000000200040002e4000102e4000101400c40000000000000000001000c0002e4000102e4000101402800100000000000000001402800300000000000000001402400400000000000000001402c0040000000000000000140200050000000000000000140240050000000000000000',

'00000000',

'        7 0 2 5 5 6 7 7 8 8 6 6 5 6 8   1 1 7   y j a k J R b M h T P t H O A s f m F H X [ f e m v K j v B q p   M - c q W b M P E ` D _ L a M k B A T V C t c A ] M A E s U X D   7 F 8 X - n W t < H Y S f p Z R   i E B m R [ A a s d c P O f ^ m ] x T w c i g f y ` O b U E f ]   '
);

INSERT INTO identitytable (Parent_CMID,CM_FirstName,CM_LastName,CM_CompanyName,CM_Type,CM_Attributes,CM_HintField,CM_ExtHintField,CM_FirstNmPrn,CM_LastNmPrn,CM_CompanyNmPrn) VALUES (
918,
'Bing',
'Olllacillaghi',
NULL,
268440329,
4,
85,
0,
NULL,
NULL,
NULL
);

INSERT INTO emailtable (EMail_FieldID,EmailParent_CMID,EMailAddress) VALUES (
117,
918,
'Bing_Olllacillaghi@di.co.uk'
);

INSERT INTO phone (CM_Id,CM_PhoneMatching,CM_ExtendedPhoneMatching) VALUES (
918,
8656688,
77655207
);

INSERT INTO contacts (CM_Id,CM_Type,CM_PrefTemplateRefId,CM_UIDString,CM_Last_modified,CM_ContactCreationDate,CM_Attributes,CM_ReplicationCount,CM_Header,CM_TextBlob,CM_SearchableText) VALUES (
919,
268440329,
0,
'00e0db49793b0ab8',
#07/06/2006#,
#07/06/2006#,
4,
0,
'0400000010140044000000000000000000200040002e4000102e4000101400c40000000000000000001000c0002e4000102e4000101402800100000000000000001402800300000000000000001402400400000000000000001402c0040000000000000000140200050000000000000000140240050000000000000000',

'00000000',

'        3 7 4 6 6 5 8 2 5 4 5 1 1 3 5   1 1 8   T A X v M W Q e Z J n ^ S L m J R k c W w J O f _ l h K u j U A   v K J e r q y Z L u G I G e S ] T U x f T _ Y h K T v K [ D X P   X Y m _ x _ I J N 0 H u o B c l   O e L l I P N O l r w T r h T P u K V [ O v X D M b o W R g J r   '
);

INSERT INTO identitytable (Parent_CMID,CM_FirstName,CM_LastName,CM_CompanyName,CM_Type,CM_Attributes,CM_HintField,CM_ExtHintField,CM_FirstNmPrn,CM_LastNmPrn,CM_CompanyNmPrn) VALUES (
919,
'Phid',
'Fraduttes',
NULL,
268440329,
4,
85,
0,
NULL,
NULL,
NULL
);

INSERT INTO emailtable (EMail_FieldID,EmailParent_CMID,EMailAddress) VALUES (
118,
919,
'Phid_Fraduttes@Glengotssochmiand.co.uk'
);

INSERT INTO phone (CM_Id,CM_PhoneMatching,CM_ExtendedPhoneMatching) VALUES (
919,
5311545,
28566473
);

INSERT INTO contacts (CM_Id,CM_Type,CM_PrefTemplateRefId,CM_UIDString,CM_Last_modified,CM_ContactCreationDate,CM_Attributes,CM_ReplicationCount,CM_Header,CM_TextBlob,CM_SearchableText) VALUES (
920,
268440329,
0,
'00e0db49793be190',
#07/06/2006#,
#07/06/2006#,
4,
0,
'0400000010140044000000000000000000200040002e4000102e4000101400c40000000000000000001000c0002e4000102e4000101402800100000000000000001402800300000000000000001402400400000000000000001402c0040000000000000000140200050000000000000000140240050000000000000000',

'00000000',

'        6 4 2 5 0 6 8 3 0 6 0 2 5 7 8   1 1 9   b K E c f F k M Z S P f B W u I X G C m Z a _ I I W T ] - G x I   C M T D b o m I f Y O v o x w R Q i o l Y s - _ B K m s c Q C d   U u K H 8 @ < _ n K D 3 y C E X   - D y n n C y L p ^ R F e T o i F G c U Q a j y D y F n i l V U   '
);

INSERT INTO identitytable (Parent_CMID,CM_FirstName,CM_LastName,CM_CompanyName,CM_Type,CM_Attributes,CM_HintField,CM_ExtHintField,CM_FirstNmPrn,CM_LastNmPrn,CM_CompanyNmPrn) VALUES (
920,
'Mik',
'Al',
NULL,
268440329,
4,
85,
0,
NULL,
NULL,
NULL
);

INSERT INTO emailtable (EMail_FieldID,EmailParent_CMID,EMailAddress) VALUES (
119,
920,
'Mik_Al@Gong.co.uk'
);

INSERT INTO phone (CM_Id,CM_PhoneMatching,CM_ExtendedPhoneMatching) VALUES (
920,
8752060,
38605246
);

INSERT INTO contacts (CM_Id,CM_Type,CM_PrefTemplateRefId,CM_UIDString,CM_Last_modified,CM_ContactCreationDate,CM_Attributes,CM_ReplicationCount,CM_Header,CM_TextBlob,CM_SearchableText) VALUES (
921,
268440329,
0,
'00e0db49793c1c28',
#07/06/2006#,
#07/06/2006#,
4,
0,
'0400000010140044000000000000000000200040002e4000102e4000101400c40000000000000000001000c0002e4000102e4000101402800100000000000000001402800300000000000000001402400400000000000000001402c0040000000000000000140200050000000000000000140240050000000000000000',

'00000000',

'        1 5 7 2 1 2 7 1 5 1 0 1 0 1 6   1 2 0   k k j ` K [ Z p m L V ` J w L R c q p S e ] x v ^ O o s F i C V   M V g Y - D I n R t E N r p t D I H M O ^ q C o Q - Q u _ l J E   j e s q m b = S t a 1 : B 5 M j   k x ^ ] ] i m ^ P N U Q r J f C o u o H R l f T v K J o P ^ b o   '
);

INSERT INTO identitytable (Parent_CMID,CM_FirstName,CM_LastName,CM_CompanyName,CM_Type,CM_Attributes,CM_HintField,CM_ExtHintField,CM_FirstNmPrn,CM_LastNmPrn,CM_CompanyNmPrn) VALUES (
921,
'Emor',
'Anewis',
NULL,
268440329,
4,
85,
0,
NULL,
NULL,
NULL
);

INSERT INTO emailtable (EMail_FieldID,EmailParent_CMID,EMailAddress) VALUES (
120,
921,
'Emor_Anewis@Sterteradevar.co.uk'
);

INSERT INTO phone (CM_Id,CM_PhoneMatching,CM_ExtendedPhoneMatching) VALUES (
921,
6101015,
17212751
);

INSERT INTO contacts (CM_Id,CM_Type,CM_PrefTemplateRefId,CM_UIDString,CM_Last_modified,CM_ContactCreationDate,CM_Attributes,CM_ReplicationCount,CM_Header,CM_TextBlob,CM_SearchableText) VALUES (
922,
268440329,
0,
'00e0db49793cb868',
#07/06/2006#,
#07/06/2006#,
4,
0,
'0400000010140044000000000000000000200040002e4000102e4000101400c40000000000000000001000c0002e4000102e4000101402800100000000000000001402800300000000000000001402400400000000000000001402c0040000000000000000140200050000000000000000140240050000000000000000',

'00000000',

'        6 5 2 1 3 8 5 3 7 1 2 4 3 4 6   1 2 1   p Y C e S [ ` d L e O J F h n X y i p R I o K r s R w ] i M T ^   o - f i g [ v q V l J R K k t b G A N B x ^ P p D Z I n i U n u   b m d f l @ 2 t 7 d b - S a 6 =   V u K H ] X c A L h w q v M X E D r g Q F m N n J d o s u e V Z   '
);

INSERT INTO identitytable (Parent_CMID,CM_FirstName,CM_LastName,CM_CompanyName,CM_Type,CM_Attributes,CM_HintField,CM_ExtHintField,CM_FirstNmPrn,CM_LastNmPrn,CM_CompanyNmPrn) VALUES (
922,
'Ceilies',
'Dalonnsthaniki',
NULL,
268440329,
4,
85,
0,
NULL,
NULL,
NULL
);

INSERT INTO emailtable (EMail_FieldID,EmailParent_CMID,EMailAddress) VALUES (
121,
922,
'Ceilies_Dalonnsthaniki@Osbuzum.co.uk'
);

INSERT INTO phone (CM_Id,CM_PhoneMatching,CM_ExtendedPhoneMatching) VALUES (
922,
6434217,
35831256
);

INSERT INTO contacts (CM_Id,CM_Type,CM_PrefTemplateRefId,CM_UIDString,CM_Last_modified,CM_ContactCreationDate,CM_Attributes,CM_ReplicationCount,CM_Header,CM_TextBlob,CM_SearchableText) VALUES (
923,
268440329,
0,
'00e0db49793cdf78',
#07/06/2006#,
#07/06/2006#,
4,
0,
'0400000010140044000000000000000000200040002e4000102e4000101400c40000000000000000001000c0002e4000102e4000101402800100000000000000001402800300000000000000001402400400000000000000001402c0040000000000000000140200050000000000000000140240050000000000000000',

'00000000',

'        1 0 0 1 7 4 0 6 7 0 4 8 1 6 4   1 2 2   ` A ` R G I V y ^ f b e P C G o k G V K L E Q f o - O O Q w M i   f p Q N U o k Q S i w Y ] O b u Q n y R r F t T o O Q H Z H ] H   e L P V c t 2 q [ t : 3 ` 1 U 2   O R e L n B c [ U g o J b m U [ G U V H S [ d w f m I U q e O K   '
);

INSERT INTO identitytable (Parent_CMID,CM_FirstName,CM_LastName,CM_CompanyName,CM_Type,CM_Attributes,CM_HintField,CM_ExtHintField,CM_FirstNmPrn,CM_LastNmPrn,CM_CompanyNmPrn) VALUES (
923,
'El',
'Lons',
NULL,
268440329,
4,
85,
0,
NULL,
NULL,
NULL
);

INSERT INTO emailtable (EMail_FieldID,EmailParent_CMID,EMailAddress) VALUES (
122,
923,
'El_Lons@Lynneep.co.uk'
);

INSERT INTO phone (CM_Id,CM_PhoneMatching,CM_ExtendedPhoneMatching) VALUES (
923,
4618407,
60471001
);

INSERT INTO contacts (CM_Id,CM_Type,CM_PrefTemplateRefId,CM_UIDString,CM_Last_modified,CM_ContactCreationDate,CM_Attributes,CM_ReplicationCount,CM_Header,CM_TextBlob,CM_SearchableText) VALUES (
924,
268440329,
0,
'00e0db49793d1a10',
#07/06/2006#,
#07/06/2006#,
4,
0,
'0400000010140044000000000000000000200040002e4000102e4000101400c40000000000000000001000c0002e4000102e4000101402800100000000000000001402800300000000000000001402400400000000000000001402c0040000000000000000140200050000000000000000140240050000000000000000',

'00000000',

'        3 5 3 5 2 4 7 8 6 1 7 1 2 2 7   1 2 3   e O v E b i E c f d E g S n I ^ c I s Z r f t U Z p [ I X s J j   O W c V G _ o E l x v i U r O B h ` e O q D T B N m C E x ] B T   c t u r 7 P ` X Q - k W < o 1 0   Q ] M B R a U e o I g G M ` x g H e g B s E m D M G I - E b u Q   '
);

INSERT INTO identitytable (Parent_CMID,CM_FirstName,CM_LastName,CM_CompanyName,CM_Type,CM_Attributes,CM_HintField,CM_ExtHintField,CM_FirstNmPrn,CM_LastNmPrn,CM_CompanyNmPrn) VALUES (
924,
'Dacon',
'Stcherdr',
NULL,
268440329,
4,
85,
0,
NULL,
NULL,
NULL
);

INSERT INTO emailtable (EMail_FieldID,EmailParent_CMID,EMailAddress) VALUES (
123,
924,
'Dacon_Stcherdr@Leppuer.co.uk'
);

INSERT INTO phone (CM_Id,CM_PhoneMatching,CM_ExtendedPhoneMatching) VALUES (
924,
7221716,
87425353
);

INSERT INTO contacts (CM_Id,CM_Type,CM_PrefTemplateRefId,CM_UIDString,CM_Last_modified,CM_ContactCreationDate,CM_Attributes,CM_ReplicationCount,CM_Header,CM_TextBlob,CM_SearchableText) VALUES (
925,
268440329,
0,
'00e0db49793d4120',
#07/06/2006#,
#07/06/2006#,
4,
0,
'0400000010140044000000000000000000200040002e4000102e4000101400c40000000000000000001000c0002e4000102e4000101402800100000000000000001402800300000000000000001402400400000000000000001402c0040000000000000000140200050000000000000000140240050000000000000000',

'00000000',

'        2 6 7 7 2 5 1 3 3 6 6 2 6 2 5   1 2 4   v u Z V J u b U T L C m x N S A D _ c V w P O P N t a B y y H ^   K r t g A w H b c y H l w j h Z ` u G M e h G ^ H P Y U v h M X   4 7 A - Z t D ] U - Q j : y 9 J   B Y O B M u u U y _ Y V B y l j U R - K k ^ A M ^ N g M e R ` w   '
);

INSERT INTO identitytable (Parent_CMID,CM_FirstName,CM_LastName,CM_CompanyName,CM_Type,CM_Attributes,CM_HintField,CM_ExtHintField,CM_FirstNmPrn,CM_LastNmPrn,CM_CompanyNmPrn) VALUES (
925,
'Ars',
'Songa',
NULL,
268440329,
4,
85,
0,
NULL,
NULL,
NULL
);

INSERT INTO emailtable (EMail_FieldID,EmailParent_CMID,EMailAddress) VALUES (
124,
925,
'Ars_Songa@Dil.co.uk'
);

INSERT INTO phone (CM_Id,CM_PhoneMatching,CM_ExtendedPhoneMatching) VALUES (
925,
5262663,
31527762
);

INSERT INTO contacts (CM_Id,CM_Type,CM_PrefTemplateRefId,CM_UIDString,CM_Last_modified,CM_ContactCreationDate,CM_Attributes,CM_ReplicationCount,CM_Header,CM_TextBlob,CM_SearchableText) VALUES (
926,
268440329,
0,
'00e0db49793d7bb8',
#07/06/2006#,
#07/06/2006#,
4,
0,
'0400000010140044000000000000000000200040002e4000102e4000101400c40000000000000000001000c0002e4000102e4000101402800100000000000000001402800300000000000000001402400400000000000000001402c0040000000000000000140200050000000000000000140240050000000000000000',

'00000000',

'        3 3 8 3 0 4 6 2 1 5 5 4 4 4 0   1 2 5   x U K e l w x v u n N T k f n k L V k S T W j ] O R q a W u ^ r   ^ l g U u B q r _ B p - k G H a n n n ] C k P c t f Y Y y A B e   ` 5 Q U ^ h v Q 0 s M Z b T < >   _ i E J N O d ` G W X _ R k ] Y Q p W K - H T K i F l B r w o L   '
);

INSERT INTO identitytable (Parent_CMID,CM_FirstName,CM_LastName,CM_CompanyName,CM_Type,CM_Attributes,CM_HintField,CM_ExtHintField,CM_FirstNmPrn,CM_LastNmPrn,CM_CompanyNmPrn) VALUES (
926,
'Thiericonnajajongam',
'Latsongic',
NULL,
268440329,
4,
85,
0,
NULL,
NULL,
NULL
);

INSERT INTO emailtable (EMail_FieldID,EmailParent_CMID,EMailAddress) VALUES (
125,
926,
'Thiericonnajajongam_Latsongic@Loeris.co.uk'
);

INSERT INTO phone (CM_Id,CM_PhoneMatching,CM_ExtendedPhoneMatching) VALUES (
926,
444551,
26403833
);

INSERT INTO contacts (CM_Id,CM_Type,CM_PrefTemplateRefId,CM_UIDString,CM_Last_modified,CM_ContactCreationDate,CM_Attributes,CM_ReplicationCount,CM_Header,CM_TextBlob,CM_SearchableText) VALUES (
927,
268440329,
0,
'00e0db49793da2c8',
#07/06/2006#,
#07/06/2006#,
4,
0,
'0400000010140044000000000000000000200040002e4000102e4000101400c40000000000000000001000c0002e4000102e4000101402800100000000000000001402800300000000000000001402400400000000000000001402c0040000000000000000140200050000000000000000140240050000000000000000',

'00000000',

'        7 2 2 5 6 2 3 3 6 7 7 8 5 3 2   1 2 6   ` D L d C q M O i j C K U O ^ o a W Y p K ^ D q I B y W H o u `   l C R D U t [ d I m G H G y u O k m W d c a u J b U j c c f R I   Q v i L F ^ j a ? n v r 9 6 q >   _ K U d H m c L I V v b r e A ` ] l r G v ` Y y J - P ` J o ] H   '
);

INSERT INTO identitytable (Parent_CMID,CM_FirstName,CM_LastName,CM_CompanyName,CM_Type,CM_Attributes,CM_HintField,CM_ExtHintField,CM_FirstNmPrn,CM_LastNmPrn,CM_CompanyNmPrn) VALUES (
927,
'Jandoulery',
'Godie',
NULL,
268440329,
4,
85,
0,
NULL,
NULL,
NULL
);

INSERT INTO emailtable (EMail_FieldID,EmailParent_CMID,EMailAddress) VALUES (
126,
927,
'Jandoulery_Godie@Qusmald.co.uk'
);

INSERT INTO phone (CM_Id,CM_PhoneMatching,CM_ExtendedPhoneMatching) VALUES (
927,
2358776,
33265227
);

INSERT INTO contacts (CM_Id,CM_Type,CM_PrefTemplateRefId,CM_UIDString,CM_Last_modified,CM_ContactCreationDate,CM_Attributes,CM_ReplicationCount,CM_Header,CM_TextBlob,CM_SearchableText) VALUES (
928,
268440329,
0,
'00e0db49793ddd60',
#07/06/2006#,
#07/06/2006#,
4,
0,
'0400000010140044000000000000000000200040002e4000102e4000101400c40000000000000000001000c0002e4000102e4000101402800100000000000000001402800300000000000000001402400400000000000000001402c0040000000000000000140200050000000000000000140240050000000000000000',

'00000000',

'        0 1 0 1 0 3 7 7 3 0 2 1 8 8 1   1 2 7   W f R X q X ] h u o ` Y ^ Y R W Q U H s X X R b u h p i J D w b   I y L h ] x P _ Q D x I T f s r _ N I m a Y I S t v j r F l f g   2 O ; Q X a > @ d M V d Y x = E   ^ K B A Z p c u o S S k m d B u - B c h j h c S F U s W A t q Z   '
);

INSERT INTO identitytable (Parent_CMID,CM_FirstName,CM_LastName,CM_CompanyName,CM_Type,CM_Attributes,CM_HintField,CM_ExtHintField,CM_FirstNmPrn,CM_LastNmPrn,CM_CompanyNmPrn) VALUES (
928,
'Iateich',
'Svand',
NULL,
268440329,
4,
85,
0,
NULL,
NULL,
NULL
);

INSERT INTO emailtable (EMail_FieldID,EmailParent_CMID,EMailAddress) VALUES (
127,
928,
'Iateich_Svand@Br.co.uk'
);

INSERT INTO phone (CM_Id,CM_PhoneMatching,CM_ExtendedPhoneMatching) VALUES (
928,
1881203,
77301010
);

INSERT INTO contacts (CM_Id,CM_Type,CM_PrefTemplateRefId,CM_UIDString,CM_Last_modified,CM_ContactCreationDate,CM_Attributes,CM_ReplicationCount,CM_Header,CM_TextBlob,CM_SearchableText) VALUES (
929,
268440329,
0,
'00e0db49793e0470',
#07/06/2006#,
#07/06/2006#,
4,
0,
'0400000010140044000000000000000000200040002e4000102e4000101400c40000000000000000001000c0002e4000102e4000101402800100000000000000001402800300000000000000001402400400000000000000001402c0040000000000000000140200050000000000000000140240050000000000000000',

'00000000',

'        3 8 0 6 2 8 1 8 2 2 3 5 3 8 6   1 2 8   b ` F b Z B P b k A A T C E C p C Y - Q o _ O U C ` P ` S ` M l   U a N e c T W L s r V P q i s u F ` k M d G y b h M y y n j E D   X E S > 6 - l ] I i S g y D L f   e F H S X C P F V [ k s _ g _ B F n L S [ k d D e P w B b i N ]   '
);

INSERT INTO identitytable (Parent_CMID,CM_FirstName,CM_LastName,CM_CompanyName,CM_Type,CM_Attributes,CM_HintField,CM_ExtHintField,CM_FirstNmPrn,CM_LastNmPrn,CM_CompanyNmPrn) VALUES (
929,
'Sirnilly',
'Olay',
NULL,
268440329,
4,
85,
0,
NULL,
NULL,
NULL
);

INSERT INTO emailtable (EMail_FieldID,EmailParent_CMID,EMailAddress) VALUES (
128,
929,
'Sirnilly_Olay@utelloronensoderrs.co.uk'
);

INSERT INTO phone (CM_Id,CM_PhoneMatching,CM_ExtendedPhoneMatching) VALUES (
929,
6835322,
81826083
);

INSERT INTO contacts (CM_Id,CM_Type,CM_PrefTemplateRefId,CM_UIDString,CM_Last_modified,CM_ContactCreationDate,CM_Attributes,CM_ReplicationCount,CM_Header,CM_TextBlob,CM_SearchableText) VALUES (
930,
268440329,
0,
'00e0db49793e3f08',
#07/06/2006#,
#07/06/2006#,
4,
0,
'0400000010140044000000000000000000200040002e4000102e4000101400c40000000000000000001000c0002e4000102e4000101402800100000000000000001402800300000000000000001402400400000000000000001402c0040000000000000000140200050000000000000000140240050000000000000000',

'00000000',

'        2 4 3 3 4 3 4 3 8 5 0 2 6 6 5   1 2 9   b Z Y C o S Z h e C h F ] E r Y T c Z A v f [ o Y G V E ` L K g   d p I R h B f K A C h f Q w m f b R I W A V _ p Y x a G h O H J   e X v 8 < r @ i 5 v T t D M s @   [ F d u F f T y E D W H P N o c S o l n A Z u t K R m o j ` P v   '
);

INSERT INTO identitytable (Parent_CMID,CM_FirstName,CM_LastName,CM_CompanyName,CM_Type,CM_Attributes,CM_HintField,CM_ExtHintField,CM_FirstNmPrn,CM_LastNmPrn,CM_CompanyNmPrn) VALUES (
930,
'Ial',
'Barate',
NULL,
268440329,
4,
85,
0,
NULL,
NULL,
NULL
);

INSERT INTO emailtable (EMail_FieldID,EmailParent_CMID,EMailAddress) VALUES (
129,
930,
'Ial_Barate@Sjio.co.uk'
);

INSERT INTO phone (CM_Id,CM_PhoneMatching,CM_ExtendedPhoneMatching) VALUES (
930,
5662058,
34343342
);

INSERT INTO contacts (CM_Id,CM_Type,CM_PrefTemplateRefId,CM_UIDString,CM_Last_modified,CM_ContactCreationDate,CM_Attributes,CM_ReplicationCount,CM_Header,CM_TextBlob,CM_SearchableText) VALUES (
931,
268440329,
0,
'00e0db49793e6618',
#07/06/2006#,
#07/06/2006#,
4,
0,
'0400000010140044000000000000000000200040002e4000102e4000101400c40000000000000000001000c0002e4000102e4000101402800100000000000000001402800300000000000000001402400400000000000000001402c0040000000000000000140200050000000000000000140240050000000000000000',

'00000000',

'        6 0 6 1 8 2 0 3 1 0 5 1 4 4 4   1 3 0   H C G o v l B C r L D _ j C g b r F q s L a J l G H g Q g R w Y   b ^ F T M V Q B q J C P e k X K L y j m ] E d Y c N ] S ] x e U   8 2 T K W L a s q T B I d C Z 0   N d T T r a p T [ ` S E v j w R Z ` b y - t i e G - G o w c [ p   '
);

INSERT INTO identitytable (Parent_CMID,CM_FirstName,CM_LastName,CM_CompanyName,CM_Type,CM_Attributes,CM_HintField,CM_ExtHintField,CM_FirstNmPrn,CM_LastNmPrn,CM_CompanyNmPrn) VALUES (
931,
'Petich',
'Gammag',
NULL,
268440329,
4,
85,
0,
NULL,
NULL,
NULL
);

INSERT INTO emailtable (EMail_FieldID,EmailParent_CMID,EMailAddress) VALUES (
130,
931,
'Petich_Gammag@Lawonnilliff.co.uk'
);

INSERT INTO phone (CM_Id,CM_PhoneMatching,CM_ExtendedPhoneMatching) VALUES (
931,
4441501,
30281606
);

INSERT INTO contacts (CM_Id,CM_Type,CM_PrefTemplateRefId,CM_UIDString,CM_Last_modified,CM_ContactCreationDate,CM_Attributes,CM_ReplicationCount,CM_Header,CM_TextBlob,CM_SearchableText) VALUES (
932,
268440329,
0,
'00e0db49793e8d28',
#07/06/2006#,
#07/06/2006#,
4,
0,
'0400000010140044000000000000000000200040002e4000102e4000101400c40000000000000000001000c0002e4000102e4000101402800100000000000000001402800300000000000000001402400400000000000000001402c0040000000000000000140200050000000000000000140240050000000000000000',

'00000000',

'        3 5 7 1 2 3 6 4 3 3 7 3 6 5 0   1 3 1   Z t T _ Q v S ^ c [ W R g C T p M g v ` - r I V n F - g m [ N -   n E b i X x x H [ k M T K K [ E t h F f C E r Z G q g t i i ` i   2 h r M t e d e f f G i d ? K 6   R W X w x V n D H R ] D Y b i j ] ^ Z O x T v C c L T - v m J u   '
);

INSERT INTO identitytable (Parent_CMID,CM_FirstName,CM_LastName,CM_CompanyName,CM_Type,CM_Attributes,CM_HintField,CM_ExtHintField,CM_FirstNmPrn,CM_LastNmPrn,CM_CompanyNmPrn) VALUES (
932,
'Nikeh',
'Wicepmondbs',
NULL,
268440329,
4,
85,
0,
NULL,
NULL,
NULL
);

INSERT INTO emailtable (EMail_FieldID,EmailParent_CMID,EMailAddress) VALUES (
131,
932,
'Nikeh_Wicepmondbs@Zue.co.uk'
);

INSERT INTO phone (CM_Id,CM_PhoneMatching,CM_ExtendedPhoneMatching) VALUES (
932,
563733,
46321753
);

INSERT INTO contacts (CM_Id,CM_Type,CM_PrefTemplateRefId,CM_UIDString,CM_Last_modified,CM_ContactCreationDate,CM_Attributes,CM_ReplicationCount,CM_Header,CM_TextBlob,CM_SearchableText) VALUES (
933,
268440329,
0,
'00e0db49793eb438',
#07/06/2006#,
#07/06/2006#,
4,
0,
'0400000010140044000000000000000000200040002e4000102e4000101400c40000000000000000001000c0002e4000102e4000101402800100000000000000001402800300000000000000001402400400000000000000001402c0040000000000000000140200050000000000000000140240050000000000000000',

'00000000',

'        7 8 8 8 6 3 8 6 2 8 4 4 5 8 2   1 3 2   _ C F u m F x v X U a E y t S o K R l j W T q B G k E ^ S J i x   R j R N b ^ O R R i W A y G f ^ H C H M D U u A e d a - s ^ R o   y R C H L 7 @ Y t b 4 y 9 = H J   W H x K [ o s e e H L n V n g ] I P i T v ` B W q p v J u l q Y   '
);

INSERT INTO identitytable (Parent_CMID,CM_FirstName,CM_LastName,CM_CompanyName,CM_Type,CM_Attributes,CM_HintField,CM_ExtHintField,CM_FirstNmPrn,CM_LastNmPrn,CM_CompanyNmPrn) VALUES (
933,
'Anelass',
'Fak',
NULL,
268440329,
4,
85,
0,
NULL,
NULL,
NULL
);

INSERT INTO emailtable (EMail_FieldID,EmailParent_CMID,EMailAddress) VALUES (
132,
933,
'Anelass_Fak@Senthattersostoans.co.uk'
);

INSERT INTO phone (CM_Id,CM_PhoneMatching,CM_ExtendedPhoneMatching) VALUES (
933,
2854482,
68368887
);

INSERT INTO contacts (CM_Id,CM_Type,CM_PrefTemplateRefId,CM_UIDString,CM_Last_modified,CM_ContactCreationDate,CM_Attributes,CM_ReplicationCount,CM_Header,CM_TextBlob,CM_SearchableText) VALUES (
934,
268440329,
0,
'00e0db49793edb48',
#07/06/2006#,
#07/06/2006#,
4,
0,
'0400000010140044000000000000000000200040002e4000102e4000101400c40000000000000000001000c0002e4000102e4000101402800100000000000000001402800300000000000000001402400400000000000000001402c0040000000000000000140200050000000000000000140240050000000000000000',

'00000000',

'        6 0 8 6 6 2 2 8 4 1 4 0 0 5 4   1 3 3   Z a R i S Q a O R M E k M M c L S K Q y k u p u n m i K ^ a O W   v ` C ] U - m d q u [ t g U e X r m L N X K B N v w T i e h u `   V w y r N H 6 ^ [ ` V p 8 A 4 m   - I C G q N L ^ g g Y s Y u R E _ b t G J i Y s E T M r t N q B   '
);

INSERT INTO identitytable (Parent_CMID,CM_FirstName,CM_LastName,CM_CompanyName,CM_Type,CM_Attributes,CM_HintField,CM_ExtHintField,CM_FirstNmPrn,CM_LastNmPrn,CM_CompanyNmPrn) VALUES (
934,
'Alf',
'Meng',
NULL,
268440329,
4,
85,
0,
NULL,
NULL,
NULL
);

INSERT INTO emailtable (EMail_FieldID,EmailParent_CMID,EMailAddress) VALUES (
133,
934,
'Alf_Meng@Ewindangu.co.uk'
);

INSERT INTO phone (CM_Id,CM_PhoneMatching,CM_ExtendedPhoneMatching) VALUES (
934,
4500414,
82266806
);

INSERT INTO contacts (CM_Id,CM_Type,CM_PrefTemplateRefId,CM_UIDString,CM_Last_modified,CM_ContactCreationDate,CM_Attributes,CM_ReplicationCount,CM_Header,CM_TextBlob,CM_SearchableText) VALUES (
935,
268440329,
0,
'00e0db49793f0258',
#07/06/2006#,
#07/06/2006#,
4,
0,
'0400000010140044000000000000000000200040002e4000102e4000101400c40000000000000000001000c0002e4000102e4000101402800100000000000000001402800300000000000000001402400400000000000000001402c0040000000000000000140200050000000000000000140240050000000000000000',

'00000000',

'        0 6 8 0 8 5 5 2 0 3 0 4 4 5 6   1 3 4   F b h P U R o ^ O m j o i d W O b c g C ^ Z U E P a N O w F K B   [ B ` S v q F a ` s Z q d s Z x J Z h ` ^ v J q M r N f s i j L   j V < ] e E O Z o p x h J X : 3   U w y O W U K a - g v n A h - y p [ ] m x N ] ^ Z i e b i k q S   '
);

INSERT INTO identitytable (Parent_CMID,CM_FirstName,CM_LastName,CM_CompanyName,CM_Type,CM_Attributes,CM_HintField,CM_ExtHintField,CM_FirstNmPrn,CM_LastNmPrn,CM_CompanyNmPrn) VALUES (
935,
'Lull',
'Valittttholindl',
NULL,
268440329,
4,
85,
0,
NULL,
NULL,
NULL
);

INSERT INTO emailtable (EMail_FieldID,EmailParent_CMID,EMailAddress) VALUES (
134,
935,
'Lull_Valittttholindl@Ma.co.uk'
);

INSERT INTO phone (CM_Id,CM_PhoneMatching,CM_ExtendedPhoneMatching) VALUES (
935,
6544030,
25580860
);

INSERT INTO contacts (CM_Id,CM_Type,CM_PrefTemplateRefId,CM_UIDString,CM_Last_modified,CM_ContactCreationDate,CM_Attributes,CM_ReplicationCount,CM_Header,CM_TextBlob,CM_SearchableText) VALUES (
936,
268440329,
0,
'00e0db49793f2968',
#07/06/2006#,
#07/06/2006#,
4,
0,
'0400000010140044000000000000000000200040002e4000102e4000101400c40000000000000000001000c0002e4000102e4000101402800100000000000000001402800300000000000000001402400400000000000000001402c0040000000000000000140200050000000000000000140240050000000000000000',

'00000000',

'        2 6 3 1 7 5 2 5 2 6 1 2 8 6 2   1 3 5   L t g o V X A k e H V h N v Y D a P G [ c u c H Q b [ O E Z x e   Q g F R H S q X A n B C m T c X g B I D ` j X N E O r K i E i c   V W h d j x x 5 m m a Q C d ^ S   h E ^ Z B X n h ] k J A ` K D _ g t V o - O F r V n _ E ^ f e u   '
);

INSERT INTO identitytable (Parent_CMID,CM_FirstName,CM_LastName,CM_CompanyName,CM_Type,CM_Attributes,CM_HintField,CM_ExtHintField,CM_FirstNmPrn,CM_LastNmPrn,CM_CompanyNmPrn) VALUES (
936,
'Si',
'Dankick',
NULL,
268440329,
4,
85,
0,
NULL,
NULL,
NULL
);

INSERT INTO emailtable (EMail_FieldID,EmailParent_CMID,EMailAddress) VALUES (
135,
936,
'Si_Dankick@Varkadeneng.co.uk'
);

INSERT INTO phone (CM_Id,CM_PhoneMatching,CM_ExtendedPhoneMatching) VALUES (
936,
2682162,
52571362
);

INSERT INTO contacts (CM_Id,CM_Type,CM_PrefTemplateRefId,CM_UIDString,CM_Last_modified,CM_ContactCreationDate,CM_Attributes,CM_ReplicationCount,CM_Header,CM_TextBlob,CM_SearchableText) VALUES (
937,
268440329,
0,
'00e0db49793fd930',
#07/06/2006#,
#07/06/2006#,
4,
0,
'0400000010140044000000000000000000200040002e4000102e4000101400c40000000000000000001000c0002e4000102e4000101402800100000000000000001402800300000000000000001402400400000000000000001402c0040000000000000000140200050000000000000000140240050000000000000000',

'00000000',

'        7 0 6 8 7 0 3 8 1 6 3 8 5 2 6   1 3 6   v c b M Q i t g m t Z v b D e j n x J ^ I D B q p T i l p j f `   - c e U u H n G X X G P - f _ S t x o L f - b b B I [ D F h m s   < L [ 5 @ h h n ; M b ] L _ ? <   Y A Z E ^ T ` F g M l C x I P L A j u [ k M r X b t U U R X e N   '
);

INSERT INTO identitytable (Parent_CMID,CM_FirstName,CM_LastName,CM_CompanyName,CM_Type,CM_Attributes,CM_HintField,CM_ExtHintField,CM_FirstNmPrn,CM_LastNmPrn,CM_CompanyNmPrn) VALUES (
937,
'Aaris',
'Kl',
NULL,
268440329,
4,
85,
0,
NULL,
NULL,
NULL
);

INSERT INTO emailtable (EMail_FieldID,EmailParent_CMID,EMailAddress) VALUES (
136,
937,
'Aaris_Kl@Manontcaw.co.uk'
);

INSERT INTO phone (CM_Id,CM_PhoneMatching,CM_ExtendedPhoneMatching) VALUES (
937,
6258361,
83078607
);

INSERT INTO contacts (CM_Id,CM_Type,CM_PrefTemplateRefId,CM_UIDString,CM_Last_modified,CM_ContactCreationDate,CM_Attributes,CM_ReplicationCount,CM_Header,CM_TextBlob,CM_SearchableText) VALUES (
938,
268440329,
0,
'00e0db4979400040',
#07/06/2006#,
#07/06/2006#,
4,
0,
'0400000010140044000000000000000000200040002e4000102e4000101400c40000000000000000001000c0002e4000102e4000101402800100000000000000001402800300000000000000001402400400000000000000001402c0040000000000000000140200050000000000000000140240050000000000000000',

'00000000',

'        3 1 1 7 6 8 5 8 7 3 2 4 8 0 1   1 3 7   v p Q D ` Z h - m G P A U d N d k o S H f P X b s M Y P _ D r h   P x [ r X J p Z F e R - F f N d L q L n - l M D D n Q S ^ u A S   P P N t B - w i h l H < 0 a S a   n - S I R m m m u y r q m l _ v F d p ` N R N v c p E q U I V H   '
);

INSERT INTO identitytable (Parent_CMID,CM_FirstName,CM_LastName,CM_CompanyName,CM_Type,CM_Attributes,CM_HintField,CM_ExtHintField,CM_FirstNmPrn,CM_LastNmPrn,CM_CompanyNmPrn) VALUES (
938,
'Ol',
'Stt',
NULL,
268440329,
4,
85,
0,
NULL,
NULL,
NULL
);

INSERT INTO emailtable (EMail_FieldID,EmailParent_CMID,EMailAddress) VALUES (
137,
938,
'Ol_Stt@Dasokanel.co.uk'
);

INSERT INTO phone (CM_Id,CM_PhoneMatching,CM_ExtendedPhoneMatching) VALUES (
938,
1084237,
85867113
);

INSERT INTO contacts (CM_Id,CM_Type,CM_PrefTemplateRefId,CM_UIDString,CM_Last_modified,CM_ContactCreationDate,CM_Attributes,CM_ReplicationCount,CM_Header,CM_TextBlob,CM_SearchableText) VALUES (
939,
268440329,
0,
'00e0db4979403ad8',
#07/06/2006#,
#07/06/2006#,
4,
0,
'0400000010140044000000000000000000200040002e4000102e4000101400c40000000000000000001000c0002e4000102e4000101402800100000000000000001402800300000000000000001402400400000000000000001402c0040000000000000000140200050000000000000000140240050000000000000000',

'00000000',

'        7 8 2 7 8 8 2 3 6 7 3 0 2 3 4   1 3 8   E A s ` [ a Q g P R M I m D ] _ h i y ^ Z e f H l [ J Y d [ h C   B L Y L r u a Q f i M x P b ^ u - n C o C I G X N x L e _ q e f   D 3 N @ j D U n A c - 2 a ; g i   C G f F Q O P E _ F s h n p r x A M ] ` W Y L N X b W M y U ` w   '
);

INSERT INTO identitytable (Parent_CMID,CM_FirstName,CM_LastName,CM_CompanyName,CM_Type,CM_Attributes,CM_HintField,CM_ExtHintField,CM_FirstNmPrn,CM_LastNmPrn,CM_CompanyNmPrn) VALUES (
939,
'Ka',
'Mcicengowle',
NULL,
268440329,
4,
85,
0,
NULL,
NULL,
NULL
);

INSERT INTO emailtable (EMail_FieldID,EmailParent_CMID,EMailAddress) VALUES (
138,
939,
'Ka_Mcicengowle@Schigoul.co.uk'
);

INSERT INTO phone (CM_Id,CM_PhoneMatching,CM_ExtendedPhoneMatching) VALUES (
939,
4320376,
32887287
);

INSERT INTO contacts (CM_Id,CM_Type,CM_PrefTemplateRefId,CM_UIDString,CM_Last_modified,CM_ContactCreationDate,CM_Attributes,CM_ReplicationCount,CM_Header,CM_TextBlob,CM_SearchableText) VALUES (
940,
268440329,
0,
'00e0db49794061e8',
#07/06/2006#,
#07/06/2006#,
4,
0,
'0400000010140044000000000000000000200040002e4000102e4000101400c40000000000000000001000c0002e4000102e4000101402800100000000000000001402800300000000000000001402400400000000000000001402c0040000000000000000140200050000000000000000140240050000000000000000',

'00000000',

'        4 4 1 0 4 1 3 1 6 1 1 1 6 2 8   1 3 9   K _ W J [ I q p v p j O U O F m A w g m s g h M U C C U E [ N o   n v q O T L s ` r d l a R J [ K T s S ` V T ] l X A Y ] O _ B Y   F d ] U 4 v e l U 5 x > ? Y 0 8   ] e e I G c h E r S M p D o M E - s f Y Y ` E o ] Q x q W n ^ A   '
);

INSERT INTO identitytable (Parent_CMID,CM_FirstName,CM_LastName,CM_CompanyName,CM_Type,CM_Attributes,CM_HintField,CM_ExtHintField,CM_FirstNmPrn,CM_LastNmPrn,CM_CompanyNmPrn) VALUES (
940,
'Gelly',
'Kivelooxovondgt',
NULL,
268440329,
4,
85,
0,
NULL,
NULL,
NULL
);

INSERT INTO emailtable (EMail_FieldID,EmailParent_CMID,EMailAddress) VALUES (
139,
940,
'Gelly_Kivelooxovondgt@Darbr.co.uk'
);

INSERT INTO phone (CM_Id,CM_PhoneMatching,CM_ExtendedPhoneMatching) VALUES (
940,
8261116,
13140144
);

INSERT INTO contacts (CM_Id,CM_Type,CM_PrefTemplateRefId,CM_UIDString,CM_Last_modified,CM_ContactCreationDate,CM_Attributes,CM_ReplicationCount,CM_Header,CM_TextBlob,CM_SearchableText) VALUES (
941,
268440329,
0,
'00e0db49794088f8',
#07/06/2006#,
#07/06/2006#,
4,
0,
'0400000010140044000000000000000000200040002e4000102e4000101400c40000000000000000001000c0002e4000102e4000101402800100000000000000001402800300000000000000001402400400000000000000001402c0040000000000000000140200050000000000000000140240050000000000000000',

'00000000',

'        6 8 5 8 6 0 7 3 2 3 8 7 6 6 8   1 4 0   X N H G W x A m A F q c x _ x m ^ I q t ] f L p f O F y R Q w A   ] N s u - H N f _ y t I m E F t h B u R E b h ] ` i N v g j ^ q   ` G m Y t G V V - e k = U O k D   I s K C p o S N - R x a l q ^ C - _ O q S ^ c X W w J x h N M q   '
);

INSERT INTO identitytable (Parent_CMID,CM_FirstName,CM_LastName,CM_CompanyName,CM_Type,CM_Attributes,CM_HintField,CM_ExtHintField,CM_FirstNmPrn,CM_LastNmPrn,CM_CompanyNmPrn) VALUES (
941,
'Jonouselliavessh',
'Sws',
NULL,
268440329,
4,
85,
0,
NULL,
NULL,
NULL
);

INSERT INTO emailtable (EMail_FieldID,EmailParent_CMID,EMailAddress) VALUES (
140,
941,
'Jonouselliavessh_Sws@Wadkeandbl.co.uk'
);

INSERT INTO phone (CM_Id,CM_PhoneMatching,CM_ExtendedPhoneMatching) VALUES (
941,
8667832,
37068586
);

INSERT INTO contacts (CM_Id,CM_Type,CM_PrefTemplateRefId,CM_UIDString,CM_Last_modified,CM_ContactCreationDate,CM_Attributes,CM_ReplicationCount,CM_Header,CM_TextBlob,CM_SearchableText) VALUES (
942,
268440329,
0,
'00e0db497940c390',
#07/06/2006#,
#07/06/2006#,
4,
0,
'0400000010140044000000000000000000200040002e4000102e4000101400c40000000000000000001000c0002e4000102e4000101402800100000000000000001402800300000000000000001402400400000000000000001402c0040000000000000000140200050000000000000000140240050000000000000000',

'00000000',

'        7 8 4 1 3 5 8 6 6 6 4 5 8 7 0   1 4 1   y j K d N k y V K d c R C X v ] ` - t g ` x ] r M G F n c ] - U   y d C E n ` I p [ i J j y I - t T g v h ^ P M q Q w K k f - C G   J 9 L e j 7 ] y w e w C 7 E c 6   v J v p K g Z t c l ^ y l b Y E G B t c Q R f D Y F j Y _ v m g   '
);

INSERT INTO identitytable (Parent_CMID,CM_FirstName,CM_LastName,CM_CompanyName,CM_Type,CM_Attributes,CM_HintField,CM_ExtHintField,CM_FirstNmPrn,CM_LastNmPrn,CM_CompanyNmPrn) VALUES (
942,
'Wie',
'Kajall',
NULL,
268440329,
4,
85,
0,
NULL,
NULL,
NULL
);

INSERT INTO emailtable (EMail_FieldID,EmailParent_CMID,EMailAddress) VALUES (
141,
942,
'Wie_Kajall@Mcevekhlonadl.co.uk'
);

INSERT INTO phone (CM_Id,CM_PhoneMatching,CM_ExtendedPhoneMatching) VALUES (
942,
785466,
68531487
);

INSERT INTO contacts (CM_Id,CM_Type,CM_PrefTemplateRefId,CM_UIDString,CM_Last_modified,CM_ContactCreationDate,CM_Attributes,CM_ReplicationCount,CM_Header,CM_TextBlob,CM_SearchableText) VALUES (
943,
268440329,
0,
'00e0db497940e34d',
#07/06/2006#,
#07/06/2006#,
4,
0,
'0400000010140044000000000000000000200040002e4000102e4000101400c40000000000000000001000c0002e4000102e4000101402800100000000000000001402800300000000000000001402400400000000000000001402c0040000000000000000140200050000000000000000140240050000000000000000',

'00000000',

'        2 3 5 4 1 3 8 3 8 2 5 7 6 3 8   1 4 2   C v ] a F f - v s O l R X O r r i ^ U w [ t B M p i n P n g m Z   S j W g I - v E s N e y u r D g X m H E a s C s _ F A y a i O e   X L e C y _ Q C 5 X a y l 2 ` j   j O d X b T P C D W s H J l b b g G r L S k i - I t m O C n y p   '
);

INSERT INTO identitytable (Parent_CMID,CM_FirstName,CM_LastName,CM_CompanyName,CM_Type,CM_Attributes,CM_HintField,CM_ExtHintField,CM_FirstNmPrn,CM_LastNmPrn,CM_CompanyNmPrn) VALUES (
943,
'Fahnahopephrtex',
'Gat',
NULL,
268440329,
4,
85,
0,
NULL,
NULL,
NULL
);

INSERT INTO emailtable (EMail_FieldID,EmailParent_CMID,EMailAddress) VALUES (
142,
943,
'Fahnahopephrtex_Gat@Di.co.uk'
);

INSERT INTO phone (CM_Id,CM_PhoneMatching,CM_ExtendedPhoneMatching) VALUES (
943,
8367528,
38314532
);

INSERT INTO contacts (CM_Id,CM_Type,CM_PrefTemplateRefId,CM_UIDString,CM_Last_modified,CM_ContactCreationDate,CM_Attributes,CM_ReplicationCount,CM_Header,CM_TextBlob,CM_SearchableText) VALUES (
944,
268440329,
0,
'00e0db4979410a5d',
#07/06/2006#,
#07/06/2006#,
4,
0,
'0400000010140044000000000000000000200040002e4000102e4000101400c40000000000000000001000c0002e4000102e4000101402800100000000000000001402800300000000000000001402400400000000000000001402c0040000000000000000140200050000000000000000140240050000000000000000',

'00000000',

'        7 0 7 8 2 3 5 7 5 6 6 5 4 2 6   1 4 3   w t X H G f K L a S C d X Z N a W k k ] - f e D g L u o p p n H   G j L W ` r h p I j ^ ` m U R u J B i K y M Y E n A Q o I p M j   y N 8 Y 1 7 ] 8 ^ 8 ` n G R J ]   U U [ s k n m [ p ^ _ h g k h j L m P X L Q G a u K o K D P N -   '
);

INSERT INTO identitytable (Parent_CMID,CM_FirstName,CM_LastName,CM_CompanyName,CM_Type,CM_Attributes,CM_HintField,CM_ExtHintField,CM_FirstNmPrn,CM_LastNmPrn,CM_CompanyNmPrn) VALUES (
944,
'Heew',
'Bri',
NULL,
268440329,
4,
85,
0,
NULL,
NULL,
NULL
);

INSERT INTO emailtable (EMail_FieldID,EmailParent_CMID,EMailAddress) VALUES (
143,
944,
'Heew_Bri@Sckeil.co.uk'
);

INSERT INTO phone (CM_Id,CM_PhoneMatching,CM_ExtendedPhoneMatching) VALUES (
944,
6245665,
75328707
);

INSERT INTO contacts (CM_Id,CM_Type,CM_PrefTemplateRefId,CM_UIDString,CM_Last_modified,CM_ContactCreationDate,CM_Attributes,CM_ReplicationCount,CM_Header,CM_TextBlob,CM_SearchableText) VALUES (
945,
268440329,
0,
'00e0db4979414766',
#07/06/2006#,
#07/06/2006#,
4,
0,
'0400000010140044000000000000000000200040002e4000102e4000101400c40000000000000000001000c0002e4000102e4000101402800100000000000000001402800300000000000000001402400400000000000000001402c0040000000000000000140200050000000000000000140240050000000000000000',

'00000000',

'        1 1 5 6 2 0 7 1 6 8 8 5 5 5 7   1 4 4   E D G t m h ` g l Z a q m [ Y d e - V p r e g C B C ] W m ] A J   ` n A ] h c U L B ^ v w O L k - s K M ] w C L m W v k k D K h q   Z Z L n E U W ? E B o D r H Z t   I A P r E f r F _ d m _ w j i w G S v a V T ^ v ` D Y T H t p f   '
);

INSERT INTO identitytable (Parent_CMID,CM_FirstName,CM_LastName,CM_CompanyName,CM_Type,CM_Attributes,CM_HintField,CM_ExtHintField,CM_FirstNmPrn,CM_LastNmPrn,CM_CompanyNmPrn) VALUES (
945,
'Gajath',
'Tayeroderkpsonddal',
NULL,
268440329,
4,
85,
0,
NULL,
NULL,
NULL
);

INSERT INTO emailtable (EMail_FieldID,EmailParent_CMID,EMailAddress) VALUES (
144,
945,
'Gajath_Tayeroderkpsonddal@Kunnameafferawanonses.co.uk'
);

INSERT INTO phone (CM_Id,CM_PhoneMatching,CM_ExtendedPhoneMatching) VALUES (
945,
7555886,
17026511
);

INSERT INTO contacts (CM_Id,CM_Type,CM_PrefTemplateRefId,CM_UIDString,CM_Last_modified,CM_ContactCreationDate,CM_Attributes,CM_ReplicationCount,CM_Header,CM_TextBlob,CM_SearchableText) VALUES (
946,
268440329,
0,
'00e0db4979416e76',
#07/06/2006#,
#07/06/2006#,
4,
0,
'0400000010140044000000000000000000200040002e4000102e4000101400c40000000000000000001000c0002e4000102e4000101402800100000000000000001402800300000000000000001402400400000000000000001402c0040000000000000000140200050000000000000000140240050000000000000000',

'00000000',

'        0 2 2 7 2 6 7 4 8 4 0 4 5 4 4   1 4 5   U g D s _ s w L o b R c m u P k T ^ A s - B H y I X G M Q r Q o   ` J e M n l Y W U X l x [ c y [ t y A I ^ S R S e F D - x v E y   v E b Z L L = 2 7 u U N K c s b   j L o T W - I q ` w Z K Y y R b E e U D H i J B r J ] f ^ O W b   '
);

INSERT INTO identitytable (Parent_CMID,CM_FirstName,CM_LastName,CM_CompanyName,CM_Type,CM_Attributes,CM_HintField,CM_ExtHintField,CM_FirstNmPrn,CM_LastNmPrn,CM_CompanyNmPrn) VALUES (
946,
'Santirryn',
'Tesoeres',
NULL,
268440329,
4,
85,
0,
NULL,
NULL,
NULL
);

INSERT INTO emailtable (EMail_FieldID,EmailParent_CMID,EMailAddress) VALUES (
145,
946,
'Santirryn_Tesoeres@MantrelieancClll.co.uk'
);

INSERT INTO phone (CM_Id,CM_PhoneMatching,CM_ExtendedPhoneMatching) VALUES (
946,
4454048,
47627220
);

INSERT INTO contacts (CM_Id,CM_Type,CM_PrefTemplateRefId,CM_UIDString,CM_Last_modified,CM_ContactCreationDate,CM_Attributes,CM_ReplicationCount,CM_Header,CM_TextBlob,CM_SearchableText) VALUES (
947,
268440329,
0,
'00e0db4979419586',
#07/06/2006#,
#07/06/2006#,
4,
0,
'0400000010140044000000000000000000200040002e4000102e4000101400c40000000000000000001000c0002e4000102e4000101402800100000000000000001402800300000000000000001402400400000000000000001402c0040000000000000000140200050000000000000000140240050000000000000000',

'00000000',

'        1 4 2 8 3 1 5 6 5 5 3 1 5 0 4   1 4 6   X g u j T d Y k Q v I I P k Z ] D f v P S R ` o V L W j G l ] Z   k L s O Q y o H y W s V ^ F l e G x J S L r u w l C [ n I O l `   ] a M T n d 3 q 6 t 4 m c N ^ 6   K L P R W S _ U V A s d l O j j M b [ G [ L o i m t c F l B D _   '
);

INSERT INTO identitytable (Parent_CMID,CM_FirstName,CM_LastName,CM_CompanyName,CM_Type,CM_Attributes,CM_HintField,CM_ExtHintField,CM_FirstNmPrn,CM_LastNmPrn,CM_CompanyNmPrn) VALUES (
947,
'Riar',
'Lungr',
NULL,
268440329,
4,
85,
0,
NULL,
NULL,
NULL
);

INSERT INTO emailtable (EMail_FieldID,EmailParent_CMID,EMailAddress) VALUES (
146,
947,
'Riar_Lungr@Rysomsssss.co.uk'
);

INSERT INTO phone (CM_Id,CM_PhoneMatching,CM_ExtendedPhoneMatching) VALUES (
947,
4051355,
65138241
);

INSERT INTO contacts (CM_Id,CM_Type,CM_PrefTemplateRefId,CM_UIDString,CM_Last_modified,CM_ContactCreationDate,CM_Attributes,CM_ReplicationCount,CM_Header,CM_TextBlob,CM_SearchableText) VALUES (
948,
268440329,
0,
'00e0db497941bc96',
#07/06/2006#,
#07/06/2006#,
4,
0,
'0400000010140044000000000000000000200040002e4000102e4000101400c40000000000000000001000c0002e4000102e4000101402800100000000000000001402800300000000000000001402400400000000000000001402c0040000000000000000140200050000000000000000140240050000000000000000',

'00000000',

'        6 3 2 8 6 5 6 4 4 0 7 3 3 7 0   1 4 7   l ` C K _ r ] F W _ q u v S Q b D e a W W S [ O b l ] S r C I V   t P - j L Q g B H Q Y F ] [ X m T q L ^ n s - A L T N Y V ^ k t   q @ 5 ? W 3 J f 1 l N ] h 3 G j   W J ` P o v q P b n _ a c K X I X C y h C A C W ] O O X x y M ^   '
);

INSERT INTO identitytable (Parent_CMID,CM_FirstName,CM_LastName,CM_CompanyName,CM_Type,CM_Attributes,CM_HintField,CM_ExtHintField,CM_FirstNmPrn,CM_LastNmPrn,CM_CompanyNmPrn) VALUES (
948,
'Niche',
'Bloncangde',
NULL,
268440329,
4,
85,
0,
NULL,
NULL,
NULL
);

INSERT INTO emailtable (EMail_FieldID,EmailParent_CMID,EMailAddress) VALUES (
147,
948,
'Niche_Bloncangde@Molanimsoverssoul.co.uk'
);

INSERT INTO phone (CM_Id,CM_PhoneMatching,CM_ExtendedPhoneMatching) VALUES (
948,
733704,
46568236
);

INSERT INTO contacts (CM_Id,CM_Type,CM_PrefTemplateRefId,CM_UIDString,CM_Last_modified,CM_ContactCreationDate,CM_Attributes,CM_ReplicationCount,CM_Header,CM_TextBlob,CM_SearchableText) VALUES (
949,
268440329,
0,
'00e0db497941f72e',
#07/06/2006#,
#07/06/2006#,
4,
0,
'0400000010140044000000000000000000200040002e4000102e4000101400c40000000000000000001000c0002e4000102e4000101402800100000000000000001402800300000000000000001402400400000000000000001402c0040000000000000000140200050000000000000000140240050000000000000000',

'00000000',

'        8 5 4 3 7 4 2 8 4 1 6 7 5 2 2   1 4 8   K u l n w Q s G [ t C ^ n g A _ V K [ J W f s m G g c e E p i Z   M j K B y a d ] r - L ` - N r Y H q ` J F k - O ^ F H Y G W M j   S l M [ Z 1 Z m : q X ] 5 o y P   W O x q A D W x J U t U [ T K E T d P T g [ R Z t M o S a u T S   '
);

INSERT INTO identitytable (Parent_CMID,CM_FirstName,CM_LastName,CM_CompanyName,CM_Type,CM_Attributes,CM_HintField,CM_ExtHintField,CM_FirstNmPrn,CM_LastNmPrn,CM_CompanyNmPrn) VALUES (
949,
'Jal',
'Larphy',
NULL,
268440329,
4,
85,
0,
NULL,
NULL,
NULL
);

INSERT INTO emailtable (EMail_FieldID,EmailParent_CMID,EMailAddress) VALUES (
148,
949,
'Jal_Larphy@ScAheskylonas.co.uk'
);

INSERT INTO phone (CM_Id,CM_PhoneMatching,CM_ExtendedPhoneMatching) VALUES (
949,
2257614,
82473458
);

INSERT INTO contacts (CM_Id,CM_Type,CM_PrefTemplateRefId,CM_UIDString,CM_Last_modified,CM_ContactCreationDate,CM_Attributes,CM_ReplicationCount,CM_Header,CM_TextBlob,CM_SearchableText) VALUES (
950,
268440329,
0,
'00e0db4979421e3e',
#07/06/2006#,
#07/06/2006#,
4,
0,
'0400000010140044000000000000000000200040002e4000102e4000101400c40000000000000000001000c0002e4000102e4000101402800100000000000000001402800300000000000000001402400400000000000000001402c0040000000000000000140200050000000000000000140240050000000000000000',

'00000000',

'        0 7 3 6 8 8 5 0 8 7 4 0 1 8 2   1 4 9   r x N y u f W O - b ] l m n B G w o K n t H b n v k g l Q q b o   C q k j a s c K n i E - c G S ] j _ r q Q S t F C ` B N u b y ^   = u L W ? < i 7 h Z 2 v V R 9 @   L X ` c E ] H x k F x c X j A h r f s H u a g u A Y Y r D d y p   '
);

INSERT INTO identitytable (Parent_CMID,CM_FirstName,CM_LastName,CM_CompanyName,CM_Type,CM_Attributes,CM_HintField,CM_ExtHintField,CM_FirstNmPrn,CM_LastNmPrn,CM_CompanyNmPrn) VALUES (
950,
'Codrelica',
'Jaz',
NULL,
268440329,
4,
85,
0,
NULL,
NULL,
NULL
);

INSERT INTO emailtable (EMail_FieldID,EmailParent_CMID,EMailAddress) VALUES (
149,
950,
'Codrelica_Jaz@Ha.co.uk'
);

INSERT INTO phone (CM_Id,CM_PhoneMatching,CM_ExtendedPhoneMatching) VALUES (
950,
2810478,
5886370
);

INSERT INTO contacts (CM_Id,CM_Type,CM_PrefTemplateRefId,CM_UIDString,CM_Last_modified,CM_ContactCreationDate,CM_Attributes,CM_ReplicationCount,CM_Header,CM_TextBlob,CM_SearchableText) VALUES (
951,
268440329,
0,
'00e0db497942454e',
#07/06/2006#,
#07/06/2006#,
4,
0,
'0400000010140044000000000000000000200040002e4000102e4000101400c40000000000000000001000c0002e4000102e4000101402800100000000000000001402800300000000000000001402400400000000000000001402c0040000000000000000140200050000000000000000140240050000000000000000',

'00000000',

'        5 7 6 5 2 0 4 5 3 4 0 1 1 7 3   1 5 0   M Y w A c g ^ - B W a y ] n v N m b V N i X ] s - g w x x A L d   H ^ e ] K i o a c Q d v p P ` b T W h D _ E b v s i w H x Y ] G   ^ U ^ W K 6 6 E ` 5 B D I V n 4   k d n _ A A I V h X D o S l m F b v n - O ` b u p c G d b k O w   '
);

INSERT INTO identitytable (Parent_CMID,CM_FirstName,CM_LastName,CM_CompanyName,CM_Type,CM_Attributes,CM_HintField,CM_ExtHintField,CM_FirstNmPrn,CM_LastNmPrn,CM_CompanyNmPrn) VALUES (
951,
'Jeitel',
'Badeysoby',
NULL,
268440329,
4,
85,
0,
NULL,
NULL,
NULL
);

INSERT INTO emailtable (EMail_FieldID,EmailParent_CMID,EMailAddress) VALUES (
150,
951,
'Jeitel_Badeysoby@Han-Pee.co.uk'
);

INSERT INTO phone (CM_Id,CM_PhoneMatching,CM_ExtendedPhoneMatching) VALUES (
951,
3711043,
54025675
);

INSERT INTO contacts (CM_Id,CM_Type,CM_PrefTemplateRefId,CM_UIDString,CM_Last_modified,CM_ContactCreationDate,CM_Attributes,CM_ReplicationCount,CM_Header,CM_TextBlob,CM_SearchableText) VALUES (
952,
268440329,
0,
'00e0db497942df1d',
#07/06/2006#,
#07/06/2006#,
4,
0,
'0400000010140044000000000000000000200040002e4000102e4000101400c40000000000000000001000c0002e4000102e4000101402800100000000000000001402800300000000000000001402400400000000000000001402c0040000000000000000140200050000000000000000140240050000000000000000',

'00000000',

'        5 1 6 6 3 1 1 7 1 0 4 5 3 3 3   1 5 1   T ` k A ^ J c ^ G T K g T S ] D R F y [ t Z o O r K H - u b R f   p J O E V S D s - v N u L H b c [ [ i Q j E A y j Z Z E n E d v   B f < C Q y X 4 O A g B S e J <   Z n O I g n X x ] B q i p [ m P J F c G x d J b U X S i d d K v   '
);

INSERT INTO identitytable (Parent_CMID,CM_FirstName,CM_LastName,CM_CompanyName,CM_Type,CM_Attributes,CM_HintField,CM_ExtHintField,CM_FirstNmPrn,CM_LastNmPrn,CM_CompanyNmPrn) VALUES (
952,
'Ma',
'Hi',
NULL,
268440329,
4,
85,
0,
NULL,
NULL,
NULL
);

INSERT INTO emailtable (EMail_FieldID,EmailParent_CMID,EMailAddress) VALUES (
151,
952,
'Ma_Hi@Ollew.co.uk'
);

INSERT INTO phone (CM_Id,CM_PhoneMatching,CM_ExtendedPhoneMatching) VALUES (
952,
3335401,
71136615
);

INSERT INTO contacts (CM_Id,CM_Type,CM_PrefTemplateRefId,CM_UIDString,CM_Last_modified,CM_ContactCreationDate,CM_Attributes,CM_ReplicationCount,CM_Header,CM_TextBlob,CM_SearchableText) VALUES (
953,
268440329,
0,
'00e0db49794319b5',
#07/06/2006#,
#07/06/2006#,
4,
0,
'0400000010140044000000000000000000200040002e4000102e4000101400c40000000000000000001000c0002e4000102e4000101402800100000000000000001402800300000000000000001402400400000000000000001402c0040000000000000000140200050000000000000000140240050000000000000000',

'00000000',

'        8 7 2 8 1 0 6 8 6 8 3 2 6 1 4   1 5 2   P P R n g r l J M C L w i t O j o E I s B e j G i E C N K e ] m   W U P q U I u p f L W y Z e q l G y b u P i S N [ R - - b Z B D   V S r u V ; c d 5 3 M J m ; @ O   ` Z c a - c m s C C F F [ B m _ X p k G T g G _ G X l C s H p r   '
);

INSERT INTO identitytable (Parent_CMID,CM_FirstName,CM_LastName,CM_CompanyName,CM_Type,CM_Attributes,CM_HintField,CM_ExtHintField,CM_FirstNmPrn,CM_LastNmPrn,CM_CompanyNmPrn) VALUES (
953,
'Ka',
'Jadsonnar',
NULL,
268440329,
4,
85,
0,
NULL,
NULL,
NULL
);

INSERT INTO emailtable (EMail_FieldID,EmailParent_CMID,EMailAddress) VALUES (
152,
953,
'Ka_Jadsonnar@Derarardsor.co.uk'
);

INSERT INTO phone (CM_Id,CM_PhoneMatching,CM_ExtendedPhoneMatching) VALUES (
953,
4162386,
86018278
);

INSERT INTO contacts (CM_Id,CM_Type,CM_PrefTemplateRefId,CM_UIDString,CM_Last_modified,CM_ContactCreationDate,CM_Attributes,CM_ReplicationCount,CM_Header,CM_TextBlob,CM_SearchableText) VALUES (
954,
268440329,
0,
'00e0db49794340c5',
#07/06/2006#,
#07/06/2006#,
4,
0,
'0400000010140044000000000000000000200040002e4000102e4000101400c40000000000000000001000c0002e4000102e4000101402800100000000000000001402800300000000000000001402400400000000000000001402c0040000000000000000140200050000000000000000140240050000000000000000',

'00000000',

'        8 0 5 3 1 6 7 1 2 8 6 4 7 1 0   1 5 3   g o I h B j H N ^ u l v e M L S v v R e Z r N _ t q _ j D h C `   ` S C o x i ` n b e q u b t y I a s i D V _ C L v P I x D i n W   q = U d 4 I a G ^ @ a Y @ N l 7   E Q D Q Y ^ I U m T R Q _ C b T h P H U ^ Q V x H m h C e S j -   '
);

INSERT INTO identitytable (Parent_CMID,CM_FirstName,CM_LastName,CM_CompanyName,CM_Type,CM_Attributes,CM_HintField,CM_ExtHintField,CM_FirstNmPrn,CM_LastNmPrn,CM_CompanyNmPrn) VALUES (
954,
'Rin',
'DulatoliacKark',
NULL,
268440329,
4,
85,
0,
NULL,
NULL,
NULL
);

INSERT INTO emailtable (EMail_FieldID,EmailParent_CMID,EMailAddress) VALUES (
153,
954,
'Rin_DulatoliacKark@Dhend.co.uk'
);

INSERT INTO phone (CM_Id,CM_PhoneMatching,CM_ExtendedPhoneMatching) VALUES (
954,
174682,
17613508
);

INSERT INTO contacts (CM_Id,CM_Type,CM_PrefTemplateRefId,CM_UIDString,CM_Last_modified,CM_ContactCreationDate,CM_Attributes,CM_ReplicationCount,CM_Header,CM_TextBlob,CM_SearchableText) VALUES (
955,
268440329,
0,
'00e0db49794367d5',
#07/06/2006#,
#07/06/2006#,
4,
0,
'0400000010140044000000000000000000200040002e4000102e4000101400c40000000000000000001000c0002e4000102e4000101402800100000000000000001402800300000000000000001402400400000000000000001402c0040000000000000000140200050000000000000000140240050000000000000000',

'00000000',

'        6 7 4 2 3 7 1 3 7 7 0 0 5 7 1   1 5 4   t g t T c v h S r V ` g Z W m G F i c j x y A b O Y Q X G U j N   S v y v g O V S f l R h K F E L n ] j R i O r q k M [ S c O x O   I W 2 u ; Y i R q K 7 y S ? p t   C _ A H a A d [ B s U k F T h i u a S e J [ M G ^ Y J g b j ^ B   '
);

INSERT INTO identitytable (Parent_CMID,CM_FirstName,CM_LastName,CM_CompanyName,CM_Type,CM_Attributes,CM_HintField,CM_ExtHintField,CM_FirstNmPrn,CM_LastNmPrn,CM_CompanyNmPrn) VALUES (
955,
'Stery',
'Rens',
NULL,
268440329,
4,
85,
0,
NULL,
NULL,
NULL
);

INSERT INTO emailtable (EMail_FieldID,EmailParent_CMID,EMailAddress) VALUES (
154,
955,
'Stery_Rens@Kane.co.uk'
);

INSERT INTO phone (CM_Id,CM_PhoneMatching,CM_ExtendedPhoneMatching) VALUES (
955,
1750077,
31732476
);

INSERT INTO contacts (CM_Id,CM_Type,CM_PrefTemplateRefId,CM_UIDString,CM_Last_modified,CM_ContactCreationDate,CM_Attributes,CM_ReplicationCount,CM_Header,CM_TextBlob,CM_SearchableText) VALUES (
956,
268440329,
0,
'00e0db497943a26d',
#07/06/2006#,
#07/06/2006#,
4,
0,
'0400000010140044000000000000000000200040002e4000102e4000101400c40000000000000000001000c0002e4000102e4000101402800100000000000000001402800300000000000000001402400400000000000000001402c0040000000000000000140200050000000000000000140240050000000000000000',

'00000000',

'        3 4 6 1 2 3 3 2 7 7 0 7 2 2 1   1 5 5   U e Y P M _ a G T Z n I w H f q K w _ C _ [ q D e T _ Y c v j v   ] _ I P - H v H M ] K U P b H m l l y p V ^ I Q a m I j X w m c   f l b O a T 9 I K 5 D e 5 = ; Z   a j B d w G U H W x d x m k n T x q N W j p Z y ^ L ` W a Y N p   '
);

INSERT INTO identitytable (Parent_CMID,CM_FirstName,CM_LastName,CM_CompanyName,CM_Type,CM_Attributes,CM_HintField,CM_ExtHintField,CM_FirstNmPrn,CM_LastNmPrn,CM_CompanyNmPrn) VALUES (
956,
'Anenishn',
'Sung',
NULL,
268440329,
4,
85,
0,
NULL,
NULL,
NULL
);

INSERT INTO emailtable (EMail_FieldID,EmailParent_CMID,EMailAddress) VALUES (
155,
956,
'Anenishn_Sung@Hal.co.uk'
);

INSERT INTO phone (CM_Id,CM_PhoneMatching,CM_ExtendedPhoneMatching) VALUES (
956,
1227077,
23321643
);

INSERT INTO contacts (CM_Id,CM_Type,CM_PrefTemplateRefId,CM_UIDString,CM_Last_modified,CM_ContactCreationDate,CM_Attributes,CM_ReplicationCount,CM_Header,CM_TextBlob,CM_SearchableText) VALUES (
957,
268440329,
0,
'00e0db497943c97d',
#07/06/2006#,
#07/06/2006#,
4,
0,
'0400000010140044000000000000000000200040002e4000102e4000101400c40000000000000000001000c0002e4000102e4000101402800100000000000000001402800300000000000000001402400400000000000000001402c0040000000000000000140200050000000000000000140240050000000000000000',

'00000000',

'        2 4 0 7 4 5 7 1 1 6 4 6 4 4 4   1 5 6   ^ - W j v - q ^ T S c O x c K - V Z Q J ^ w P N S w I i e _ D E   v Z d h m d R E e B s m F a B a r e K s Q l d l q g D M F J v a   o Z C f J f S M 7 < 9 ^ : F O c   H c N U [ b u H t p h l ` N X H K E l r o f Y q k x w _ S - - m   '
);

INSERT INTO identitytable (Parent_CMID,CM_FirstName,CM_LastName,CM_CompanyName,CM_Type,CM_Attributes,CM_HintField,CM_ExtHintField,CM_FirstNmPrn,CM_LastNmPrn,CM_CompanyNmPrn) VALUES (
957,
'Anicyas',
'Honinkl',
NULL,
268440329,
4,
85,
0,
NULL,
NULL,
NULL
);

INSERT INTO emailtable (EMail_FieldID,EmailParent_CMID,EMailAddress) VALUES (
156,
957,
'Anicyas_Honinkl@Sonibrr.co.uk'
);

INSERT INTO phone (CM_Id,CM_PhoneMatching,CM_ExtendedPhoneMatching) VALUES (
957,
4446461,
17547042
);

INSERT INTO contacts (CM_Id,CM_Type,CM_PrefTemplateRefId,CM_UIDString,CM_Last_modified,CM_ContactCreationDate,CM_Attributes,CM_ReplicationCount,CM_Header,CM_TextBlob,CM_SearchableText) VALUES (
958,
268440329,
0,
'00e0db497943f08d',
#07/06/2006#,
#07/06/2006#,
4,
0,
'0400000010140044000000000000000000200040002e4000102e4000101400c40000000000000000001000c0002e4000102e4000101402800100000000000000001402800300000000000000001402400400000000000000001402c0040000000000000000140200050000000000000000140240050000000000000000',

'00000000',

'        5 7 1 5 0 7 5 1 1 1 5 4 3 5 7   1 5 7   f T r F ` w Q ` _ O P h g d [ t V T g I _ t ] g H K ` Z l G M A   L U O o x a s I c n a M e y o - m e - o Y L a L x P v N r w d j   n m 6 u d @ L 0 s < u ^ N y P H   D G e l e p d Q U F N S o Z i u P ^ h e a I N ` q F N f c l p p   '
);

INSERT INTO identitytable (Parent_CMID,CM_FirstName,CM_LastName,CM_CompanyName,CM_Type,CM_Attributes,CM_HintField,CM_ExtHintField,CM_FirstNmPrn,CM_LastNmPrn,CM_CompanyNmPrn) VALUES (
958,
'Har',
'Handfffebinneickiasse',
NULL,
268440329,
4,
85,
0,
NULL,
NULL,
NULL
);

INSERT INTO emailtable (EMail_FieldID,EmailParent_CMID,EMailAddress) VALUES (
157,
958,
'Har_Handfffebinneickiasse@Amand.co.uk'
);

INSERT INTO phone (CM_Id,CM_PhoneMatching,CM_ExtendedPhoneMatching) VALUES (
958,
7534511,
15705175
);

INSERT INTO contacts (CM_Id,CM_Type,CM_PrefTemplateRefId,CM_UIDString,CM_Last_modified,CM_ContactCreationDate,CM_Attributes,CM_ReplicationCount,CM_Header,CM_TextBlob,CM_SearchableText) VALUES (
959,
268440329,
0,
'00e0db4979442b25',
#07/06/2006#,
#07/06/2006#,
4,
0,
'0400000010140044000000000000000000200040002e4000102e4000101400c40000000000000000001000c0002e4000102e4000101402800100000000000000001402800300000000000000001402400400000000000000001402c0040000000000000000140200050000000000000000140240050000000000000000',

'00000000',

'        0 8 0 1 1 5 1 4 7 3 7 8 1 3 4   1 5 8   L Y p H V r t _ x n o W ^ e d i Z i V N [ I f B R D _ t J f r t   p I ` ] n H b g p t y S v J A c m ] ] P w _ U u c h Q d y H I y   3 Y L _ W Z X 2 Q 5 s 6 C 2 a <   i W m _ Z E I D y - K F d h F g _ T w U k A i h D S e M P l A v   '
);

INSERT INTO identitytable (Parent_CMID,CM_FirstName,CM_LastName,CM_CompanyName,CM_Type,CM_Attributes,CM_HintField,CM_ExtHintField,CM_FirstNmPrn,CM_LastNmPrn,CM_CompanyNmPrn) VALUES (
959,
'Pa',
'Has',
NULL,
268440329,
4,
85,
0,
NULL,
NULL,
NULL
);

INSERT INTO emailtable (EMail_FieldID,EmailParent_CMID,EMailAddress) VALUES (
158,
959,
'Pa_Has@Dondhystonnsslicillilstink.co.uk'
);

INSERT INTO phone (CM_Id,CM_PhoneMatching,CM_ExtendedPhoneMatching) VALUES (
959,
4318737,
41511080
);


INSERT INTO contacts (CM_Id,CM_Type,CM_PrefTemplateRefId,CM_UIDString,CM_Last_modified,CM_ContactCreationDate,CM_Attributes,CM_ReplicationCount,CM_Header,CM_TextBlob,CM_SearchableText) VALUES (
960,
268440329,
0,
'00e0db4979445235',
#07/06/2006#,
#07/06/2006#,
4,
0,
'0400000010140044000000000000000000200040002e4000102e4000101400c40000000000000000001000c0002e4000102e4000101402800100000000000000001402800300000000000000001402400400000000000000001402c0040000000000000000140200050000000000000000140240050000000000000000',

'00000000',

'        4 2 4 1 2 0 2 0 4 6 1 8 7 3 2   1 5 9   e c g K ^ H p a [ p J d U I d C F j L O f E ` V M n F s L v Q E   i c a U Z n l t C ] m w S Z e V D B P R T k N J _ ^ ^ P P Z ^ H   D x p h < R k Y N E L j c L E t   N d S J A [ J a W j i c L ] h y O w v q i B V t t C s V k h s P   '
);

INSERT INTO identitytable (Parent_CMID,CM_FirstName,CM_LastName,CM_CompanyName,CM_Type,CM_Attributes,CM_HintField,CM_ExtHintField,CM_FirstNmPrn,CM_LastNmPrn,CM_CompanyNmPrn) VALUES (
960,
'Mag',
'Hobetth',
NULL,
268440329,
4,
85,
0,
NULL,
NULL,
NULL
);

INSERT INTO emailtable (EMail_FieldID,EmailParent_CMID,EMailAddress) VALUES (
159,
960,
'Mag_Hobetth@Evonkirngsshios.co.uk'
);

INSERT INTO phone (CM_Id,CM_PhoneMatching,CM_ExtendedPhoneMatching) VALUES (
960,
2378164,
2021424
);

INSERT INTO contacts (CM_Id,CM_Type,CM_PrefTemplateRefId,CM_UIDString,CM_Last_modified,CM_ContactCreationDate,CM_Attributes,CM_ReplicationCount,CM_Header,CM_TextBlob,CM_SearchableText) VALUES (
961,
268440329,
0,
'00e0db4979447945',
#07/06/2006#,
#07/06/2006#,
4,
0,
'0400000010140044000000000000000000200040002e4000102e4000101400c40000000000000000001000c0002e4000102e4000101402800100000000000000001402800300000000000000001402400400000000000000001402c0040000000000000000140200050000000000000000140240050000000000000000',

'00000000',

'        4 6 1 3 6 5 2 0 4 0 0 7 3 3 0   1 6 0   h c Q [ m y N k ` b T r R m d P a a k s r M T V s T i b B d _ y   W c ` a _ ] y S l s P R w C A c X W _ W a C w C L T l L h o P v   p T P < s A d r = < w - 0 ; 5 H   r N i N f b ] ] L I k ^ l Q U P L ^ I B d t ] W ^ s I K D h Q c   '
);

INSERT INTO identitytable (Parent_CMID,CM_FirstName,CM_LastName,CM_CompanyName,CM_Type,CM_Attributes,CM_HintField,CM_ExtHintField,CM_FirstNmPrn,CM_LastNmPrn,CM_CompanyNmPrn) VALUES (
961,
'Anil',
'Te',
NULL,
268440329,
4,
85,
0,
NULL,
NULL,
NULL
);

INSERT INTO emailtable (EMail_FieldID,EmailParent_CMID,EMailAddress) VALUES (
160,
961,
'Anil_Te@Ronird.co.uk'
);

INSERT INTO phone (CM_Id,CM_PhoneMatching,CM_ExtendedPhoneMatching) VALUES (
961,
337004,
2563164
);

INSERT INTO contacts (CM_Id,CM_Type,CM_PrefTemplateRefId,CM_UIDString,CM_Last_modified,CM_ContactCreationDate,CM_Attributes,CM_ReplicationCount,CM_Header,CM_TextBlob,CM_SearchableText) VALUES (
962,
268440329,
0,
'00e0db497944a055',
#07/06/2006#,
#07/06/2006#,
4,
0,
'0400000010140044000000000000000000200040002e4000102e4000101400c40000000000000000001000c0002e4000102e4000101402800100000000000000001402800300000000000000001402400400000000000000001402c0040000000000000000140200050000000000000000140240050000000000000000',

'00000000',

'        6 6 3 4 2 3 0 4 2 8 2 5 1 6 4   1 6 1   k ` q y w ] K c T h R h K B w y C s y W v y n V M _ h x P N K b   x o W S c c A ^ h Y J t l D O E y c D u Y [ H G s e S N D n V ^   H u < X M 3 l d 6 0 V p l 4 4 1   p i g ^ s G s E w j r J h T L u d Y H y x D P G ] X ] R Z j P p   '
);

INSERT INTO identitytable (Parent_CMID,CM_FirstName,CM_LastName,CM_CompanyName,CM_Type,CM_Attributes,CM_HintField,CM_ExtHintField,CM_FirstNmPrn,CM_LastNmPrn,CM_CompanyNmPrn) VALUES (
962,
'Dam',
'Ahairtiddss',
NULL,
268440329,
4,
85,
0,
NULL,
NULL,
NULL
);

INSERT INTO emailtable (EMail_FieldID,EmailParent_CMID,EMailAddress) VALUES (
161,
962,
'Dam_Ahairtiddss@Jurivsit.co.uk'
);

INSERT INTO phone (CM_Id,CM_PhoneMatching,CM_ExtendedPhoneMatching) VALUES (
962,
4615282,
40324366
);

INSERT INTO contacts (CM_Id,CM_Type,CM_PrefTemplateRefId,CM_UIDString,CM_Last_modified,CM_ContactCreationDate,CM_Attributes,CM_ReplicationCount,CM_Header,CM_TextBlob,CM_SearchableText) VALUES (
963,
268440329,
0,
'00e0db497944c765',
#07/06/2006#,
#07/06/2006#,
4,
0,
'0400000010140044000000000000000000200040002e4000102e4000101400c40000000000000000001000c0002e4000102e4000101402800100000000000000001402800300000000000000001402400400000000000000001402c0040000000000000000140200050000000000000000140240050000000000000000',

'00000000',

'        1 6 1 4 0 4 2 1 4 1 5 5 3 7 4   1 6 2   D D ^ V C A Y O s E m o G v J f w B B d - L x J T i t o x D x d   f h a C P b l Q W T - Z [ [ _ _ ^ ^ U i o w b F e w k x y p b Z   5 N f ; i : j < x < g Y _ u P ^   g u h F e E C c l l R P T c s A [ p y ] B U [ B ] f M G F c c E   '
);

INSERT INTO identitytable (Parent_CMID,CM_FirstName,CM_LastName,CM_CompanyName,CM_Type,CM_Attributes,CM_HintField,CM_ExtHintField,CM_FirstNmPrn,CM_LastNmPrn,CM_CompanyNmPrn) VALUES (
963,
'Naridry',
'Wardg',
NULL,
268440329,
4,
85,
0,
NULL,
NULL,
NULL
);

INSERT INTO emailtable (EMail_FieldID,EmailParent_CMID,EMailAddress) VALUES (
162,
963,
'Naridry_Wardg@Donit.co.uk'
);

INSERT INTO phone (CM_Id,CM_PhoneMatching,CM_ExtendedPhoneMatching) VALUES (
963,
4735514,
12404161
);

INSERT INTO contacts (CM_Id,CM_Type,CM_PrefTemplateRefId,CM_UIDString,CM_Last_modified,CM_ContactCreationDate,CM_Attributes,CM_ReplicationCount,CM_Header,CM_TextBlob,CM_SearchableText) VALUES (
964,
268440329,
0,
'00e0db49794501fd',
#07/06/2006#,
#07/06/2006#,
4,
0,
'0400000010140044000000000000000000200040002e4000102e4000101400c40000000000000000001000c0002e4000102e4000101402800100000000000000001402800300000000000000001402400400000000000000001402c0040000000000000000140200050000000000000000140240050000000000000000',

'00000000',

'        5 5 5 5 7 8 5 6 3 6 8 8 3 5 0   1 6 3   X d W - h y w G r b Z w H W s N m K U M q x V b l N L n J G F S   r v u O - s v N B g U [ r A h O B b ^ T Y S u W j G ` c R L E V   c @ w Z S A H l < j : w ] Q ^ l   _ ] i j m r R J b B l O m q I ` W Q m A w I X e n d X P j J t Y   '
);

INSERT INTO identitytable (Parent_CMID,CM_FirstName,CM_LastName,CM_CompanyName,CM_Type,CM_Attributes,CM_HintField,CM_ExtHintField,CM_FirstNmPrn,CM_LastNmPrn,CM_CompanyNmPrn) VALUES (
964,
'Daerttterauricimsthel',
'Br',
NULL,
268440329,
4,
85,
0,
NULL,
NULL,
NULL
);

INSERT INTO emailtable (EMail_FieldID,EmailParent_CMID,EMailAddress) VALUES (
163,
964,
'Daerttterauricimsthel_Br@Merishing.co.uk'
);

INSERT INTO phone (CM_Id,CM_PhoneMatching,CM_ExtendedPhoneMatching) VALUES (
964,
538863,
65875555
);

INSERT INTO contacts (CM_Id,CM_Type,CM_PrefTemplateRefId,CM_UIDString,CM_Last_modified,CM_ContactCreationDate,CM_Attributes,CM_ReplicationCount,CM_Header,CM_TextBlob,CM_SearchableText) VALUES (
965,
268440329,
0,
'00e0db497945290d',
#07/06/2006#,
#07/06/2006#,
4,
0,
'0400000010140044000000000000000000200040002e4000102e4000101400c40000000000000000001000c0002e4000102e4000101402800100000000000000001402800300000000000000001402400400000000000000001402c0040000000000000000140200050000000000000000140240050000000000000000',

'00000000',

'        5 8 0 3 4 6 2 1 0 3 3 6 1 1 8   1 6 4   W x a v S n q m b m s h U n Z H E ^ n u K d [ [ S E F Z c G h g   u T A U - k h M g O A J S ` X a G g o t - - c w a C J h D _ Z N   7 i K N R 5 d R Q j R M 0 7 u t   U J B L K S w Y Y d K K ` ] l ` y o c C ] X V L q w U V W A G Q   '
);

INSERT INTO identitytable (Parent_CMID,CM_FirstName,CM_LastName,CM_CompanyName,CM_Type,CM_Attributes,CM_HintField,CM_ExtHintField,CM_FirstNmPrn,CM_LastNmPrn,CM_CompanyNmPrn) VALUES (
965,
'Herew',
'Losoosambr',
NULL,
268440329,
4,
85,
0,
NULL,
NULL,
NULL
);

INSERT INTO emailtable (EMail_FieldID,EmailParent_CMID,EMailAddress) VALUES (
164,
965,
'Herew_Losoosambr@Zud.co.uk'
);

INSERT INTO phone (CM_Id,CM_PhoneMatching,CM_ExtendedPhoneMatching) VALUES (
965,
8116330,
12643085
);

INSERT INTO contacts (CM_Id,CM_Type,CM_PrefTemplateRefId,CM_UIDString,CM_Last_modified,CM_ContactCreationDate,CM_Attributes,CM_ReplicationCount,CM_Header,CM_TextBlob,CM_SearchableText) VALUES (
966,
268440329,
0,
'00e0db497945501d',
#07/06/2006#,
#07/06/2006#,
4,
0,
'0400000010140044000000000000000000200040002e4000102e4000101400c40000000000000000001000c0002e4000102e4000101402800100000000000000001402800300000000000000001402400400000000000000001402c0040000000000000000140200050000000000000000140240050000000000000000',

'00000000',

'        1 4 0 4 1 3 8 2 4 1 7 6 2 0 0   1 6 5   O Z D O W d f V P B S Q x h B n f H y L h j G r K U b N J X Z S   Z u V A E f B p F _ e F B ] e n D F A w o E R L j T T Q O o K V   v T f - j X : l 9 u a 9 1 w R F   f [ d o _ b F t _ h O D R B ^ x k i M a V u o P U S ` x C o o C   '
);

INSERT INTO identitytable (Parent_CMID,CM_FirstName,CM_LastName,CM_CompanyName,CM_Type,CM_Attributes,CM_HintField,CM_ExtHintField,CM_FirstNmPrn,CM_LastNmPrn,CM_CompanyNmPrn) VALUES (
966,
'Johlin',
'StUss',
NULL,
268440329,
4,
85,
0,
NULL,
NULL,
NULL
);

INSERT INTO emailtable (EMail_FieldID,EmailParent_CMID,EMailAddress) VALUES (
165,
966,
'Johlin_StUss@Lerg.co.uk'
);

INSERT INTO phone (CM_Id,CM_PhoneMatching,CM_ExtendedPhoneMatching) VALUES (
966,
26714,
28314041
);

INSERT INTO contacts (CM_Id,CM_Type,CM_PrefTemplateRefId,CM_UIDString,CM_Last_modified,CM_ContactCreationDate,CM_Attributes,CM_ReplicationCount,CM_Header,CM_TextBlob,CM_SearchableText) VALUES (
967,
268440329,
0,
'00e0db497945ffe5',
#07/06/2006#,
#07/06/2006#,
4,
0,
'0400000010140044000000000000000000200040002e4000102e4000101400c40000000000000000001000c0002e4000102e4000101402800100000000000000001402800300000000000000001402400400000000000000001402c0040000000000000000140200050000000000000000140240050000000000000000',

'00000000',

'        7 6 2 7 6 7 6 5 6 2 3 0 2 4 8   1 6 6   k O E ^ q - k K B c K ` U F ` J F s v d x e V s Q - H J b F x m   K s U K E U o J Q d ` R g m J G p y o b N w O d l x Z V y c j h   L Q C K - V T 6 7 p q k 6 F 1 6   h d u u m k k M T K r w p s v T t r h t t b H - R A u S - N x v   '
);

INSERT INTO identitytable (Parent_CMID,CM_FirstName,CM_LastName,CM_CompanyName,CM_Type,CM_Attributes,CM_HintField,CM_ExtHintField,CM_FirstNmPrn,CM_LastNmPrn,CM_CompanyNmPrn) VALUES (
967,
'Jon',
'Danyomel',
NULL,
268440329,
4,
85,
0,
NULL,
NULL,
NULL
);

INSERT INTO emailtable (EMail_FieldID,EmailParent_CMID,EMailAddress) VALUES (
166,
967,
'Jon_Danyomel@Smerrgdycongh.co.uk'
);

INSERT INTO phone (CM_Id,CM_PhoneMatching,CM_ExtendedPhoneMatching) VALUES (
967,
8420326,
56767267
);

INSERT INTO contacts (CM_Id,CM_Type,CM_PrefTemplateRefId,CM_UIDString,CM_Last_modified,CM_ContactCreationDate,CM_Attributes,CM_ReplicationCount,CM_Header,CM_TextBlob,CM_SearchableText) VALUES (
968,
268440329,
0,
'00e0db4979463a7d',
#07/06/2006#,
#07/06/2006#,
4,
0,
'0400000010140044000000000000000000200040002e4000102e4000101400c40000000000000000001000c0002e4000102e4000101402800100000000000000001402800300000000000000001402400400000000000000001402c0040000000000000000140200050000000000000000140240050000000000000000',

'00000000',

'        8 8 4 5 4 1 1 2 6 6 3 8 1 4 2   1 6 7   b x p e Q m P p t w N L ] ^ Z b B q R P d D ^ X i l P I T e E I   H [ f t w U g k R k t X V g n _ V V M c M u Y _ q k _ Z O v k f   ; U R Q ` X M h u - ^ p Z n 3 L   L M h - P S F T K g K t _ K U t j i t p v k O S Y x s d x n e c   '
);

INSERT INTO identitytable (Parent_CMID,CM_FirstName,CM_LastName,CM_CompanyName,CM_Type,CM_Attributes,CM_HintField,CM_ExtHintField,CM_FirstNmPrn,CM_LastNmPrn,CM_CompanyNmPrn) VALUES (
968,
'Jeigleras',
'Marellbe',
NULL,
268440329,
4,
85,
0,
NULL,
NULL,
NULL
);

INSERT INTO emailtable (EMail_FieldID,EmailParent_CMID,EMailAddress) VALUES (
167,
968,
'Jeigleras_Marellbe@Ante.co.uk'
);

INSERT INTO phone (CM_Id,CM_PhoneMatching,CM_ExtendedPhoneMatching) VALUES (
968,
2418366,
21145488
);

INSERT INTO contacts (CM_Id,CM_Type,CM_PrefTemplateRefId,CM_UIDString,CM_Last_modified,CM_ContactCreationDate,CM_Attributes,CM_ReplicationCount,CM_Header,CM_TextBlob,CM_SearchableText) VALUES (
969,
268440329,
0,
'00e0db497946618d',
#07/06/2006#,
#07/06/2006#,
4,
0,
'0400000010140044000000000000000000200040002e4000102e4000101400c40000000000000000001000c0002e4000102e4000101402800100000000000000001402800300000000000000001402400400000000000000001402c0040000000000000000140200050000000000000000140240050000000000000000',

'00000000',

'        1 8 4 8 6 8 6 4 8 0 7 5 8 2 5   1 6 8   l f f Q i O p B V v L E _ A o O a b F W [ I - ] g - b M O Z j ^   e q a s d _ w u J D T T F m m N G e x j w W N W a J e g l K - K   ^ 6 4 y 5 N J U 2 9 d [ M V X M   ] s [ Q a t K ` o k M y ^ c O Y H s R U B v - c Y ] C G g K e P   '
);

INSERT INTO identitytable (Parent_CMID,CM_FirstName,CM_LastName,CM_CompanyName,CM_Type,CM_Attributes,CM_HintField,CM_ExtHintField,CM_FirstNmPrn,CM_LastNmPrn,CM_CompanyNmPrn) VALUES (
969,
'No',
'Tesar',
NULL,
268440329,
4,
85,
0,
NULL,
NULL,
NULL
);

INSERT INTO emailtable (EMail_FieldID,EmailParent_CMID,EMailAddress) VALUES (
168,
969,
'No_Tesar@d.co.uk'
);

INSERT INTO phone (CM_Id,CM_PhoneMatching,CM_ExtendedPhoneMatching) VALUES (
969,
5285708,
46868481
);

INSERT INTO contacts (CM_Id,CM_Type,CM_PrefTemplateRefId,CM_UIDString,CM_Last_modified,CM_ContactCreationDate,CM_Attributes,CM_ReplicationCount,CM_Header,CM_TextBlob,CM_SearchableText) VALUES (
970,
268440329,
0,
'00e0db497946889d',
#07/06/2006#,
#07/06/2006#,
4,
0,
'0400000010140044000000000000000000200040002e4000102e4000101400c40000000000000000001000c0002e4000102e4000101402800100000000000000001402800300000000000000001402400400000000000000001402c0040000000000000000140200050000000000000000140240050000000000000000',

'00000000',

'        3 7 0 8 7 6 7 0 5 6 4 0 4 8 7   1 6 9   x P R X r Q s P u _ G - J Y h e f X v g o n d - k g l t A [ B b   _ V T t H o P R o y Y d T n C a S h n q H e m m l O C c g Y j b   J 2 p G 7 v 0 h F 2 n a X d 7 G   W i j s w h W e E _ _ c v v b d r H N Z H B b C N b v A o P C S   '
);

INSERT INTO identitytable (Parent_CMID,CM_FirstName,CM_LastName,CM_CompanyName,CM_Type,CM_Attributes,CM_HintField,CM_ExtHintField,CM_FirstNmPrn,CM_LastNmPrn,CM_CompanyNmPrn) VALUES (
970,
'Coharimisherrttt',
'Minessoratt',
NULL,
268440329,
4,
85,
0,
NULL,
NULL,
NULL
);

INSERT INTO emailtable (EMail_FieldID,EmailParent_CMID,EMailAddress) VALUES (
169,
970,
'Coharimisherrttt_Minessoratt@Mililbies.co.uk'
);

INSERT INTO phone (CM_Id,CM_PhoneMatching,CM_ExtendedPhoneMatching) VALUES (
970,
7840465,
7678073
);

INSERT INTO contacts (CM_Id,CM_Type,CM_PrefTemplateRefId,CM_UIDString,CM_Last_modified,CM_ContactCreationDate,CM_Attributes,CM_ReplicationCount,CM_Header,CM_TextBlob,CM_SearchableText) VALUES (
971,
268440329,
0,
'00e0db497946afad',
#07/06/2006#,
#07/06/2006#,
4,
0,
'0400000010140044000000000000000000200040002e4000102e4000101400c40000000000000000001000c0002e4000102e4000101402800100000000000000001402800300000000000000001402400400000000000000001402c0040000000000000000140200050000000000000000140240050000000000000000',

'00000000',

'        6 8 0 2 5 0 7 4 6 3 1 1 8 5 1   1 7 0   Z l w C L U K ` n B q c x d u Z t h h ^ x M Q G B i I C Q K k V   M U R h f E r I H C K v R ^ O A v ` C D U Q p c u p - T k i c S   < f @ [ k d - 0 U W 1 Q A 2 m 3   D _ D r Y p u u a w [ Y j u ^ W s L J P v E k u L ] s K b j O M   '
);

INSERT INTO identitytable (Parent_CMID,CM_FirstName,CM_LastName,CM_CompanyName,CM_Type,CM_Attributes,CM_HintField,CM_ExtHintField,CM_FirstNmPrn,CM_LastNmPrn,CM_CompanyNmPrn) VALUES (
971,
'Ad',
'Ba',
NULL,
268440329,
4,
85,
0,
NULL,
NULL,
NULL
);

INSERT INTO emailtable (EMail_FieldID,EmailParent_CMID,EMailAddress) VALUES (
170,
971,
'Ad_Ba@Mamazay.co.uk'
);

INSERT INTO phone (CM_Id,CM_PhoneMatching,CM_ExtendedPhoneMatching) VALUES (
971,
1581136,
47052086
);

INSERT INTO contacts (CM_Id,CM_Type,CM_PrefTemplateRefId,CM_UIDString,CM_Last_modified,CM_ContactCreationDate,CM_Attributes,CM_ReplicationCount,CM_Header,CM_TextBlob,CM_SearchableText) VALUES (
972,
268440329,
0,
'00e0db497946ea45',
#07/06/2006#,
#07/06/2006#,
4,
0,
'0400000010140044000000000000000000200040002e4000102e4000101400c40000000000000000001000c0002e4000102e4000101402800100000000000000001402800300000000000000001402400400000000000000001402c0040000000000000000140200050000000000000000140240050000000000000000',

'00000000',

'        7 8 1 4 8 5 3 1 5 1 7 1 4 2 7   1 7 1   d F o p m j g F u _ l W ` a h [ b A v x g d R T Z p M g H c h m   l f v p o R i _ o ^ C a R D n B r - [ L d Q I h m Q I c c W c C   u 6 b e T D 7 s - o B t 8 o j 1   t R A s A G Y E j a d h K o P N L D c p t q P J x b s d a m X J   '
);

INSERT INTO identitytable (Parent_CMID,CM_FirstName,CM_LastName,CM_CompanyName,CM_Type,CM_Attributes,CM_HintField,CM_ExtHintField,CM_FirstNmPrn,CM_LastNmPrn,CM_CompanyNmPrn) VALUES (
972,
'Ias',
'Jarkambontt',
NULL,
268440329,
4,
85,
0,
NULL,
NULL,
NULL
);

INSERT INTO emailtable (EMail_FieldID,EmailParent_CMID,EMailAddress) VALUES (
171,
972,
'Ias_Jarkambontt@Alesonenial.co.uk'
);

INSERT INTO phone (CM_Id,CM_PhoneMatching,CM_ExtendedPhoneMatching) VALUES (
972,
7241715,
13584187
);

INSERT INTO contacts (CM_Id,CM_Type,CM_PrefTemplateRefId,CM_UIDString,CM_Last_modified,CM_ContactCreationDate,CM_Attributes,CM_ReplicationCount,CM_Header,CM_TextBlob,CM_SearchableText) VALUES (
973,
268440329,
0,
'00e0db4979471155',
#07/06/2006#,
#07/06/2006#,
4,
0,
'0400000010140044000000000000000000200040002e4000102e4000101400c40000000000000000001000c0002e4000102e4000101402800100000000000000001402800300000000000000001402400400000000000000001402c0040000000000000000140200050000000000000000140240050000000000000000',

'00000000',

'        8 4 5 7 7 3 8 7 4 4 6 6 5 2 6   1 7 2   ] D x a T C a I o Z ` j g a n b m ` U ` e B R H u S R S k C K D   Z l V j O M v E - t ` Y s [ F ^ D A T T v F x b Y l [ - V ` B U   2 N t k 5 d 2 q c > v j L U c k   U C Q ] G D I O R U _ K G s p O o c F a A N E W s P T n e I [ v   '
);

INSERT INTO identitytable (Parent_CMID,CM_FirstName,CM_LastName,CM_CompanyName,CM_Type,CM_Attributes,CM_HintField,CM_ExtHintField,CM_FirstNmPrn,CM_LastNmPrn,CM_CompanyNmPrn) VALUES (
973,
'Juhnn',
'Vezuins',
NULL,
268440329,
4,
85,
0,
NULL,
NULL,
NULL
);

INSERT INTO emailtable (EMail_FieldID,EmailParent_CMID,EMailAddress) VALUES (
172,
973,
'Juhnn_Vezuins@Tuverrarp.co.uk'
);

INSERT INTO phone (CM_Id,CM_PhoneMatching,CM_ExtendedPhoneMatching) VALUES (
973,
6256644,
78377548
);

INSERT INTO contacts (CM_Id,CM_Type,CM_PrefTemplateRefId,CM_UIDString,CM_Last_modified,CM_ContactCreationDate,CM_Attributes,CM_ReplicationCount,CM_Header,CM_TextBlob,CM_SearchableText) VALUES (
974,
268440329,
0,
'00e0db4979473865',
#07/06/2006#,
#07/06/2006#,
4,
0,
'0400000010140044000000000000000000200040002e4000102e4000101400c40000000000000000001000c0002e4000102e4000101402800100000000000000001402800300000000000000001402400400000000000000001402c0040000000000000000140200050000000000000000140240050000000000000000',

'00000000',

'        0 1 6 7 0 1 4 4 2 0 8 5 1 6 7   1 7 3   w c Y ` Q w I s a v J _ M V i i L c l c c B U B F e [ _ C O p X   U y C b L f N x Q C s q - t F w l a g m c Z u ] G [ l l n - u ^   < B E e p u I d 7 > P x 2 y 0 w   L s Y t ^ k ] d B W p [ J i d E v T Q y h N H h L Z o Z s X b b   '
);

INSERT INTO identitytable (Parent_CMID,CM_FirstName,CM_LastName,CM_CompanyName,CM_Type,CM_Attributes,CM_HintField,CM_ExtHintField,CM_FirstNmPrn,CM_LastNmPrn,CM_CompanyNmPrn) VALUES (
974,
'Patildral',
'Ter',
NULL,
268440329,
4,
85,
0,
NULL,
NULL,
NULL
);

INSERT INTO emailtable (EMail_FieldID,EmailParent_CMID,EMailAddress) VALUES (
173,
974,
'Patildral_Ter@Jodereramonsbsteargesorsond.co.uk'
);

INSERT INTO phone (CM_Id,CM_PhoneMatching,CM_ExtendedPhoneMatching) VALUES (
974,
7615802,
44107610
);

INSERT INTO contacts (CM_Id,CM_Type,CM_PrefTemplateRefId,CM_UIDString,CM_Last_modified,CM_ContactCreationDate,CM_Attributes,CM_ReplicationCount,CM_Header,CM_TextBlob,CM_SearchableText) VALUES (
975,
268440329,
0,
'00e0db4979477a50',
#07/06/2006#,
#07/06/2006#,
4,
0,
'0400000010140044000000000000000000200040002e4000102e4000101400c40000000000000000001000c0002e4000102e4000101402800100000000000000001402800300000000000000001402400400000000000000001402c0040000000000000000140200050000000000000000140240050000000000000000',

'00000000',

'        6 8 1 2 1 7 6 4 4 4 4 4 7 7 4   1 7 4   L I b V F ` b n r P K c S K o _ S e h x S x k W m K y y g L u L   D o M K o _ s k ] [ t N [ b Y A e M P Y ` [ K k h j e N H m N l   E r E Z O a D a ^ @ T > - 5 t u   g q J K D L f u m j u k N V O A ^ x C Y y e u L R P R u v i X W   '
);

INSERT INTO identitytable (Parent_CMID,CM_FirstName,CM_LastName,CM_CompanyName,CM_Type,CM_Attributes,CM_HintField,CM_ExtHintField,CM_FirstNmPrn,CM_LastNmPrn,CM_CompanyNmPrn) VALUES (
975,
'Hen',
'Dakangi',
NULL,
268440329,
4,
85,
0,
NULL,
NULL,
NULL
);

INSERT INTO emailtable (EMail_FieldID,EmailParent_CMID,EMailAddress) VALUES (
174,
975,
'Hen_Dakangi@Gralbu.co.uk'
);

INSERT INTO phone (CM_Id,CM_PhoneMatching,CM_ExtendedPhoneMatching) VALUES (
975,
4774444,
46712186
);

INSERT INTO contacts (CM_Id,CM_Type,CM_PrefTemplateRefId,CM_UIDString,CM_Last_modified,CM_ContactCreationDate,CM_Attributes,CM_ReplicationCount,CM_Header,CM_TextBlob,CM_SearchableText) VALUES (
976,
268440329,
0,
'00e0db497947a160',
#07/06/2006#,
#07/06/2006#,
4,
0,
'0400000010140044000000000000000000200040002e4000102e4000101400c40000000000000000001000c0002e4000102e4000101402800100000000000000001402800300000000000000001402400400000000000000001402c0040000000000000000140200050000000000000000140240050000000000000000',

'00000000',

'        3 4 2 6 6 3 5 8 5 8 5 0 6 2 1   1 7 5   D g G j T ^ O o I k D X c e ] n W F q n f M U _ i K a s G h N Z   p - B ^ v J n - U O b T N x c C N c s g r M L E W u X t ` K I m   9 1 9 I 3 @ e 4 ` r M N T y B k   I ] n X x u m ` a F T a m m a f ] O i U C M _ _ m c L k o J E M   '
);

INSERT INTO identitytable (Parent_CMID,CM_FirstName,CM_LastName,CM_CompanyName,CM_Type,CM_Attributes,CM_HintField,CM_ExtHintField,CM_FirstNmPrn,CM_LastNmPrn,CM_CompanyNmPrn) VALUES (
976,
'Lohateg',
'Staf',
NULL,
268440329,
4,
85,
0,
NULL,
NULL,
NULL
);

INSERT INTO emailtable (EMail_FieldID,EmailParent_CMID,EMailAddress) VALUES (
175,
976,
'Lohateg_Staf@GicCo.co.uk'
);

INSERT INTO phone (CM_Id,CM_PhoneMatching,CM_ExtendedPhoneMatching) VALUES (
976,
1260585,
85366243
);

INSERT INTO contacts (CM_Id,CM_Type,CM_PrefTemplateRefId,CM_UIDString,CM_Last_modified,CM_ContactCreationDate,CM_Attributes,CM_ReplicationCount,CM_Header,CM_TextBlob,CM_SearchableText) VALUES (
977,
268440329,
0,
'00e0db497947c870',
#07/06/2006#,
#07/06/2006#,
4,
0,
'0400000010140044000000000000000000200040002e4000102e4000101400c40000000000000000001000c0002e4000102e4000101402800100000000000000001402800300000000000000001402400400000000000000001402c0040000000000000000140200050000000000000000140240050000000000000000',

'00000000',

'        1 2 4 5 5 8 7 3 0 0 5 3 7 3 2   1 7 6   J V v g D O M x T k B Z S y A w v I s ] L t O U l B Y f k y r I   H H i Q j y h D O p G M E U p d W s l u e s x f v w G J [ e D -   c 1 ^ B J Z 6 ; Z 2 E E A c o M   l F o G x q Y r j J j S _ ` c F b D S j _ s h c Q S Y ] v w P P   '
);

INSERT INTO identitytable (Parent_CMID,CM_FirstName,CM_LastName,CM_CompanyName,CM_Type,CM_Attributes,CM_HintField,CM_ExtHintField,CM_FirstNmPrn,CM_LastNmPrn,CM_CompanyNmPrn) VALUES (
977,
'An',
'Wi',
NULL,
268440329,
4,
85,
0,
NULL,
NULL,
NULL
);

INSERT INTO emailtable (EMail_FieldID,EmailParent_CMID,EMailAddress) VALUES (
176,
977,
'An_Wi@Kachmoolangeylowng.co.uk'
);

INSERT INTO phone (CM_Id,CM_PhoneMatching,CM_ExtendedPhoneMatching) VALUES (
977,
2373500,
37855421
);

INSERT INTO contacts (CM_Id,CM_Type,CM_PrefTemplateRefId,CM_UIDString,CM_Last_modified,CM_ContactCreationDate,CM_Attributes,CM_ReplicationCount,CM_Header,CM_TextBlob,CM_SearchableText) VALUES (
978,
268440329,
0,
'00e0db497947ef80',
#07/06/2006#,
#07/06/2006#,
4,
0,
'0400000010140044000000000000000000200040002e4000102e4000101400c40000000000000000001000c0002e4000102e4000101402800100000000000000001402800300000000000000001402400400000000000000001402c0040000000000000000140200050000000000000000140240050000000000000000',

'00000000',

'        7 3 3 3 0 2 4 1 5 0 0 8 1 1 1   1 7 7   B ] h b A P J j p S Q s ^ T ] ^ g x S ^ w u u _ H j t T u y r o   r S k k G R f T Y ] t c C Z F G Z R w O G K J j f a Z y E R p M   N C t 4 ` r C P n O N 4 B P S B   ] v X P Z w I _ b r W [ g w b ] l j a K u c w t I Y b K q a A l   '
);

INSERT INTO identitytable (Parent_CMID,CM_FirstName,CM_LastName,CM_CompanyName,CM_Type,CM_Attributes,CM_HintField,CM_ExtHintField,CM_FirstNmPrn,CM_LastNmPrn,CM_CompanyNmPrn) VALUES (
978,
'Vas',
'Soterdylly',
NULL,
268440329,
4,
85,
0,
NULL,
NULL,
NULL
);

INSERT INTO emailtable (EMail_FieldID,EmailParent_CMID,EMailAddress) VALUES (
177,
978,
'Vas_Soterdylly@Fal.co.uk'
);

INSERT INTO phone (CM_Id,CM_PhoneMatching,CM_ExtendedPhoneMatching) VALUES (
978,
1118005,
14203337
);

INSERT INTO contacts (CM_Id,CM_Type,CM_PrefTemplateRefId,CM_UIDString,CM_Last_modified,CM_ContactCreationDate,CM_Attributes,CM_ReplicationCount,CM_Header,CM_TextBlob,CM_SearchableText) VALUES (
979,
268440329,
0,
'00e0db4979481690',
#07/06/2006#,
#07/06/2006#,
4,
0,
'0400000010140044000000000000000000200040002e4000102e4000101400c40000000000000000001000c0002e4000102e4000101402800100000000000000001402800300000000000000001402400400000000000000001402c0040000000000000000140200050000000000000000140240050000000000000000',

'00000000',

'        4 6 3 3 3 3 7 5 1 6 6 8 7 1 2   1 7 8   V O U b J u T e n e U M a K s r b L b ^ - x w P ^ N c u W C Z X   b l u t w I W n t k b ` x O - - k r d m i m l A S k g P K [ P Y   y g D O L s e k M U Q ` q I K T   W E A M i c ] H I w [ x v b W Y k i t V g Q l j T i n s p V U q   '
);

INSERT INTO identitytable (Parent_CMID,CM_FirstName,CM_LastName,CM_CompanyName,CM_Type,CM_Attributes,CM_HintField,CM_ExtHintField,CM_FirstNmPrn,CM_LastNmPrn,CM_CompanyNmPrn) VALUES (
979,
'Mana',
'Barry',
NULL,
268440329,
4,
85,
0,
NULL,
NULL,
NULL
);

INSERT INTO emailtable (EMail_FieldID,EmailParent_CMID,EMailAddress) VALUES (
178,
979,
'Mana_Barry@HararsssondelimiatcKinha.co.uk'
);

INSERT INTO phone (CM_Id,CM_PhoneMatching,CM_ExtendedPhoneMatching) VALUES (
979,
2178661,
57333364
);

INSERT INTO contacts (CM_Id,CM_Type,CM_PrefTemplateRefId,CM_UIDString,CM_Last_modified,CM_ContactCreationDate,CM_Attributes,CM_ReplicationCount,CM_Header,CM_TextBlob,CM_SearchableText) VALUES (
980,
268440329,
0,
'00e0db4979485128',
#07/06/2006#,
#07/06/2006#,
4,
0,
'0400000010140044000000000000000000200040002e4000102e4000101400c40000000000000000001000c0002e4000102e4000101402800100000000000000001402800300000000000000001402400400000000000000001402c0040000000000000000140200050000000000000000140240050000000000000000',

'00000000',

'        6 1 7 3 0 5 6 2 3 0 4 6 4 7 0   1 7 9   o x M M F T M n A i s t s Z C [ ^ X G e y b g f X i - G u G G X   w ] o B D U B J l o B p r Z I i a u y F E L Y e H s V r b q v p   5 x A I t h D x V y = 5 m n 3 B   g x w N Z ` f P q v r R ^ y D p R d k O y o w M L S o t Z B p T   '
);

INSERT INTO identitytable (Parent_CMID,CM_FirstName,CM_LastName,CM_CompanyName,CM_Type,CM_Attributes,CM_HintField,CM_ExtHintField,CM_FirstNmPrn,CM_LastNmPrn,CM_CompanyNmPrn) VALUES (
980,
'Gugobdrgelig',
'Biensty',
NULL,
268440329,
4,
85,
0,
NULL,
NULL,
NULL
);

INSERT INTO emailtable (EMail_FieldID,EmailParent_CMID,EMailAddress) VALUES (
179,
980,
'Gugobdrgelig_Biensty@Kistonk.co.uk'
);

INSERT INTO phone (CM_Id,CM_PhoneMatching,CM_ExtendedPhoneMatching) VALUES (
980,
746403,
26503716
);

INSERT INTO contacts (CM_Id,CM_Type,CM_PrefTemplateRefId,CM_UIDString,CM_Last_modified,CM_ContactCreationDate,CM_Attributes,CM_ReplicationCount,CM_Header,CM_TextBlob,CM_SearchableText) VALUES (
981,
268440329,
0,
'00e0db4979487838',
#07/06/2006#,
#07/06/2006#,
4,
0,
'0400000010140044000000000000000000200040002e4000102e4000101400c40000000000000000001000c0002e4000102e4000101402800100000000000000001402800300000000000000001402400400000000000000001402c0040000000000000000140200050000000000000000140240050000000000000000',

'00000000',

'        2 0 0 3 8 3 2 5 2 1 8 6 2 2 8   1 8 0   N X h r F u v B u A s K m G J L v M J R K t a F D E p c w a t t   y o G A C D j n B t f [ x N K J d o r w ^ u y C P t G N ] V u s   A ^ y ` n a O 1 H : 2 M < 5 q _   N Z s G ^ ` N K W q X S r k Y V _ v s F P a F e q I p s X q O m   '
);

INSERT INTO identitytable (Parent_CMID,CM_FirstName,CM_LastName,CM_CompanyName,CM_Type,CM_Attributes,CM_HintField,CM_ExtHintField,CM_FirstNmPrn,CM_LastNmPrn,CM_CompanyNmPrn) VALUES (
981,
'Mandre',
'Tuglmerettt',
NULL,
268440329,
4,
85,
0,
NULL,
NULL,
NULL
);

INSERT INTO emailtable (EMail_FieldID,EmailParent_CMID,EMailAddress) VALUES (
180,
981,
'Mandre_Tuglmerettt@Liesser.co.uk'
);

INSERT INTO phone (CM_Id,CM_PhoneMatching,CM_ExtendedPhoneMatching) VALUES (
981,
8226812,
52383002
);

INSERT INTO contacts (CM_Id,CM_Type,CM_PrefTemplateRefId,CM_UIDString,CM_Last_modified,CM_ContactCreationDate,CM_Attributes,CM_ReplicationCount,CM_Header,CM_TextBlob,CM_SearchableText) VALUES (
982,
268440329,
0,
'00e0db4979492800',
#07/06/2006#,
#07/06/2006#,
4,
0,
'0400000010140044000000000000000000200040002e4000102e4000101400c40000000000000000001000c0002e4000102e4000101402800100000000000000001402800300000000000000001402400400000000000000001402c0040000000000000000140200050000000000000000140240050000000000000000',

'00000000',

'        1 2 3 8 0 0 1 6 4 8 8 2 3 8 8   1 8 1   f W V E M [ [ g p b J R s Z w U g h H a P C M c u X r [ ^ _ U `   O K j R Z H J g Z s F F E V i _ x H K [ F m N J p R B f b l y O   P m j t ? 2 Z [ t 2 H H x X W x   d V G a G d Z P o h ] d I O g b L d g p S Z W H K t f P F q n s   '
);

INSERT INTO identitytable (Parent_CMID,CM_FirstName,CM_LastName,CM_CompanyName,CM_Type,CM_Attributes,CM_HintField,CM_ExtHintField,CM_FirstNmPrn,CM_LastNmPrn,CM_CompanyNmPrn) VALUES (
982,
'Dex',
'Hongscev',
NULL,
268440329,
4,
85,
0,
NULL,
NULL,
NULL
);

INSERT INTO emailtable (EMail_FieldID,EmailParent_CMID,EMailAddress) VALUES (
181,
982,
'Dex_Hongscev@d.co.uk'
);

INSERT INTO phone (CM_Id,CM_PhoneMatching,CM_ExtendedPhoneMatching) VALUES (
982,
8832884,
61008321
);

INSERT INTO contacts (CM_Id,CM_Type,CM_PrefTemplateRefId,CM_UIDString,CM_Last_modified,CM_ContactCreationDate,CM_Attributes,CM_ReplicationCount,CM_Header,CM_TextBlob,CM_SearchableText) VALUES (
983,
268440329,
0,
'00e0db4979494f10',
#07/06/2006#,
#07/06/2006#,
4,
0,
'0400000010140044000000000000000000200040002e4000102e4000101400c40000000000000000001000c0002e4000102e4000101402800100000000000000001402800300000000000000001402400400000000000000001402c0040000000000000000140200050000000000000000140240050000000000000000',

'00000000',

'        2 1 1 3 0 7 6 1 5 1 2 8 0 0 5   1 8 2   s ^ r r A m x o F f E u I g A t p E s i N V s Z o E l o R l S B   [ c ] K X M d J A U j b U X U K ] Y _ E a x N M v C s J g A _ N   5 T > Z [ 6 2 E D b 6 D @ ] I e   ] A y B E b f p S t B Y U Y P i O W n j T ] O X H b L m X k u M   '
);

INSERT INTO identitytable (Parent_CMID,CM_FirstName,CM_LastName,CM_CompanyName,CM_Type,CM_Attributes,CM_HintField,CM_ExtHintField,CM_FirstNmPrn,CM_LastNmPrn,CM_CompanyNmPrn) VALUES (
983,
'An',
'Dafenurtsthull',
NULL,
268440329,
4,
85,
0,
NULL,
NULL,
NULL
);

INSERT INTO emailtable (EMail_FieldID,EmailParent_CMID,EMailAddress) VALUES (
182,
983,
'An_Dafenurtsthull@Brararmisstz.co.uk'
);

INSERT INTO phone (CM_Id,CM_PhoneMatching,CM_ExtendedPhoneMatching) VALUES (
983,
5008215,
16703112
);

INSERT INTO contacts (CM_Id,CM_Type,CM_PrefTemplateRefId,CM_UIDString,CM_Last_modified,CM_ContactCreationDate,CM_Attributes,CM_ReplicationCount,CM_Header,CM_TextBlob,CM_SearchableText) VALUES (
984,
268440329,
0,
'00e0db4979497620',
#07/06/2006#,
#07/06/2006#,
4,
0,
'0400000010140044000000000000000000200040002e4000102e4000101400c40000000000000000001000c0002e4000102e4000101402800100000000000000001402800300000000000000001402400400000000000000001402c0040000000000000000140200050000000000000000140240050000000000000000',

'00000000',

'        0 1 5 5 0 7 2 7 7 5 5 1 4 5 7   1 8 3   ^ A g A D ] p P v l G x q b i m B f j L ] t h n n V W p r M V K   c j Y [ t A k l X L [ j B D L ^ x f K s G a s D e r u e T T w q   C 7 p J Z P 2 8 4 O - A r L L f   Z w E G i u a o C N N - ` q R _ l i m b w M G X R i Z h [ o C X   '
);

INSERT INTO identitytable (Parent_CMID,CM_FirstName,CM_LastName,CM_CompanyName,CM_Type,CM_Attributes,CM_HintField,CM_ExtHintField,CM_FirstNmPrn,CM_LastNmPrn,CM_CompanyNmPrn) VALUES (
984,
'Joneoratas',
'Okeg',
NULL,
268440329,
4,
85,
0,
NULL,
NULL,
NULL
);

INSERT INTO emailtable (EMail_FieldID,EmailParent_CMID,EMailAddress) VALUES (
183,
984,
'Joneoratas_Okeg@Al.co.uk'
);

INSERT INTO phone (CM_Id,CM_PhoneMatching,CM_ExtendedPhoneMatching) VALUES (
984,
7541557,
72705510
);

INSERT INTO contacts (CM_Id,CM_Type,CM_PrefTemplateRefId,CM_UIDString,CM_Last_modified,CM_ContactCreationDate,CM_Attributes,CM_ReplicationCount,CM_Header,CM_TextBlob,CM_SearchableText) VALUES (
985,
268440329,
0,
'00e0db497949b0b8',
#07/06/2006#,
#07/06/2006#,
4,
0,
'0400000010140044000000000000000000200040002e4000102e4000101400c40000000000000000001000c0002e4000102e4000101402800100000000000000001402800300000000000000001402400400000000000000001402c0040000000000000000140200050000000000000000140240050000000000000000',

'00000000',

'        4 1 8 0 6 0 7 5 6 8 3 5 5 3 3   1 8 4   o n S X P V B b L ] C j ] J J G W i ^ i n d [ d o P E j S P H P   B ` Z p m A B W k e v W q x A h E Q K t q ^ V i u H k ^ s M i L   T V t E ; ? = : I c D f ; P v j   s l a W G n q u T D ] r v D M n f j M x N p w C i Z t - u u a o   '
);

INSERT INTO identitytable (Parent_CMID,CM_FirstName,CM_LastName,CM_CompanyName,CM_Type,CM_Attributes,CM_HintField,CM_ExtHintField,CM_FirstNmPrn,CM_LastNmPrn,CM_CompanyNmPrn) VALUES (
985,
'St',
'Hainsokonckut',
NULL,
268440329,
4,
85,
0,
NULL,
NULL,
NULL
);

INSERT INTO emailtable (EMail_FieldID,EmailParent_CMID,EMailAddress) VALUES (
184,
985,
'St_Hainsokonckut@Oar.co.uk'
);

INSERT INTO phone (CM_Id,CM_PhoneMatching,CM_ExtendedPhoneMatching) VALUES (
985,
3355386,
57060814
);

INSERT INTO contacts (CM_Id,CM_Type,CM_PrefTemplateRefId,CM_UIDString,CM_Last_modified,CM_ContactCreationDate,CM_Attributes,CM_ReplicationCount,CM_Header,CM_TextBlob,CM_SearchableText) VALUES (
986,
268440329,
0,
'00e0db497949d7c8',
#07/06/2006#,
#07/06/2006#,
4,
0,
'0400000010140044000000000000000000200040002e4000102e4000101400c40000000000000000001000c0002e4000102e4000101402800100000000000000001402800300000000000000001402400400000000000000001402c0040000000000000000140200050000000000000000140240050000000000000000',

'00000000',

'        4 7 4 2 6 0 7 0 0 5 5 2 6 2 5   1 8 5   p C s Q s K Q v o q s f o Y s R c H M B - S M x C Q X p M Y K v   ` K Z u J H o h R n V A k c b c k J n n v e w I L V A ` P Y v C   w j G - Z 3 : x m M B m H 0 3 g   _ C G _ Z t P Z C J s t K Z t j W v a W r D P d Y j M V X m a X   '
);

INSERT INTO identitytable (Parent_CMID,CM_FirstName,CM_LastName,CM_CompanyName,CM_Type,CM_Attributes,CM_HintField,CM_ExtHintField,CM_FirstNmPrn,CM_LastNmPrn,CM_CompanyNmPrn) VALUES (
986,
'Hono',
'Licedde',
NULL,
268440329,
4,
85,
0,
NULL,
NULL,
NULL
);

INSERT INTO emailtable (EMail_FieldID,EmailParent_CMID,EMailAddress) VALUES (
185,
986,
'Hono_Licedde@Ol.co.uk'
);

INSERT INTO phone (CM_Id,CM_PhoneMatching,CM_ExtendedPhoneMatching) VALUES (
986,
5262550,
7062474
);

INSERT INTO contacts (CM_Id,CM_Type,CM_PrefTemplateRefId,CM_UIDString,CM_Last_modified,CM_ContactCreationDate,CM_Attributes,CM_ReplicationCount,CM_Header,CM_TextBlob,CM_SearchableText) VALUES (
987,
268440329,
0,
'00e0db497949fed8',
#07/06/2006#,
#07/06/2006#,
4,
0,
'0400000010140044000000000000000000200040002e4000102e4000101400c40000000000000000001000c0002e4000102e4000101402800100000000000000001402800300000000000000001402400400000000000000001402c0040000000000000000140200050000000000000000140240050000000000000000',

'00000000',

'        5 5 1 8 3 0 0 6 3 0 0 7 5 6 1   1 8 6   - C ` u x ` g a D p m H p G G M v E n Z B y j V w Z S g w f [ K   k B U O p S J l d P a ^ B Q M a J G L d D F J x l P h m g u C Q   s f k - I e j T X d Y H A ; B Y   d N n X [ G y B P A x S y X L _ x A u l E j C x y y C e m e O J   '
);

INSERT INTO identitytable (Parent_CMID,CM_FirstName,CM_LastName,CM_CompanyName,CM_Type,CM_Attributes,CM_HintField,CM_ExtHintField,CM_FirstNmPrn,CM_LastNmPrn,CM_CompanyNmPrn) VALUES (
987,
'Linyl',
'Ardenssh',
NULL,
268440329,
4,
85,
0,
NULL,
NULL,
NULL
);

INSERT INTO emailtable (EMail_FieldID,EmailParent_CMID,EMailAddress) VALUES (
186,
987,
'Linyl_Ardenssh@Fand.co.uk'
);

INSERT INTO phone (CM_Id,CM_PhoneMatching,CM_ExtendedPhoneMatching) VALUES (
987,
1657003,
60038155
);

INSERT INTO contacts (CM_Id,CM_Type,CM_PrefTemplateRefId,CM_UIDString,CM_Last_modified,CM_ContactCreationDate,CM_Attributes,CM_ReplicationCount,CM_Header,CM_TextBlob,CM_SearchableText) VALUES (
988,
268440329,
0,
'00e0db49794a25e8',
#07/06/2006#,
#07/06/2006#,
4,
0,
'0400000010140044000000000000000000200040002e4000102e4000101400c40000000000000000001000c0002e4000102e4000101402800100000000000000001402800300000000000000001402400400000000000000001402c0040000000000000000140200050000000000000000140240050000000000000000',

'00000000',

'        1 2 5 7 5 8 0 5 7 5 2 6 1 3 2   1 8 7   R ^ d U Q ] _ e - l ^ R K b S o ] k F ` O e F ^ ` ] p L _ x f Z   D P x l Q y Y j Z X P h x ] S - A p A O c g _ u L x r s H j Y R   A 7 G b C w 6 8 X @ G n o U ] Z   G o H _ n x g R h U ] I C L ^ H Y y m Q - R o L w n t r L q ] Q   '
);

INSERT INTO identitytable (Parent_CMID,CM_FirstName,CM_LastName,CM_CompanyName,CM_Type,CM_Attributes,CM_HintField,CM_ExtHintField,CM_FirstNmPrn,CM_LastNmPrn,CM_CompanyNmPrn) VALUES (
988,
'Kauh',
'Mollel',
NULL,
268440329,
4,
85,
0,
NULL,
NULL,
NULL
);

INSERT INTO emailtable (EMail_FieldID,EmailParent_CMID,EMailAddress) VALUES (
187,
988,
'Kauh_Mollel@Kaibanhaha.co.uk'
);

INSERT INTO phone (CM_Id,CM_PhoneMatching,CM_ExtendedPhoneMatching) VALUES (
988,
2316257,
50857521
);

INSERT INTO contacts (CM_Id,CM_Type,CM_PrefTemplateRefId,CM_UIDString,CM_Last_modified,CM_ContactCreationDate,CM_Attributes,CM_ReplicationCount,CM_Header,CM_TextBlob,CM_SearchableText) VALUES (
989,
268440329,
0,
'00e0db49794a4cf8',
#07/06/2006#,
#07/06/2006#,
4,
0,
'0400000010140044000000000000000000200040002e4000102e4000101400c40000000000000000001000c0002e4000102e4000101402800100000000000000001402800300000000000000001402400400000000000000001402c0040000000000000000140200050000000000000000140240050000000000000000',

'00000000',

'        2 8 6 1 6 3 0 5 5 6 7 5 5 5 0   1 8 8   Q ] l r A g N O l u ^ O - R h ` b s [ R y C j N ^ T m g V a n [   P u o b R l b M h k F R g e r Z - x p r K [ K R i N _ n y Q v G   2 v c _ Q - K - ] 8 4 c D ; ] q   ] j R Q J P u [ F P T s d Y r P ^ a P ` c o x v P O W q G T d r   '
);

INSERT INTO identitytable (Parent_CMID,CM_FirstName,CM_LastName,CM_CompanyName,CM_Type,CM_Attributes,CM_HintField,CM_ExtHintField,CM_FirstNmPrn,CM_LastNmPrn,CM_CompanyNmPrn) VALUES (
989,
'Jin',
'Bundfinss',
NULL,
268440329,
4,
85,
0,
NULL,
NULL,
NULL
);

INSERT INTO emailtable (EMail_FieldID,EmailParent_CMID,EMailAddress) VALUES (
188,
989,
'Jin_Bundfinss@May.co.uk'
);

INSERT INTO phone (CM_Id,CM_PhoneMatching,CM_ExtendedPhoneMatching) VALUES (
989,
555765,
50361682
);

INSERT INTO contacts (CM_Id,CM_Type,CM_PrefTemplateRefId,CM_UIDString,CM_Last_modified,CM_ContactCreationDate,CM_Attributes,CM_ReplicationCount,CM_Header,CM_TextBlob,CM_SearchableText) VALUES (
990,
268440329,
0,
'00e0db49794a8790',
#07/06/2006#,
#07/06/2006#,
4,
0,
'0400000010140044000000000000000000200040002e4000102e4000101400c40000000000000000001000c0002e4000102e4000101402800100000000000000001402800300000000000000001402400400000000000000001402c0040000000000000000140200050000000000000000140240050000000000000000',

'00000000',

'        6 1 3 8 4 8 0 8 0 8 5 8 5 2 0   1 8 9   Z v n K i T b P j T J D Z J G c O y K y P B D F S M q i x g C a   r S J c n [ x o n S b j Z v b F O C q n j u l D d F e Q d i [ r   O ; W ^ = g K 8 S I 1 R S Z < 9   [ V [ k f v k N b c s u R O E H A B ^ Z _ A h D a r i q Q m V y   '
);

INSERT INTO identitytable (Parent_CMID,CM_FirstName,CM_LastName,CM_CompanyName,CM_Type,CM_Attributes,CM_HintField,CM_ExtHintField,CM_FirstNmPrn,CM_LastNmPrn,CM_CompanyNmPrn) VALUES (
990,
'Timicttine',
'Hongarkodel',
NULL,
268440329,
4,
85,
0,
NULL,
NULL,
NULL
);

INSERT INTO emailtable (EMail_FieldID,EmailParent_CMID,EMailAddress) VALUES (
189,
990,
'Timicttine_Hongarkodel@Grdivac.co.uk'
);

INSERT INTO phone (CM_Id,CM_PhoneMatching,CM_ExtendedPhoneMatching) VALUES (
990,
258580,
80848316
);

INSERT INTO contacts (CM_Id,CM_Type,CM_PrefTemplateRefId,CM_UIDString,CM_Last_modified,CM_ContactCreationDate,CM_Attributes,CM_ReplicationCount,CM_Header,CM_TextBlob,CM_SearchableText) VALUES (
991,
268440329,
0,
'00e0db49794aaea0',
#07/06/2006#,
#07/06/2006#,
4,
0,
'0400000010140044000000000000000000200040002e4000102e4000101400c40000000000000000001000c0002e4000102e4000101402800100000000000000001402800300000000000000001402400400000000000000001402c0040000000000000000140200050000000000000000140240050000000000000000',

'00000000',

'        3 6 6 4 3 8 6 8 7 7 8 7 6 8 2   1 9 0   M _ D f X D D G y P Q m l o D j R X m w x S A n i ` p x F Z d i   u Q Z ] g c f [ x C Q Y ` m T r j y R o [ P x A a m I b x t O T   @ l ? 4 C < s : i > L D I J q V   P Q C U k p b S r ^ D - U M _ O ` H l B Y F P m Y f Q t _ h e j   '
);

INSERT INTO identitytable (Parent_CMID,CM_FirstName,CM_LastName,CM_CompanyName,CM_Type,CM_Attributes,CM_HintField,CM_ExtHintField,CM_FirstNmPrn,CM_LastNmPrn,CM_CompanyNmPrn) VALUES (
991,
'I',
'SliteneryarkmaksacEk',
NULL,
268440329,
4,
85,
0,
NULL,
NULL,
NULL
);

INSERT INTO emailtable (EMail_FieldID,EmailParent_CMID,EMailAddress) VALUES (
190,
991,
'I_SliteneryarkmaksacEk@Janeraul.co.uk'
);

INSERT INTO phone (CM_Id,CM_PhoneMatching,CM_ExtendedPhoneMatching) VALUES (
991,
2867877,
86834663
);

INSERT INTO contacts (CM_Id,CM_Type,CM_PrefTemplateRefId,CM_UIDString,CM_Last_modified,CM_ContactCreationDate,CM_Attributes,CM_ReplicationCount,CM_Header,CM_TextBlob,CM_SearchableText) VALUES (
992,
268440329,
0,
'00e0db49794ae938',
#07/06/2006#,
#07/06/2006#,
4,
0,
'0400000010140044000000000000000000200040002e4000102e4000101400c40000000000000000001000c0002e4000102e4000101402800100000000000000001402800300000000000000001402400400000000000000001402c0040000000000000000140200050000000000000000140240050000000000000000',

'00000000',

'        0 2 5 6 6 5 3 8 8 0 0 1 8 1 5   1 9 1   v x G Z B h d J c K o l u K E k V x E k l d j D [ w u D m s M M   p i ] l Y W K Q i r T d _ P e s b j h O L u O c V O V x X O v F   Y u m = U : 3 A k n J 9 = E @ e   g Y R n J j m S V ^ R B T S l E q p p o X C e D b r H V L I Z V   '
);

INSERT INTO identitytable (Parent_CMID,CM_FirstName,CM_LastName,CM_CompanyName,CM_Type,CM_Attributes,CM_HintField,CM_ExtHintField,CM_FirstNmPrn,CM_LastNmPrn,CM_CompanyNmPrn) VALUES (
992,
'Riametedy',
'Sianikmateodokesoonsk',
NULL,
268440329,
4,
85,
0,
NULL,
NULL,
NULL
);

INSERT INTO emailtable (EMail_FieldID,EmailParent_CMID,EMailAddress) VALUES (
191,
992,
'Riametedy_Sianikmateodokesoonsk@I.co.uk'
);

INSERT INTO phone (CM_Id,CM_PhoneMatching,CM_ExtendedPhoneMatching) VALUES (
992,
5181008,
83566520
);

INSERT INTO contacts (CM_Id,CM_Type,CM_PrefTemplateRefId,CM_UIDString,CM_Last_modified,CM_ContactCreationDate,CM_Attributes,CM_ReplicationCount,CM_Header,CM_TextBlob,CM_SearchableText) VALUES (
993,
268440329,
0,
'00e0db49794b1048',
#07/06/2006#,
#07/06/2006#,
4,
0,
'0400000010140044000000000000000000200040002e4000102e4000101400c40000000000000000001000c0002e4000102e4000101402800100000000000000001402800300000000000000001402400400000000000000001402c0040000000000000000140200050000000000000000140240050000000000000000',

'00000000',

'        6 5 6 3 6 7 8 0 5 3 8 7 7 5 6   1 9 2   i s F B u t H B X h u C P x u Z U t i L Y E j G e C l q N F - c   t v f L C a e - ] m e f L Y U _ G l K L c B a i p W [ R A ` y G   @ ^ a I k q I 0 j r Q T g C h w   W O C V T n j f - e k N [ j ] - N F K E q n W A w d o s [ l Z j   '
);

INSERT INTO identitytable (Parent_CMID,CM_FirstName,CM_LastName,CM_CompanyName,CM_Type,CM_Attributes,CM_HintField,CM_ExtHintField,CM_FirstNmPrn,CM_LastNmPrn,CM_CompanyNmPrn) VALUES (
993,
'Liain',
'Haleneare',
NULL,
268440329,
4,
85,
0,
NULL,
NULL,
NULL
);

INSERT INTO emailtable (EMail_FieldID,EmailParent_CMID,EMailAddress) VALUES (
192,
993,
'Liain_Haleneare@Kahans.co.uk'
);

INSERT INTO phone (CM_Id,CM_PhoneMatching,CM_ExtendedPhoneMatching) VALUES (
993,
6577835,
8763656
);

INSERT INTO contacts (CM_Id,CM_Type,CM_PrefTemplateRefId,CM_UIDString,CM_Last_modified,CM_ContactCreationDate,CM_Attributes,CM_ReplicationCount,CM_Header,CM_TextBlob,CM_SearchableText) VALUES (
994,
268440329,
0,
'00e0db49794b3758',
#07/06/2006#,
#07/06/2006#,
4,
0,
'0400000010140044000000000000000000200040002e4000102e4000101400c40000000000000000001000c0002e4000102e4000101402800100000000000000001402800300000000000000001402400400000000000000001402c0040000000000000000140200050000000000000000140240050000000000000000',

'00000000',

'        3 5 7 3 2 7 6 4 0 0 6 2 4 3 6   1 9 3   h P d ] r I b r V U F Q Q n h O Z G ] E e a k Y g N p T e L g ^   F c n A ] K n h j Y R S e t y h M i R J d t c J R O i p G d - t   M 0 2 R E s N I - : 8 i ; 9 D A   K r l U P R E n [ b i I q G G e E s M T _ m f k d U - V E - F x   '
);

INSERT INTO identitytable (Parent_CMID,CM_FirstName,CM_LastName,CM_CompanyName,CM_Type,CM_Attributes,CM_HintField,CM_ExtHintField,CM_FirstNmPrn,CM_LastNmPrn,CM_CompanyNmPrn) VALUES (
994,
'Josican',
'Bop',
NULL,
268440329,
4,
85,
0,
NULL,
NULL,
NULL
);

INSERT INTO emailtable (EMail_FieldID,EmailParent_CMID,EMailAddress) VALUES (
193,
994,
'Josican_Bop@Macharg.co.uk'
);

INSERT INTO phone (CM_Id,CM_PhoneMatching,CM_ExtendedPhoneMatching) VALUES (
994,
6342600,
46723753
);

INSERT INTO contacts (CM_Id,CM_Type,CM_PrefTemplateRefId,CM_UIDString,CM_Last_modified,CM_ContactCreationDate,CM_Attributes,CM_ReplicationCount,CM_Header,CM_TextBlob,CM_SearchableText) VALUES (
995,
268440329,
0,
'00e0db49794b71f0',
#07/06/2006#,
#07/06/2006#,
4,
0,
'0400000010140044000000000000000000200040002e4000102e4000101400c40000000000000000001000c0002e4000102e4000101402800100000000000000001402800300000000000000001402400400000000000000001402c0040000000000000000140200050000000000000000140240050000000000000000',

'00000000',

'        7 8 1 4 0 1 8 4 0 4 0 7 2 1 3   1 9 4   ^ f m ^ H y _ h b V n X p d S c r e C A Q f q J T ^ r t x h o j   c F s E T j H L ^ ^ T x Y s i _ U s o q g B U ] s T v - I K - O   q ] l M X T x w R g h 1 7 ; = f   l K G Q w B O F j - c s v R O V Q J n f n R U R t h u G W S O n   '
);

INSERT INTO identitytable (Parent_CMID,CM_FirstName,CM_LastName,CM_CompanyName,CM_Type,CM_Attributes,CM_HintField,CM_ExtHintField,CM_FirstNmPrn,CM_LastNmPrn,CM_CompanyNmPrn) VALUES (
995,
'Ganthavin',
'Wha',
NULL,
268440329,
4,
85,
0,
NULL,
NULL,
NULL
);

INSERT INTO emailtable (EMail_FieldID,EmailParent_CMID,EMailAddress) VALUES (
194,
995,
'Ganthavin_Wha@Shiesodei.co.uk'
);

INSERT INTO phone (CM_Id,CM_PhoneMatching,CM_ExtendedPhoneMatching) VALUES (
995,
3127040,
48104187
);

INSERT INTO contacts (CM_Id,CM_Type,CM_PrefTemplateRefId,CM_UIDString,CM_Last_modified,CM_ContactCreationDate,CM_Attributes,CM_ReplicationCount,CM_Header,CM_TextBlob,CM_SearchableText) VALUES (
996,
268440329,
0,
'00e0db49794b9900',
#07/06/2006#,
#07/06/2006#,
4,
0,
'0400000010140044000000000000000000200040002e4000102e4000101400c40000000000000000001000c0002e4000102e4000101402800100000000000000001402800300000000000000001402400400000000000000001402c0040000000000000000140200050000000000000000140240050000000000000000',

'00000000',

'        7 6 1 5 0 2 6 2 3 5 0 2 4 4 2   1 9 5   x Z h - ^ b I o ^ [ M o V S e b v d E X u T H V P I s M u O t I   U _ f T Z e B ` W A B Q v e C A S I A l ` g d K f R U S u V T a   j 0 U ? ] @ a G T @ h 3 O Z o g   k E S i W j Q Q L I J Y Z h A [ D q o Z a s y O j n A w S C M J   '
);

INSERT INTO identitytable (Parent_CMID,CM_FirstName,CM_LastName,CM_CompanyName,CM_Type,CM_Attributes,CM_HintField,CM_ExtHintField,CM_FirstNmPrn,CM_LastNmPrn,CM_CompanyNmPrn) VALUES (
996,
'Julf',
'Ark',
NULL,
268440329,
4,
85,
0,
NULL,
NULL,
NULL
);

INSERT INTO emailtable (EMail_FieldID,EmailParent_CMID,EMailAddress) VALUES (
195,
996,
'Julf_Ark@G.co.uk'
);

INSERT INTO phone (CM_Id,CM_PhoneMatching,CM_ExtendedPhoneMatching) VALUES (
996,
2442053,
26205167
);

INSERT INTO contacts (CM_Id,CM_Type,CM_PrefTemplateRefId,CM_UIDString,CM_Last_modified,CM_ContactCreationDate,CM_Attributes,CM_ReplicationCount,CM_Header,CM_TextBlob,CM_SearchableText) VALUES (
997,
268440329,
0,
'00e0db49794c3540',
#07/06/2006#,
#07/06/2006#,
4,
0,
'0400000010140044000000000000000000200040002e4000102e4000101400c40000000000000000001000c0002e4000102e4000101402800100000000000000001402800300000000000000001402400400000000000000001402c0040000000000000000140200050000000000000000140240050000000000000000',

'00000000',

'        0 0 1 8 8 6 3 2 1 4 8 0 2 5 3   1 9 6   M Q I C T J R _ D B I s q N N ^ A q G d k n w w r I ^ I I N C P   S Z N Z g [ n Q c D q x S M ^ k k p N - R R _ r M H j l n X a V   K @ d 8 7 h 8 J k 4 E k G @ - 7   X A o q w l g _ x ^ s l m M [ F r B x g R E F D ^ w ` a e L x w   '
);

INSERT INTO identitytable (Parent_CMID,CM_FirstName,CM_LastName,CM_CompanyName,CM_Type,CM_Attributes,CM_HintField,CM_ExtHintField,CM_FirstNmPrn,CM_LastNmPrn,CM_CompanyNmPrn) VALUES (
997,
'Jikodhrili',
'FrdensstUs',
NULL,
268440329,
4,
85,
0,
NULL,
NULL,
NULL
);

INSERT INTO emailtable (EMail_FieldID,EmailParent_CMID,EMailAddress) VALUES (
196,
997,
'Jikodhrili_FrdensstUs@Sisonstr.co.uk'
);

INSERT INTO phone (CM_Id,CM_PhoneMatching,CM_ExtendedPhoneMatching) VALUES (
997,
3520841,
23688100
);

INSERT INTO contacts (CM_Id,CM_Type,CM_PrefTemplateRefId,CM_UIDString,CM_Last_modified,CM_ContactCreationDate,CM_Attributes,CM_ReplicationCount,CM_Header,CM_TextBlob,CM_SearchableText) VALUES (
998,
268440329,
0,
'00e0db49794c6fd8',
#07/06/2006#,
#07/06/2006#,
4,
0,
'0400000010140044000000000000000000200040002e4000102e4000101400c40000000000000000001000c0002e4000102e4000101402800100000000000000001402800300000000000000001402400400000000000000001402c0040000000000000000140200050000000000000000140240050000000000000000',

'00000000',

'        7 3 6 5 6 4 4 6 7 7 7 5 0 1 0   1 9 7   L y M - I ^ G L M W P E s m L g I r r D W A i Q v l k m d k U o   P h d M g d J w F W [ ^ ` a _ d u v n S K k m R ^ b x B c G - V   g T ? : C a 2 9 A U 1 L ] C : w   y k h N u I J h J Y ^ a H v k w b ] J i b w W B b j t Q P l n A   '
);

INSERT INTO identitytable (Parent_CMID,CM_FirstName,CM_LastName,CM_CompanyName,CM_Type,CM_Attributes,CM_HintField,CM_ExtHintField,CM_FirstNmPrn,CM_LastNmPrn,CM_CompanyNmPrn) VALUES (
998,
'Gef',
'Lers',
NULL,
268440329,
4,
85,
0,
NULL,
NULL,
NULL
);

INSERT INTO emailtable (EMail_FieldID,EmailParent_CMID,EMailAddress) VALUES (
197,
998,
'Gef_Lers@Hurdhong.co.uk'
);

INSERT INTO phone (CM_Id,CM_PhoneMatching,CM_ExtendedPhoneMatching) VALUES (
998,
105777,
64465637
);

INSERT INTO contacts (CM_Id,CM_Type,CM_PrefTemplateRefId,CM_UIDString,CM_Last_modified,CM_ContactCreationDate,CM_Attributes,CM_ReplicationCount,CM_Header,CM_TextBlob,CM_SearchableText) VALUES (
999,
268440329,
0,
'00e0db49794c96e8',
#07/06/2006#,
#07/06/2006#,
4,
0,
'0400000010140044000000000000000000200040002e4000102e4000101400c40000000000000000001000c0002e4000102e4000101402800100000000000000001402800300000000000000001402400400000000000000001402c0040000000000000000140200050000000000000000140240050000000000000000',

'00000000',

'        6 2 4 3 4 3 3 0 8 8 4 8 3 1 6   1 9 8   p u N E S d M A Z i i _ X x y B A t V H y C p B u L _ ] B Q B N   u D K h F E O y j x D i ` v g v F e - ] L O s - m X Z W R L F k   I a o p j ^ 2 i c 6 ; ; B C ` 3   o d M E F H J K h J f q A b B C H ^ V ` ` b X Q M V r ` I B J I   '
);

INSERT INTO identitytable (Parent_CMID,CM_FirstName,CM_LastName,CM_CompanyName,CM_Type,CM_Attributes,CM_HintField,CM_ExtHintField,CM_FirstNmPrn,CM_LastNmPrn,CM_CompanyNmPrn) VALUES (
999,
'Cel',
'Duilchr',
NULL,
268440329,
4,
85,
0,
NULL,
NULL,
NULL
);

INSERT INTO emailtable (EMail_FieldID,EmailParent_CMID,EMailAddress) VALUES (
198,
999,
'Cel_Duilchr@Mersewep.co.uk'
);

INSERT INTO phone (CM_Id,CM_PhoneMatching,CM_ExtendedPhoneMatching) VALUES (
999,
6138488,
3343426
);

INSERT INTO contacts (CM_Id,CM_Type,CM_PrefTemplateRefId,CM_UIDString,CM_Last_modified,CM_ContactCreationDate,CM_Attributes,CM_ReplicationCount,CM_Header,CM_TextBlob,CM_SearchableText) VALUES (
1000,
268440329,
0,
'00e0db49794cbdf8',
#07/06/2006#,
#07/06/2006#,
4,
0,
'0400000010140044000000000000000000200040002e4000102e4000101400c40000000000000000001000c0002e4000102e4000101402800100000000000000001402800300000000000000001402400400000000000000001402c0040000000000000000140200050000000000000000140240050000000000000000',

'00000000',

'        0 0 6 4 8 2 3 3 5 3 7 7 6 0 0   1 9 9   e F R s W b u V q T e ^ N Z H d a x N W a q W l c P D Q b - U Y   K Q r Q q K u J d I a m t n K O c x s p U U ^ j j F T I x D c P   O O d q w n R l O N - a Q I e 6   [ X O W S ] _ m Y - j Z H X ] D J U Q n A b V N Y n S x Y M L m   '
);

INSERT INTO identitytable (Parent_CMID,CM_FirstName,CM_LastName,CM_CompanyName,CM_Type,CM_Attributes,CM_HintField,CM_ExtHintField,CM_FirstNmPrn,CM_LastNmPrn,CM_CompanyNmPrn) VALUES (
1000,
'Evimiat',
'JondepssooncClille',
NULL,
268440329,
4,
85,
0,
NULL,
NULL,
NULL
);

INSERT INTO emailtable (EMail_FieldID,EmailParent_CMID,EMailAddress) VALUES (
199,
1000,
'Evimiat_JondepssooncClille@Strminiladkitennernsot.co.uk'
);

INSERT INTO phone (CM_Id,CM_PhoneMatching,CM_ExtendedPhoneMatching) VALUES (
1000,
67735,
33284600
);



